perturbation,feature,coefficient
AFF1,(Intercept),0.168537733064815
AFF1,V1,0
AFF1,V2,0
AFF1,V3,0
AFF1,V4,-0.2187506240221
AFF1,V5,-0.324113497379711
AFF1,V6,0
AFF1,V7,-0.144979607573341
AFF1,V8,-0.169066186271547
AFF1,V9,0
AFF1,V10,-0.402488729734809
AFF1,V11,0
AFF1,V12,0
AFF1,V13,-0.374704700714659
AFF1,V14,-0.00315755061472082
AFF1,V15,0.167394289963328
AFF1,V16,0
AFF1,V17,0.00559952290651042
AFF1,V18,-0.101464466144916
AFF1,V19,0
AFF1,V20,0.427413451925279
AFF1,V21,0.278404137134085
AFF1,V22,0
AFF1,V23,0.268870451192122
AFF1,V24,0
AFF1,V25,0.570416272059863
AFF1,V26,-0.390856329164965
AFF1,V27,0
AFF1,V28,0.0425015088742048
AFF1,V29,0.287235705149157
AFF1,V30,0
AFF1,V31,0
AFF1,V32,-0.435956019361476
ALX1,(Intercept),-0.0187512175583857
ALX1,V1,0
ALX1,V2,0
ALX1,V3,0
ALX1,V4,0
ALX1,V5,0
ALX1,V6,0
ALX1,V7,0
ALX1,V8,0
ALX1,V9,0
ALX1,V10,0
ALX1,V11,0
ALX1,V12,0
ALX1,V13,0
ALX1,V14,0
ALX1,V15,0
ALX1,V16,0
ALX1,V17,0
ALX1,V18,0.124034938929058
ALX1,V19,0
ALX1,V20,0
ALX1,V21,0
ALX1,V22,0
ALX1,V23,0
ALX1,V24,0
ALX1,V25,0
ALX1,V26,0
ALX1,V27,0
ALX1,V28,0
ALX1,V29,0
ALX1,V30,0
ALX1,V31,0
ALX1,V32,0.0900750052326462
ALX4,(Intercept),-0.00417460240140373
ALX4,V1,0
ALX4,V2,0
ALX4,V3,0
ALX4,V4,0
ALX4,V5,0
ALX4,V6,0
ALX4,V7,0
ALX4,V8,0
ALX4,V9,0
ALX4,V10,0
ALX4,V11,0
ALX4,V12,0.0850912146498766
ALX4,V13,0
ALX4,V14,0
ALX4,V15,0
ALX4,V16,0
ALX4,V17,0
ALX4,V18,0
ALX4,V19,0
ALX4,V20,0
ALX4,V21,0
ALX4,V22,0
ALX4,V23,0
ALX4,V24,0.0354453862535423
ALX4,V25,0
ALX4,V26,0
ALX4,V27,0
ALX4,V28,0
ALX4,V29,0
ALX4,V30,0
ALX4,V31,0
ALX4,V32,0
ARID1A,(Intercept),5.20417042793042e-18
ARID1A,V1,0
ARID1A,V2,0
ARID1A,V3,0
ARID1A,V4,0
ARID1A,V5,0
ARID1A,V6,0
ARID1A,V7,0
ARID1A,V8,0
ARID1A,V9,0
ARID1A,V10,0
ARID1A,V11,0
ARID1A,V12,0
ARID1A,V13,0
ARID1A,V14,0
ARID1A,V15,0
ARID1A,V16,0
ARID1A,V17,0
ARID1A,V18,0
ARID1A,V19,0
ARID1A,V20,0
ARID1A,V21,0
ARID1A,V22,0
ARID1A,V23,0
ARID1A,V24,0
ARID1A,V25,0
ARID1A,V26,0
ARID1A,V27,0
ARID1A,V28,0
ARID1A,V29,0
ARID1A,V30,0
ARID1A,V31,0
ARID1A,V32,0
ARID3A,(Intercept),0.0391249855354847
ARID3A,V1,0
ARID3A,V2,0
ARID3A,V3,0.0997016645667565
ARID3A,V4,0
ARID3A,V5,0
ARID3A,V6,0
ARID3A,V7,0
ARID3A,V8,0
ARID3A,V9,0
ARID3A,V10,0
ARID3A,V11,0.0884970729519003
ARID3A,V12,0
ARID3A,V13,0
ARID3A,V14,0
ARID3A,V15,0
ARID3A,V16,-0.423925252257878
ARID3A,V17,0
ARID3A,V18,0
ARID3A,V19,-0.0959208440544001
ARID3A,V20,0
ARID3A,V21,0
ARID3A,V22,0
ARID3A,V23,0
ARID3A,V24,0
ARID3A,V25,0.103757449120411
ARID3A,V26,0
ARID3A,V27,0
ARID3A,V28,0
ARID3A,V29,0
ARID3A,V30,0.0447646813125629
ARID3A,V31,0
ARID3A,V32,0
ARNTL,(Intercept),0.0312680022315175
ARNTL,V1,0
ARNTL,V2,0
ARNTL,V3,0
ARNTL,V4,0
ARNTL,V5,0
ARNTL,V6,0
ARNTL,V7,0
ARNTL,V8,0
ARNTL,V9,0
ARNTL,V10,0
ARNTL,V11,0
ARNTL,V12,0
ARNTL,V13,0
ARNTL,V14,0
ARNTL,V15,0
ARNTL,V16,-0.179997938027268
ARNTL,V17,0.252490418038019
ARNTL,V18,0
ARNTL,V19,-0.245706319264089
ARNTL,V20,0
ARNTL,V21,0
ARNTL,V22,0
ARNTL,V23,0
ARNTL,V24,0
ARNTL,V25,0
ARNTL,V26,0
ARNTL,V27,0
ARNTL,V28,0
ARNTL,V29,-0.177056282382114
ARNTL,V30,0
ARNTL,V31,0
ARNTL,V32,0
ATF3,(Intercept),-0.158056872501392
ATF3,V1,0
ATF3,V2,0.116766661492724
ATF3,V3,-0.388813525843345
ATF3,V4,-0.174805402035963
ATF3,V5,0
ATF3,V6,0
ATF3,V7,0.100577827241648
ATF3,V8,-0.544299026777526
ATF3,V9,-0.187145073009421
ATF3,V10,0
ATF3,V11,0.299514415293721
ATF3,V12,0.283157362287726
ATF3,V13,0.736462845012362
ATF3,V14,0.121316799347913
ATF3,V15,-0.0421588223614633
ATF3,V16,0.0830755226335709
ATF3,V17,0
ATF3,V18,0.50727596035012
ATF3,V19,0
ATF3,V20,-0.536280387460735
ATF3,V21,0.27972672976026
ATF3,V22,0
ATF3,V23,0
ATF3,V24,-0.253686674588596
ATF3,V25,-0.306668117746615
ATF3,V26,0.124546089819853
ATF3,V27,0
ATF3,V28,0.190298598388225
ATF3,V29,-0.261824202144318
ATF3,V30,0
ATF3,V31,0
ATF3,V32,0.0102709709298851
BARX1,(Intercept),-6.74373751285984e-17
BARX1,V1,0
BARX1,V2,0
BARX1,V3,0
BARX1,V4,0
BARX1,V5,0
BARX1,V6,0
BARX1,V7,0
BARX1,V8,0
BARX1,V9,0
BARX1,V10,0
BARX1,V11,0
BARX1,V12,0
BARX1,V13,0
BARX1,V14,0
BARX1,V15,0
BARX1,V16,0
BARX1,V17,0
BARX1,V18,0
BARX1,V19,0
BARX1,V20,0
BARX1,V21,0
BARX1,V22,0
BARX1,V23,0
BARX1,V24,0
BARX1,V25,0
BARX1,V26,0
BARX1,V27,0
BARX1,V28,0
BARX1,V29,0
BARX1,V30,0
BARX1,V31,0
BARX1,V32,0
BBX,(Intercept),0.0189402301892536
BBX,V1,0
BBX,V2,0
BBX,V3,0
BBX,V4,0
BBX,V5,0
BBX,V6,0
BBX,V7,0
BBX,V8,0
BBX,V9,0
BBX,V10,0
BBX,V11,0
BBX,V12,0
BBX,V13,0
BBX,V14,-0.110336850233622
BBX,V15,0
BBX,V16,0
BBX,V17,0
BBX,V18,-0.0886296757560915
BBX,V19,0
BBX,V20,0
BBX,V21,0
BBX,V22,0
BBX,V23,0
BBX,V24,0
BBX,V25,0
BBX,V26,0
BBX,V27,0
BBX,V28,0
BBX,V29,0
BBX,V30,0
BBX,V31,0
BBX,V32,0
BCL11A,(Intercept),0.087530444634549
BCL11A,V1,0
BCL11A,V2,0
BCL11A,V3,0
BCL11A,V4,0
BCL11A,V5,0
BCL11A,V6,0
BCL11A,V7,0.239767337757693
BCL11A,V8,0.266090727444002
BCL11A,V9,0
BCL11A,V10,0.394156351664144
BCL11A,V11,-0.131685473779642
BCL11A,V12,0.0756977937945255
BCL11A,V13,0
BCL11A,V14,0
BCL11A,V15,0
BCL11A,V16,-0.255525662356669
BCL11A,V17,0
BCL11A,V18,0
BCL11A,V19,0.165686903702648
BCL11A,V20,0.0815050614229558
BCL11A,V21,0.295167534743194
BCL11A,V22,1.99066125237443e-07
BCL11A,V23,0
BCL11A,V24,0
BCL11A,V25,0.0944658007302695
BCL11A,V26,0
BCL11A,V27,0
BCL11A,V28,0
BCL11A,V29,0.295896410732641
BCL11A,V30,0
BCL11A,V31,0
BCL11A,V32,0
BCL11B,(Intercept),0.0748526347655111
BCL11B,V1,0
BCL11B,V2,0
BCL11B,V3,0
BCL11B,V4,0
BCL11B,V5,-0.0824369394021209
BCL11B,V6,0
BCL11B,V7,0.155358129589232
BCL11B,V8,0.206008335870368
BCL11B,V9,0
BCL11B,V10,0
BCL11B,V11,0
BCL11B,V12,0
BCL11B,V13,0
BCL11B,V14,-0.163605493345371
BCL11B,V15,0
BCL11B,V16,-0.496292405024924
BCL11B,V17,0
BCL11B,V18,-0.169062065554203
BCL11B,V19,0
BCL11B,V20,0
BCL11B,V21,0
BCL11B,V22,-0.42400594024542
BCL11B,V23,0
BCL11B,V24,0
BCL11B,V25,0
BCL11B,V26,0
BCL11B,V27,0
BCL11B,V28,0
BCL11B,V29,0.311557324712913
BCL11B,V30,0
BCL11B,V31,0
BCL11B,V32,0
BHLHE40,(Intercept),-0.000637552041705784
BHLHE40,V1,0
BHLHE40,V2,0
BHLHE40,V3,0
BHLHE40,V4,0
BHLHE40,V5,0
BHLHE40,V6,0
BHLHE40,V7,0
BHLHE40,V8,0
BHLHE40,V9,0
BHLHE40,V10,0
BHLHE40,V11,0
BHLHE40,V12,0
BHLHE40,V13,0
BHLHE40,V14,0
BHLHE40,V15,0
BHLHE40,V16,0
BHLHE40,V17,0
BHLHE40,V18,0
BHLHE40,V19,0.178597748755715
BHLHE40,V20,0
BHLHE40,V21,0
BHLHE40,V22,0
BHLHE40,V23,0
BHLHE40,V24,0
BHLHE40,V25,0
BHLHE40,V26,0
BHLHE40,V27,-0.00871857591551359
BHLHE40,V28,0
BHLHE40,V29,0
BHLHE40,V30,0
BHLHE40,V31,0
BHLHE40,V32,0
BHLHE41,(Intercept),1.38777878078145e-17
BHLHE41,V1,0
BHLHE41,V2,0
BHLHE41,V3,0
BHLHE41,V4,0
BHLHE41,V5,0
BHLHE41,V6,0
BHLHE41,V7,0
BHLHE41,V8,0
BHLHE41,V9,0
BHLHE41,V10,0
BHLHE41,V11,0
BHLHE41,V12,0
BHLHE41,V13,0
BHLHE41,V14,0
BHLHE41,V15,0
BHLHE41,V16,0
BHLHE41,V17,0
BHLHE41,V18,0
BHLHE41,V19,0
BHLHE41,V20,0
BHLHE41,V21,0
BHLHE41,V22,0
BHLHE41,V23,0
BHLHE41,V24,0
BHLHE41,V25,0
BHLHE41,V26,0
BHLHE41,V27,0
BHLHE41,V28,0
BHLHE41,V29,0
BHLHE41,V30,0
BHLHE41,V31,0
BHLHE41,V32,0
BID,(Intercept),0.00609317446606396
BID,V1,0
BID,V2,0
BID,V3,0
BID,V4,0
BID,V5,0
BID,V6,0
BID,V7,0
BID,V8,0
BID,V9,0
BID,V10,0.0259860049250714
BID,V11,0
BID,V12,0
BID,V13,0
BID,V14,0
BID,V15,0
BID,V16,0
BID,V17,0
BID,V18,0
BID,V19,0
BID,V20,0
BID,V21,0
BID,V22,0
BID,V23,0
BID,V24,0
BID,V25,0
BID,V26,0
BID,V27,0
BID,V28,0.0904755780571343
BID,V29,0
BID,V30,0
BID,V31,0
BID,V32,0
BNC1,(Intercept),-3.03576608295941e-17
BNC1,V1,0
BNC1,V2,0
BNC1,V3,0
BNC1,V4,0
BNC1,V5,0
BNC1,V6,0
BNC1,V7,0
BNC1,V8,0
BNC1,V9,0
BNC1,V10,0
BNC1,V11,0
BNC1,V12,0
BNC1,V13,0
BNC1,V14,0
BNC1,V15,0
BNC1,V16,0
BNC1,V17,0
BNC1,V18,0
BNC1,V19,0
BNC1,V20,0
BNC1,V21,0
BNC1,V22,0
BNC1,V23,0
BNC1,V24,0
BNC1,V25,0
BNC1,V26,0
BNC1,V27,0
BNC1,V28,0
BNC1,V29,0
BNC1,V30,0
BNC1,V31,0
BNC1,V32,0
BNC2,(Intercept),0.0391524374533738
BNC2,V1,-0.0561455916768316
BNC2,V2,0.0244930085826694
BNC2,V3,0
BNC2,V4,0
BNC2,V5,-0.341485585769372
BNC2,V6,-0.141926743202517
BNC2,V7,0
BNC2,V8,0.370886163949506
BNC2,V9,-0.0561842400317804
BNC2,V10,0
BNC2,V11,0
BNC2,V12,0
BNC2,V13,0
BNC2,V14,0
BNC2,V15,0
BNC2,V16,0
BNC2,V17,-0.139717563703315
BNC2,V18,0
BNC2,V19,0
BNC2,V20,0
BNC2,V21,0
BNC2,V22,0
BNC2,V23,0
BNC2,V24,0
BNC2,V25,0
BNC2,V26,0
BNC2,V27,0.00896926044487234
BNC2,V28,0.0629468062008523
BNC2,V29,0
BNC2,V30,0
BNC2,V31,0
BNC2,V32,0
BPTF,(Intercept),0.0196808904909266
BPTF,V1,0
BPTF,V2,0
BPTF,V3,0
BPTF,V4,0
BPTF,V5,0
BPTF,V6,-0.0056561983384549
BPTF,V7,0
BPTF,V8,0.190683502687385
BPTF,V9,0
BPTF,V10,0
BPTF,V11,0
BPTF,V12,0
BPTF,V13,0
BPTF,V14,-0.10487328237678
BPTF,V15,0
BPTF,V16,0
BPTF,V17,0
BPTF,V18,0
BPTF,V19,0
BPTF,V20,0
BPTF,V21,0
BPTF,V22,0
BPTF,V23,0
BPTF,V24,0
BPTF,V25,0
BPTF,V26,0
BPTF,V27,0
BPTF,V28,0
BPTF,V29,0
BPTF,V30,0
BPTF,V31,0
BPTF,V32,0.153925862661839
BSX,(Intercept),0.0936987695454604
BSX,V1,-0.183824418895557
BSX,V2,0.13048630759597
BSX,V3,0
BSX,V4,0
BSX,V5,0
BSX,V6,0
BSX,V7,0.0287766905528395
BSX,V8,0.186400161414272
BSX,V9,0
BSX,V10,0
BSX,V11,0
BSX,V12,0
BSX,V13,-0.204029970840482
BSX,V14,0
BSX,V15,0
BSX,V16,-0.483012578632773
BSX,V17,0
BSX,V18,-0.936463326925918
BSX,V19,-0.381382620062731
BSX,V20,0
BSX,V21,0
BSX,V22,-0.101023907728344
BSX,V23,0
BSX,V24,0.472340271760442
BSX,V25,0
BSX,V26,0
BSX,V27,0
BSX,V28,0
BSX,V29,-0.200304115316819
BSX,V30,0
BSX,V31,0
BSX,V32,0
CARHSP1,(Intercept),-0.00543350128614116
CARHSP1,V1,0.350460471213788
CARHSP1,V2,0
CARHSP1,V3,0
CARHSP1,V4,0
CARHSP1,V5,0
CARHSP1,V6,0
CARHSP1,V7,0.0715959015910074
CARHSP1,V8,0
CARHSP1,V9,0
CARHSP1,V10,-0.0849368164975531
CARHSP1,V11,-0.263124317494354
CARHSP1,V12,0
CARHSP1,V13,-0.253841281092162
CARHSP1,V14,0
CARHSP1,V15,0
CARHSP1,V16,0
CARHSP1,V17,0
CARHSP1,V18,0
CARHSP1,V19,0
CARHSP1,V20,-0.0196660607697641
CARHSP1,V21,0.159211462249548
CARHSP1,V22,0
CARHSP1,V23,0.293528166660047
CARHSP1,V24,0
CARHSP1,V25,-0.00670426136241843
CARHSP1,V26,0
CARHSP1,V27,0
CARHSP1,V28,0
CARHSP1,V29,0
CARHSP1,V30,0
CARHSP1,V31,0.014442228018256
CARHSP1,V32,0.138275611955896
CASZ1,(Intercept),-2.86229373536173e-17
CASZ1,V1,0
CASZ1,V2,0
CASZ1,V3,0
CASZ1,V4,0
CASZ1,V5,0
CASZ1,V6,0
CASZ1,V7,0
CASZ1,V8,0
CASZ1,V9,0
CASZ1,V10,0
CASZ1,V11,0
CASZ1,V12,0
CASZ1,V13,0
CASZ1,V14,0
CASZ1,V15,0
CASZ1,V16,0
CASZ1,V17,0
CASZ1,V18,0
CASZ1,V19,0
CASZ1,V20,0
CASZ1,V21,0
CASZ1,V22,0
CASZ1,V23,0
CASZ1,V24,0
CASZ1,V25,0
CASZ1,V26,0
CASZ1,V27,0
CASZ1,V28,0
CASZ1,V29,0
CASZ1,V30,0
CASZ1,V31,0
CASZ1,V32,0
CDX2,(Intercept),0.0573233876532708
CDX2,V1,0
CDX2,V2,0
CDX2,V3,0
CDX2,V4,0
CDX2,V5,-0.0140745033355802
CDX2,V6,-0.333411388725629
CDX2,V7,0
CDX2,V8,0
CDX2,V9,0
CDX2,V10,0
CDX2,V11,0
CDX2,V12,0
CDX2,V13,-0.0022475074192107
CDX2,V14,0
CDX2,V15,0
CDX2,V16,0
CDX2,V17,0
CDX2,V18,0
CDX2,V19,0
CDX2,V20,0.554300757158707
CDX2,V21,0
CDX2,V22,0
CDX2,V23,0
CDX2,V24,0
CDX2,V25,0.0276287505035921
CDX2,V26,0
CDX2,V27,0
CDX2,V28,0
CDX2,V29,0
CDX2,V30,0
CDX2,V31,0.16255120513918
CDX2,V32,0
CEBPA,(Intercept),0.0902617762942407
CEBPA,V1,0
CEBPA,V2,-0.0211030601140974
CEBPA,V3,-0.00237867109065641
CEBPA,V4,0
CEBPA,V5,0
CEBPA,V6,0
CEBPA,V7,0
CEBPA,V8,0.426162744445059
CEBPA,V9,0
CEBPA,V10,-0.090089492429703
CEBPA,V11,-0.0880344438632247
CEBPA,V12,0
CEBPA,V13,0
CEBPA,V14,-0.177722964702776
CEBPA,V15,0.118034323522246
CEBPA,V16,-0.0445487388597396
CEBPA,V17,0
CEBPA,V18,-0.116345315101497
CEBPA,V19,-0.0400101048273918
CEBPA,V20,0
CEBPA,V21,0
CEBPA,V22,0
CEBPA,V23,0.312347395913563
CEBPA,V24,0
CEBPA,V25,0.100953774487108
CEBPA,V26,0
CEBPA,V27,0
CEBPA,V28,-0.00295871846818281
CEBPA,V29,0.185660648681686
CEBPA,V30,0
CEBPA,V31,0
CEBPA,V32,-0.0571304056754185
CEBPB,(Intercept),0.0597029175455163
CEBPB,V1,0
CEBPB,V2,0
CEBPB,V3,0
CEBPB,V4,0
CEBPB,V5,-0.0780153798343782
CEBPB,V6,0
CEBPB,V7,0
CEBPB,V8,0.39632578155232
CEBPB,V9,0
CEBPB,V10,0
CEBPB,V11,0
CEBPB,V12,0
CEBPB,V13,0
CEBPB,V14,-0.347011231596097
CEBPB,V15,0
CEBPB,V16,0
CEBPB,V17,0
CEBPB,V18,0
CEBPB,V19,-0.0820204351452994
CEBPB,V20,0
CEBPB,V21,0
CEBPB,V22,0
CEBPB,V23,0
CEBPB,V24,0.547832451887166
CEBPB,V25,0
CEBPB,V26,0
CEBPB,V27,0
CEBPB,V28,0
CEBPB,V29,0
CEBPB,V30,0
CEBPB,V31,0
CEBPB,V32,-0.447507714443956
CREBBP,(Intercept),-0.0132791839316259
CREBBP,V1,0
CREBBP,V2,0
CREBBP,V3,0
CREBBP,V4,0
CREBBP,V5,0
CREBBP,V6,0
CREBBP,V7,0
CREBBP,V8,0
CREBBP,V9,0
CREBBP,V10,0
CREBBP,V11,0
CREBBP,V12,0
CREBBP,V13,0
CREBBP,V14,0
CREBBP,V15,0
CREBBP,V16,0
CREBBP,V17,0
CREBBP,V18,0
CREBBP,V19,0
CREBBP,V20,0
CREBBP,V21,0
CREBBP,V22,0
CREBBP,V23,0
CREBBP,V24,0
CREBBP,V25,0
CREBBP,V26,0
CREBBP,V27,0
CREBBP,V28,0
CREBBP,V29,0
CREBBP,V30,-0.149227107881625
CREBBP,V31,0
CREBBP,V32,0
DLX2,(Intercept),0.0162864745396522
DLX2,V1,0
DLX2,V2,0
DLX2,V3,0
DLX2,V4,0
DLX2,V5,0
DLX2,V6,0
DLX2,V7,0
DLX2,V8,0.171431970178378
DLX2,V9,0
DLX2,V10,0
DLX2,V11,0
DLX2,V12,0
DLX2,V13,0
DLX2,V14,0
DLX2,V15,0
DLX2,V16,0
DLX2,V17,0
DLX2,V18,0
DLX2,V19,0
DLX2,V20,0
DLX2,V21,0
DLX2,V22,0
DLX2,V23,0
DLX2,V24,0
DLX2,V25,0
DLX2,V26,0
DLX2,V27,0
DLX2,V28,0
DLX2,V29,0
DLX2,V30,0
DLX2,V31,0
DLX2,V32,0
DLX3,(Intercept),-0.00883247914408069
DLX3,V1,0
DLX3,V2,0
DLX3,V3,0
DLX3,V4,0
DLX3,V5,-0.0185406006038664
DLX3,V6,0
DLX3,V7,0.0626043106439481
DLX3,V8,0
DLX3,V9,0
DLX3,V10,0
DLX3,V11,0
DLX3,V12,0
DLX3,V13,0
DLX3,V14,0
DLX3,V15,0
DLX3,V16,-0.425603327965535
DLX3,V17,0
DLX3,V18,0
DLX3,V19,-0.111716193640312
DLX3,V20,0.0646231059451559
DLX3,V21,0
DLX3,V22,0
DLX3,V23,0
DLX3,V24,0.463332958258639
DLX3,V25,0.103029907259664
DLX3,V26,0
DLX3,V27,0
DLX3,V28,-0.180604729119824
DLX3,V29,0
DLX3,V30,0
DLX3,V31,0
DLX3,V32,-0.11473013216278
DMRT1,(Intercept),3.46944695195361e-18
DMRT1,V1,0
DMRT1,V2,0
DMRT1,V3,0
DMRT1,V4,0
DMRT1,V5,0
DMRT1,V6,0
DMRT1,V7,0
DMRT1,V8,0
DMRT1,V9,0
DMRT1,V10,0
DMRT1,V11,0
DMRT1,V12,0
DMRT1,V13,0
DMRT1,V14,0
DMRT1,V15,0
DMRT1,V16,0
DMRT1,V17,0
DMRT1,V18,0
DMRT1,V19,0
DMRT1,V20,0
DMRT1,V21,0
DMRT1,V22,0
DMRT1,V23,0
DMRT1,V24,0
DMRT1,V25,0
DMRT1,V26,0
DMRT1,V27,0
DMRT1,V28,0
DMRT1,V29,0
DMRT1,V30,0
DMRT1,V31,0
DMRT1,V32,0
DNAJC1,(Intercept),-0.00903408586025823
DNAJC1,V1,0.0706603952048669
DNAJC1,V2,0
DNAJC1,V3,0
DNAJC1,V4,0
DNAJC1,V5,0
DNAJC1,V6,0
DNAJC1,V7,0
DNAJC1,V8,-0.0732777545592153
DNAJC1,V9,0
DNAJC1,V10,0
DNAJC1,V11,0
DNAJC1,V12,0.142193502374546
DNAJC1,V13,0
DNAJC1,V14,0
DNAJC1,V15,0
DNAJC1,V16,0
DNAJC1,V17,0
DNAJC1,V18,0
DNAJC1,V19,0
DNAJC1,V20,0
DNAJC1,V21,0
DNAJC1,V22,0
DNAJC1,V23,0
DNAJC1,V24,0
DNAJC1,V25,0
DNAJC1,V26,0
DNAJC1,V27,0
DNAJC1,V28,0
DNAJC1,V29,0
DNAJC1,V30,0
DNAJC1,V31,0
DNAJC1,V32,0
EBF2,(Intercept),0.0155287496355352
EBF2,V1,0
EBF2,V2,-0.217240106650194
EBF2,V3,0
EBF2,V4,0
EBF2,V5,0.15624083369097
EBF2,V6,0
EBF2,V7,0
EBF2,V8,0
EBF2,V9,0
EBF2,V10,0
EBF2,V11,0
EBF2,V12,0
EBF2,V13,0
EBF2,V14,0
EBF2,V15,-0.204862487152446
EBF2,V16,-0.440930072820056
EBF2,V17,0.118597342432267
EBF2,V18,0
EBF2,V19,0
EBF2,V20,0
EBF2,V21,0.0650815614429606
EBF2,V22,-0.0367478673492291
EBF2,V23,0
EBF2,V24,0
EBF2,V25,0
EBF2,V26,-0.0413752070730507
EBF2,V27,0
EBF2,V28,0
EBF2,V29,0
EBF2,V30,0
EBF2,V31,0
EBF2,V32,0
EBF3,(Intercept),-0.0410013294995693
EBF3,V1,0
EBF3,V2,-0.0797295208706673
EBF3,V3,0
EBF3,V4,0.198408771805226
EBF3,V5,0
EBF3,V6,0.0881954074927953
EBF3,V7,0
EBF3,V8,-0.0457139171732453
EBF3,V9,0
EBF3,V10,-0.691032011948433
EBF3,V11,0
EBF3,V12,0
EBF3,V13,0
EBF3,V14,0
EBF3,V15,0
EBF3,V16,0
EBF3,V17,0
EBF3,V18,0
EBF3,V19,0
EBF3,V20,0
EBF3,V21,0.238395330072483
EBF3,V22,0.252478523276206
EBF3,V23,0
EBF3,V24,0
EBF3,V25,0
EBF3,V26,0.123462746078793
EBF3,V27,0
EBF3,V28,-0.122225362531188
EBF3,V29,0.371263019585814
EBF3,V30,0
EBF3,V31,-0.161226022057277
EBF3,V32,0
EGR2,(Intercept),0.0213299511876246
EGR2,V1,0
EGR2,V2,0
EGR2,V3,0
EGR2,V4,0
EGR2,V5,0
EGR2,V6,0
EGR2,V7,0
EGR2,V8,0
EGR2,V9,0
EGR2,V10,0
EGR2,V11,0
EGR2,V12,0
EGR2,V13,0
EGR2,V14,-0.137177987922052
EGR2,V15,0
EGR2,V16,0
EGR2,V17,0
EGR2,V18,0
EGR2,V19,0
EGR2,V20,0
EGR2,V21,0
EGR2,V22,0
EGR2,V23,0
EGR2,V24,0
EGR2,V25,0
EGR2,V26,0
EGR2,V27,0
EGR2,V28,0
EGR2,V29,0
EGR2,V30,0
EGR2,V31,0.142086833343361
EGR2,V32,0
EGR3,(Intercept),0.12617399495064
EGR3,V1,0
EGR3,V2,0
EGR3,V3,0
EGR3,V4,0
EGR3,V5,0
EGR3,V6,0
EGR3,V7,0
EGR3,V8,0.497642783027171
EGR3,V9,0
EGR3,V10,0
EGR3,V11,0
EGR3,V12,0
EGR3,V13,-0.0583120565882814
EGR3,V14,-0.444033025794151
EGR3,V15,0
EGR3,V16,-0.0938922518919127
EGR3,V17,0
EGR3,V18,0
EGR3,V19,-0.0415670203485718
EGR3,V20,0
EGR3,V21,0
EGR3,V22,0
EGR3,V23,0
EGR3,V24,0
EGR3,V25,0
EGR3,V26,-0.0599989655433299
EGR3,V27,0
EGR3,V28,0
EGR3,V29,0
EGR3,V30,0.0827073007971856
EGR3,V31,0.452006926168094
EGR3,V32,0
ELF4,(Intercept),0.0428656141586977
ELF4,V1,0
ELF4,V2,0.0854614551132157
ELF4,V3,0.28726439544993
ELF4,V4,0
ELF4,V5,0
ELF4,V6,0
ELF4,V7,0
ELF4,V8,0.186180368565382
ELF4,V9,0
ELF4,V10,0.0247262534051702
ELF4,V11,0
ELF4,V12,0
ELF4,V13,0
ELF4,V14,0
ELF4,V15,0.0851557389905213
ELF4,V16,0
ELF4,V17,0
ELF4,V18,0
ELF4,V19,0
ELF4,V20,-0.114685453006317
ELF4,V21,0
ELF4,V22,-0.12165390862326
ELF4,V23,0
ELF4,V24,0
ELF4,V25,0
ELF4,V26,0
ELF4,V27,0
ELF4,V28,0
ELF4,V29,0
ELF4,V30,0
ELF4,V31,-0.529395853587512
ELF4,V32,-0.600243846439755
ELK3,(Intercept),0.041798747001916
ELK3,V1,0
ELK3,V2,0.258330812816734
ELK3,V3,0.0350446034392599
ELK3,V4,0
ELK3,V5,0
ELK3,V6,-0.0304436702793786
ELK3,V7,0
ELK3,V8,-0.0145123175828838
ELK3,V9,0
ELK3,V10,0.614487984495258
ELK3,V11,0.302606900113717
ELK3,V12,0.286728864188957
ELK3,V13,0.503140505535022
ELK3,V14,0.0327254178076438
ELK3,V15,0
ELK3,V16,0
ELK3,V17,0
ELK3,V18,0
ELK3,V19,0
ELK3,V20,0.043551216449077
ELK3,V21,0
ELK3,V22,0
ELK3,V23,0
ELK3,V24,0.0692077873940734
ELK3,V25,0
ELK3,V26,0
ELK3,V27,0
ELK3,V28,0.293673409941864
ELK3,V29,0.0335002491337318
ELK3,V30,0
ELK3,V31,-0.240179458718258
ELK3,V32,0
EOMES,(Intercept),1.73472347597681e-18
EOMES,V1,0
EOMES,V2,0
EOMES,V3,0
EOMES,V4,0
EOMES,V5,0
EOMES,V6,0
EOMES,V7,0
EOMES,V8,0
EOMES,V9,0
EOMES,V10,0
EOMES,V11,0
EOMES,V12,0
EOMES,V13,0
EOMES,V14,0
EOMES,V15,0
EOMES,V16,0
EOMES,V17,0
EOMES,V18,0
EOMES,V19,0
EOMES,V20,0
EOMES,V21,0
EOMES,V22,0
EOMES,V23,0
EOMES,V24,0
EOMES,V25,0
EOMES,V26,0
EOMES,V27,0
EOMES,V28,0
EOMES,V29,0
EOMES,V30,0
EOMES,V31,0
EOMES,V32,0
EP300,(Intercept),-0.0668315200489221
EP300,V1,0
EP300,V2,0
EP300,V3,0
EP300,V4,0
EP300,V5,0.215583602161572
EP300,V6,0
EP300,V7,0
EP300,V8,-0.167101544359224
EP300,V9,0
EP300,V10,-0.00375487024881903
EP300,V11,0
EP300,V12,0
EP300,V13,0
EP300,V14,0
EP300,V15,0
EP300,V16,0.336263420627313
EP300,V17,0
EP300,V18,0
EP300,V19,0
EP300,V20,0
EP300,V21,0
EP300,V22,0.462592083171918
EP300,V23,0
EP300,V24,0
EP300,V25,0
EP300,V26,0
EP300,V27,0
EP300,V28,0
EP300,V29,0
EP300,V30,-0.216267188472743
EP300,V31,0
EP300,V32,0.207260255592733
EPAS1,(Intercept),-0.15447838288617
EPAS1,V1,0
EPAS1,V2,0
EPAS1,V3,-0.304210703193426
EPAS1,V4,0
EPAS1,V5,0
EPAS1,V6,0.00501238751383379
EPAS1,V7,0
EPAS1,V8,0
EPAS1,V9,0
EPAS1,V10,-0.366597617915583
EPAS1,V11,0
EPAS1,V12,0
EPAS1,V13,-0.0188906741384184
EPAS1,V14,0.00264443748181738
EPAS1,V15,0
EPAS1,V16,0
EPAS1,V17,-0.393745645015379
EPAS1,V18,0.0709580893537862
EPAS1,V19,0
EPAS1,V20,0
EPAS1,V21,0
EPAS1,V22,0.127961010867261
EPAS1,V23,0
EPAS1,V24,0
EPAS1,V25,0
EPAS1,V26,0
EPAS1,V27,0
EPAS1,V28,-0.0298039659462907
EPAS1,V29,0
EPAS1,V30,-0.161275617617899
EPAS1,V31,0
EPAS1,V32,0.628902924184706
ESX1,(Intercept),-2.94902990916057e-17
ESX1,V1,0
ESX1,V2,0
ESX1,V3,0
ESX1,V4,0
ESX1,V5,0
ESX1,V6,0
ESX1,V7,0
ESX1,V8,0
ESX1,V9,0
ESX1,V10,0
ESX1,V11,0
ESX1,V12,0
ESX1,V13,0
ESX1,V14,0
ESX1,V15,0
ESX1,V16,0
ESX1,V17,0
ESX1,V18,0
ESX1,V19,0
ESX1,V20,0
ESX1,V21,0
ESX1,V22,0
ESX1,V23,0
ESX1,V24,0
ESX1,V25,0
ESX1,V26,0
ESX1,V27,0
ESX1,V28,0
ESX1,V29,0
ESX1,V30,0
ESX1,V31,0
ESX1,V32,0
ETS1,(Intercept),0.150718026211078
ETS1,V1,0
ETS1,V2,0.339617858133494
ETS1,V3,0
ETS1,V4,0
ETS1,V5,0
ETS1,V6,-0.120149635668056
ETS1,V7,0.190231452246405
ETS1,V8,0.237899776972652
ETS1,V9,0
ETS1,V10,0
ETS1,V11,0
ETS1,V12,0
ETS1,V13,-0.191541331012775
ETS1,V14,0
ETS1,V15,0.108095436880085
ETS1,V16,0
ETS1,V17,0
ETS1,V18,-0.560719801662225
ETS1,V19,-0.490670904602813
ETS1,V20,0.393443412314608
ETS1,V21,0
ETS1,V22,-0.139376556079444
ETS1,V23,0.00436361624050554
ETS1,V24,0
ETS1,V25,0.24998653509485
ETS1,V26,0
ETS1,V27,0
ETS1,V28,0
ETS1,V29,0
ETS1,V30,0
ETS1,V31,0
ETS1,V32,-0.180061826039576
FEZF2,(Intercept),-0.0102498678599595
FEZF2,V1,0
FEZF2,V2,0.0146267549069268
FEZF2,V3,0
FEZF2,V4,0
FEZF2,V5,-0.0441473252369274
FEZF2,V6,0
FEZF2,V7,0
FEZF2,V8,0
FEZF2,V9,-0.116712771110555
FEZF2,V10,0
FEZF2,V11,0
FEZF2,V12,0
FEZF2,V13,0
FEZF2,V14,0
FEZF2,V15,0
FEZF2,V16,0
FEZF2,V17,0
FEZF2,V18,0
FEZF2,V19,0
FEZF2,V20,0.392989045447319
FEZF2,V21,0
FEZF2,V22,0
FEZF2,V23,0.177539607288968
FEZF2,V24,0
FEZF2,V25,0
FEZF2,V26,0
FEZF2,V27,0
FEZF2,V28,0
FEZF2,V29,0
FEZF2,V30,0
FEZF2,V31,0
FEZF2,V32,0
FLI1,(Intercept),-0.0121796383164022
FLI1,V1,0
FLI1,V2,0
FLI1,V3,0
FLI1,V4,0
FLI1,V5,0
FLI1,V6,0
FLI1,V7,0
FLI1,V8,0
FLI1,V9,0
FLI1,V10,0
FLI1,V11,-0.179360091955238
FLI1,V12,0
FLI1,V13,0
FLI1,V14,0
FLI1,V15,0
FLI1,V16,0
FLI1,V17,0
FLI1,V18,0
FLI1,V19,0
FLI1,V20,0
FLI1,V21,0
FLI1,V22,0
FLI1,V23,0
FLI1,V24,0
FLI1,V25,0
FLI1,V26,0
FLI1,V27,0
FLI1,V28,0
FLI1,V29,0
FLI1,V30,0
FLI1,V31,0
FLI1,V32,0
FOSB,(Intercept),-0.193700059526686
FOSB,V1,0.0910666562560909
FOSB,V2,0
FOSB,V3,0
FOSB,V4,0
FOSB,V5,0
FOSB,V6,0
FOSB,V7,0.0753580029338603
FOSB,V8,-0.997679932643256
FOSB,V9,0
FOSB,V10,0
FOSB,V11,0
FOSB,V12,0.0785894999795451
FOSB,V13,1.12661175464841
FOSB,V14,0
FOSB,V15,0
FOSB,V16,0.795787741708801
FOSB,V17,0
FOSB,V18,0.637916623752715
FOSB,V19,0.444167209797423
FOSB,V20,-0.37015960592062
FOSB,V21,0
FOSB,V22,0
FOSB,V23,0
FOSB,V24,-0.250712240770008
FOSB,V25,-0.441431584906686
FOSB,V26,0
FOSB,V27,0
FOSB,V28,0.298260900852767
FOSB,V29,0
FOSB,V30,0
FOSB,V31,0
FOSB,V32,0.0326872322569146
FOSL1,(Intercept),0.0765940303785854
FOSL1,V1,0
FOSL1,V2,0
FOSL1,V3,0
FOSL1,V4,-0.143170840515276
FOSL1,V5,0.410208495456389
FOSL1,V6,0
FOSL1,V7,0
FOSL1,V8,0
FOSL1,V9,0
FOSL1,V10,0.441144183230976
FOSL1,V11,0
FOSL1,V12,0
FOSL1,V13,0
FOSL1,V14,0
FOSL1,V15,0
FOSL1,V16,0
FOSL1,V17,0.0743269669567894
FOSL1,V18,0
FOSL1,V19,0
FOSL1,V20,0
FOSL1,V21,0.242300175449898
FOSL1,V22,0
FOSL1,V23,0
FOSL1,V24,-0.210655265670113
FOSL1,V25,0
FOSL1,V26,0
FOSL1,V27,0
FOSL1,V28,0.163208041452928
FOSL1,V29,0
FOSL1,V30,0.242869134337519
FOSL1,V31,-0.24920840443714
FOSL1,V32,-0.128357962769648
FOSL2,(Intercept),0.122930864529642
FOSL2,V1,-0.244157490704548
FOSL2,V2,0
FOSL2,V3,0
FOSL2,V4,-0.087844422045724
FOSL2,V5,0
FOSL2,V6,0
FOSL2,V7,0.0608369093047121
FOSL2,V8,0.061267347439074
FOSL2,V9,0
FOSL2,V10,0.0900599600703194
FOSL2,V11,0
FOSL2,V12,0
FOSL2,V13,0.27214415293423
FOSL2,V14,0
FOSL2,V15,0
FOSL2,V16,-0.097577163175103
FOSL2,V17,0
FOSL2,V18,-0.313275286644211
FOSL2,V19,-0.571057061035625
FOSL2,V20,0
FOSL2,V21,0
FOSL2,V22,0
FOSL2,V23,0
FOSL2,V24,0.192925825340714
FOSL2,V25,0.49896433052613
FOSL2,V26,0
FOSL2,V27,0
FOSL2,V28,0
FOSL2,V29,0.0192644565299251
FOSL2,V30,0
FOSL2,V31,0
FOSL2,V32,-0.097595312570848
FOXA3,(Intercept),-0.0418214167940886
FOXA3,V1,0.0209511821564059
FOXA3,V2,0
FOXA3,V3,0
FOXA3,V4,0.100168500625322
FOXA3,V5,-0.0257357464117761
FOXA3,V6,0
FOXA3,V7,0
FOXA3,V8,0
FOXA3,V9,-0.121710250440886
FOXA3,V10,-0.281895977971372
FOXA3,V11,0
FOXA3,V12,0
FOXA3,V13,0
FOXA3,V14,0.095764047255029
FOXA3,V15,0
FOXA3,V16,0
FOXA3,V17,0
FOXA3,V18,0
FOXA3,V19,0
FOXA3,V20,0
FOXA3,V21,0
FOXA3,V22,0
FOXA3,V23,0
FOXA3,V24,0
FOXA3,V25,0
FOXA3,V26,0
FOXA3,V27,0
FOXA3,V28,0
FOXA3,V29,0
FOXA3,V30,-0.131488837963484
FOXA3,V31,0
FOXA3,V32,0
FOXC1,(Intercept),0.00589588980464547
FOXC1,V1,0
FOXC1,V2,0
FOXC1,V3,0
FOXC1,V4,0
FOXC1,V5,0
FOXC1,V6,0
FOXC1,V7,0
FOXC1,V8,0
FOXC1,V9,0
FOXC1,V10,0
FOXC1,V11,0
FOXC1,V12,0
FOXC1,V13,0
FOXC1,V14,0
FOXC1,V15,0
FOXC1,V16,0
FOXC1,V17,0
FOXC1,V18,0
FOXC1,V19,0
FOXC1,V20,0
FOXC1,V21,0
FOXC1,V22,0
FOXC1,V23,0
FOXC1,V24,0
FOXC1,V25,0
FOXC1,V26,0
FOXC1,V27,0
FOXC1,V28,0
FOXC1,V29,0
FOXC1,V30,0
FOXC1,V31,0.0786204460001199
FOXC1,V32,0
FOXC2,(Intercept),-0.0421353240900173
FOXC2,V1,0
FOXC2,V2,0
FOXC2,V3,0
FOXC2,V4,0.118081235163477
FOXC2,V5,0
FOXC2,V6,0
FOXC2,V7,0
FOXC2,V8,-0.0544467561684553
FOXC2,V9,-0.0726076693138906
FOXC2,V10,0
FOXC2,V11,0
FOXC2,V12,0
FOXC2,V13,0
FOXC2,V14,0
FOXC2,V15,0
FOXC2,V16,0
FOXC2,V17,0
FOXC2,V18,0
FOXC2,V19,0.0508655564120054
FOXC2,V20,0
FOXC2,V21,0
FOXC2,V22,0
FOXC2,V23,0
FOXC2,V24,0
FOXC2,V25,0
FOXC2,V26,0.0178652607397896
FOXC2,V27,0
FOXC2,V28,0
FOXC2,V29,0
FOXC2,V30,-0.310797142119591
FOXC2,V31,0
FOXC2,V32,0.0286400030826274
FOXD1,(Intercept),0.0290640531152904
FOXD1,V1,0
FOXD1,V2,0
FOXD1,V3,0
FOXD1,V4,0
FOXD1,V5,0
FOXD1,V6,0
FOXD1,V7,0
FOXD1,V8,0
FOXD1,V9,0
FOXD1,V10,0
FOXD1,V11,0
FOXD1,V12,0
FOXD1,V13,0
FOXD1,V14,0
FOXD1,V15,0
FOXD1,V16,0
FOXD1,V17,0
FOXD1,V18,0
FOXD1,V19,0
FOXD1,V20,0
FOXD1,V21,0
FOXD1,V22,0
FOXD1,V23,0
FOXD1,V24,-0.00503111409742619
FOXD1,V25,0.150864848728524
FOXD1,V26,0
FOXD1,V27,0
FOXD1,V28,0
FOXD1,V29,0
FOXD1,V30,0
FOXD1,V31,0
FOXD1,V32,-0.103305033214932
FOXD2,(Intercept),0.116184615255308
FOXD2,V1,0
FOXD2,V2,0
FOXD2,V3,0
FOXD2,V4,-0.352137547699838
FOXD2,V5,0
FOXD2,V6,0
FOXD2,V7,0
FOXD2,V8,0
FOXD2,V9,0
FOXD2,V10,0
FOXD2,V11,0.123867384374548
FOXD2,V12,0
FOXD2,V13,0
FOXD2,V14,0
FOXD2,V15,0.0106807963348276
FOXD2,V16,-0.163876010656404
FOXD2,V17,0.0250415458474569
FOXD2,V18,-0.529365647037373
FOXD2,V19,-0.258886655520557
FOXD2,V20,0
FOXD2,V21,0
FOXD2,V22,-0.159758916447294
FOXD2,V23,0
FOXD2,V24,-0.429547621802973
FOXD2,V25,0.0283115154361546
FOXD2,V26,0
FOXD2,V27,0
FOXD2,V28,0
FOXD2,V29,0
FOXD2,V30,0.014284361229334
FOXD2,V31,0
FOXD2,V32,-0.160089319012335
FOXD3,(Intercept),0.0470368999750366
FOXD3,V1,0
FOXD3,V2,0.236945282515993
FOXD3,V3,0
FOXD3,V4,-0.0336111236976007
FOXD3,V5,0
FOXD3,V6,0
FOXD3,V7,0.21066258487154
FOXD3,V8,0
FOXD3,V9,0.190541703040571
FOXD3,V10,0.235538346648001
FOXD3,V11,0
FOXD3,V12,0
FOXD3,V13,0.185801673078918
FOXD3,V14,0
FOXD3,V15,0
FOXD3,V16,0
FOXD3,V17,0
FOXD3,V18,-0.0462786779059902
FOXD3,V19,0
FOXD3,V20,0
FOXD3,V21,-0.0296813077217587
FOXD3,V22,-0.150896917368697
FOXD3,V23,0
FOXD3,V24,0
FOXD3,V25,0
FOXD3,V26,0
FOXD3,V27,0.0726762879512991
FOXD3,V28,0.0330744634738978
FOXD3,V29,0
FOXD3,V30,0.138404903630774
FOXD3,V31,0
FOXD3,V32,-0.0731741913528063
FOXE1,(Intercept),3.46944695195361e-18
FOXE1,V1,0
FOXE1,V2,0
FOXE1,V3,0
FOXE1,V4,0
FOXE1,V5,0
FOXE1,V6,0
FOXE1,V7,0
FOXE1,V8,0
FOXE1,V9,0
FOXE1,V10,0
FOXE1,V11,0
FOXE1,V12,0
FOXE1,V13,0
FOXE1,V14,0
FOXE1,V15,0
FOXE1,V16,0
FOXE1,V17,0
FOXE1,V18,0
FOXE1,V19,0
FOXE1,V20,0
FOXE1,V21,0
FOXE1,V22,0
FOXE1,V23,0
FOXE1,V24,0
FOXE1,V25,0
FOXE1,V26,0
FOXE1,V27,0
FOXE1,V28,0
FOXE1,V29,0
FOXE1,V30,0
FOXE1,V31,0
FOXE1,V32,0
FOXE3,(Intercept),-0.0273494836587973
FOXE3,V1,0
FOXE3,V2,0.0135322243175544
FOXE3,V3,-0.217287202108165
FOXE3,V4,-0.0790840860387773
FOXE3,V5,-0.105520267295637
FOXE3,V6,-0.00325892347099662
FOXE3,V7,0.117939703348404
FOXE3,V8,-0.215517044221469
FOXE3,V9,0
FOXE3,V10,0
FOXE3,V11,0.612403679526406
FOXE3,V12,-0.0986855616305633
FOXE3,V13,0.246199116505517
FOXE3,V14,0.463592754371172
FOXE3,V15,-0.177496236331996
FOXE3,V16,0.1626859414768
FOXE3,V17,0
FOXE3,V18,0
FOXE3,V19,0.328092341891968
FOXE3,V20,0
FOXE3,V21,0
FOXE3,V22,0
FOXE3,V23,0.0207430280094253
FOXE3,V24,0
FOXE3,V25,0.331299317391554
FOXE3,V26,0.334268938404003
FOXE3,V27,0
FOXE3,V28,-0.00440860954507387
FOXE3,V29,0
FOXE3,V30,0
FOXE3,V31,0
FOXE3,V32,0.366583060414599
FOXF1,(Intercept),-0.079429357425949
FOXF1,V1,0
FOXF1,V2,0
FOXF1,V3,0
FOXF1,V4,0
FOXF1,V5,0
FOXF1,V6,0
FOXF1,V7,0
FOXF1,V8,-0.158450769877095
FOXF1,V9,-0.230672890319925
FOXF1,V10,0
FOXF1,V11,0
FOXF1,V12,0.224135593515704
FOXF1,V13,0.831217240591909
FOXF1,V14,0.365537740569859
FOXF1,V15,-0.378284931406814
FOXF1,V16,0.270152580117912
FOXF1,V17,0
FOXF1,V18,0
FOXF1,V19,0.681052471543123
FOXF1,V20,-0.183608233339082
FOXF1,V21,0
FOXF1,V22,0
FOXF1,V23,0
FOXF1,V24,0
FOXF1,V25,0
FOXF1,V26,0
FOXF1,V27,0
FOXF1,V28,0
FOXF1,V29,0.484466488988129
FOXF1,V30,0
FOXF1,V31,0
FOXF1,V32,0
FOXF2,(Intercept),-0.0940808509761996
FOXF2,V1,0
FOXF2,V2,0
FOXF2,V3,0
FOXF2,V4,0
FOXF2,V5,0
FOXF2,V6,-1.29280890095998e-06
FOXF2,V7,0
FOXF2,V8,-0.310002202629635
FOXF2,V9,0
FOXF2,V10,0
FOXF2,V11,0
FOXF2,V12,0.00744943781980745
FOXF2,V13,0.437296822011201
FOXF2,V14,0.55036680329738
FOXF2,V15,-0.37029356982576
FOXF2,V16,0.262555351482498
FOXF2,V17,0
FOXF2,V18,0
FOXF2,V19,0.604676838588103
FOXF2,V20,0
FOXF2,V21,0
FOXF2,V22,0
FOXF2,V23,0
FOXF2,V24,0
FOXF2,V25,0
FOXF2,V26,0
FOXF2,V27,0
FOXF2,V28,0
FOXF2,V29,0.138022436808487
FOXF2,V30,0
FOXF2,V31,0
FOXF2,V32,0
FOXI3,(Intercept),-0.0624190217458253
FOXI3,V1,0.0916680345200928
FOXI3,V2,0
FOXI3,V3,0
FOXI3,V4,0
FOXI3,V5,0
FOXI3,V6,0
FOXI3,V7,0.0159094006527333
FOXI3,V8,-0.0194595575434679
FOXI3,V9,0
FOXI3,V10,0
FOXI3,V11,0.259352081584347
FOXI3,V12,0.0364207492123537
FOXI3,V13,0.66280027403772
FOXI3,V14,0
FOXI3,V15,-0.537530903499105
FOXI3,V16,0
FOXI3,V17,0
FOXI3,V18,0.1525697517962
FOXI3,V19,0.733614496782571
FOXI3,V20,-0.326807462490602
FOXI3,V21,0
FOXI3,V22,0
FOXI3,V23,0
FOXI3,V24,0
FOXI3,V25,0
FOXI3,V26,0
FOXI3,V27,0
FOXI3,V28,0
FOXI3,V29,0
FOXI3,V30,0
FOXI3,V31,-0.184641426591145
FOXI3,V32,0.35158708244381
FOXJ1,(Intercept),4.0766001685455e-17
FOXJ1,V1,0
FOXJ1,V2,0
FOXJ1,V3,0
FOXJ1,V4,0
FOXJ1,V5,0
FOXJ1,V6,0
FOXJ1,V7,0
FOXJ1,V8,0
FOXJ1,V9,0
FOXJ1,V10,0
FOXJ1,V11,0
FOXJ1,V12,0
FOXJ1,V13,0
FOXJ1,V14,0
FOXJ1,V15,0
FOXJ1,V16,0
FOXJ1,V17,0
FOXJ1,V18,0
FOXJ1,V19,0
FOXJ1,V20,0
FOXJ1,V21,0
FOXJ1,V22,0
FOXJ1,V23,0
FOXJ1,V24,0
FOXJ1,V25,0
FOXJ1,V26,0
FOXJ1,V27,0
FOXJ1,V28,0
FOXJ1,V29,0
FOXJ1,V30,0
FOXJ1,V31,0
FOXJ1,V32,0
FOXL2,(Intercept),-0.135140420375288
FOXL2,V1,0
FOXL2,V2,0
FOXL2,V3,0
FOXL2,V4,0
FOXL2,V5,0
FOXL2,V6,0
FOXL2,V7,0.50969288361175
FOXL2,V8,-0.645678563018935
FOXL2,V9,-0.211807453601067
FOXL2,V10,0.226350767224564
FOXL2,V11,0.150287826522927
FOXL2,V12,0.129253006660332
FOXL2,V13,0.984813512767719
FOXL2,V14,0
FOXL2,V15,-0.528527029424575
FOXL2,V16,0.260516511554245
FOXL2,V17,0
FOXL2,V18,0
FOXL2,V19,0
FOXL2,V20,-0.0965322867009885
FOXL2,V21,0
FOXL2,V22,0
FOXL2,V23,0
FOXL2,V24,0.163590406435062
FOXL2,V25,-0.13645918852553
FOXL2,V26,0
FOXL2,V27,0
FOXL2,V28,0.0108847213338804
FOXL2,V29,0.129192364881252
FOXL2,V30,0
FOXL2,V31,-0.24870443514771
FOXL2,V32,0
FOXP4,(Intercept),0.0892515558385481
FOXP4,V1,0
FOXP4,V2,-0.0138414667192319
FOXP4,V3,0.301490691802236
FOXP4,V4,0
FOXP4,V5,0
FOXP4,V6,0
FOXP4,V7,0
FOXP4,V8,0.13694567070072
FOXP4,V9,0
FOXP4,V10,0
FOXP4,V11,0
FOXP4,V12,0
FOXP4,V13,-0.0255859205556488
FOXP4,V14,0
FOXP4,V15,0
FOXP4,V16,-0.295899271045011
FOXP4,V17,0
FOXP4,V18,-0.391334836940989
FOXP4,V19,0
FOXP4,V20,0
FOXP4,V21,0
FOXP4,V22,0
FOXP4,V23,0
FOXP4,V24,0
FOXP4,V25,0
FOXP4,V26,0
FOXP4,V27,0
FOXP4,V28,0
FOXP4,V29,0
FOXP4,V30,0
FOXP4,V31,0
FOXP4,V32,0
GATA2,(Intercept),-0.0104694934904662
GATA2,V1,0
GATA2,V2,0
GATA2,V3,-0.117975635248885
GATA2,V4,0
GATA2,V5,0
GATA2,V6,-1.27572135267269e-05
GATA2,V7,0
GATA2,V8,0
GATA2,V9,0
GATA2,V10,0
GATA2,V11,0
GATA2,V12,0
GATA2,V13,0.396913379964729
GATA2,V14,0
GATA2,V15,-0.107650394901447
GATA2,V16,0.0103066849096963
GATA2,V17,-0.0142569071756891
GATA2,V18,0.0223908546495211
GATA2,V19,0.683219254599786
GATA2,V20,0
GATA2,V21,0
GATA2,V22,0
GATA2,V23,0
GATA2,V24,0
GATA2,V25,0
GATA2,V26,0
GATA2,V27,0
GATA2,V28,0.0728072924487829
GATA2,V29,0.234784800185317
GATA2,V30,0
GATA2,V31,0
GATA2,V32,0
GATA3,(Intercept),-0.0514967281703965
GATA3,V1,0
GATA3,V2,0.0595353935407246
GATA3,V3,0
GATA3,V4,-0.0230451833961148
GATA3,V5,0
GATA3,V6,0
GATA3,V7,0
GATA3,V8,-0.4661820998869
GATA3,V9,0
GATA3,V10,0.322804056667837
GATA3,V11,0
GATA3,V12,0.356838015020037
GATA3,V13,0.946291466277081
GATA3,V14,0.0618762159526642
GATA3,V15,-0.12335221561097
GATA3,V16,0
GATA3,V17,0
GATA3,V18,0.197206909276092
GATA3,V19,0.189094115118498
GATA3,V20,0
GATA3,V21,0
GATA3,V22,0
GATA3,V23,0
GATA3,V24,0
GATA3,V25,0
GATA3,V26,0
GATA3,V27,0
GATA3,V28,0.294447246494842
GATA3,V29,0.148871640680758
GATA3,V30,0
GATA3,V31,-0.150860184744109
GATA3,V32,0
GATA4,(Intercept),-0.0430453959207486
GATA4,V1,0
GATA4,V2,0.0853417758711761
GATA4,V3,0
GATA4,V4,0
GATA4,V5,0
GATA4,V6,0
GATA4,V7,0.0986734617495348
GATA4,V8,0
GATA4,V9,0
GATA4,V10,0.0424018374428531
GATA4,V11,0
GATA4,V12,0
GATA4,V13,0.366701123598312
GATA4,V14,0
GATA4,V15,-0.2042841973333
GATA4,V16,0
GATA4,V17,0
GATA4,V18,0.355780536971299
GATA4,V19,0.454542839085467
GATA4,V20,0
GATA4,V21,0
GATA4,V22,0
GATA4,V23,0
GATA4,V24,0
GATA4,V25,0
GATA4,V26,0
GATA4,V27,0
GATA4,V28,0.127805469973753
GATA4,V29,0.157200562886045
GATA4,V30,0
GATA4,V31,0
GATA4,V32,0
GATA6,(Intercept),-0.00582397947031256
GATA6,V1,0
GATA6,V2,0.0989778211697038
GATA6,V3,0
GATA6,V4,0
GATA6,V5,0
GATA6,V6,0
GATA6,V7,0.011112731118274
GATA6,V8,0
GATA6,V9,0
GATA6,V10,0
GATA6,V11,0
GATA6,V12,0
GATA6,V13,0.463499199632838
GATA6,V14,0.246865082023367
GATA6,V15,-0.0281579577646638
GATA6,V16,0
GATA6,V17,0
GATA6,V18,0.0423787136092796
GATA6,V19,0.469124930865703
GATA6,V20,0
GATA6,V21,0
GATA6,V22,0
GATA6,V23,0.255781333518763
GATA6,V24,0
GATA6,V25,0.0784043485871473
GATA6,V26,0
GATA6,V27,0
GATA6,V28,0
GATA6,V29,0.149403453118198
GATA6,V30,0
GATA6,V31,0
GATA6,V32,0
GFI1,(Intercept),0.0128467683745669
GFI1,V1,0
GFI1,V2,-0.0354747222255102
GFI1,V3,0
GFI1,V4,0
GFI1,V5,-0.0631772862554405
GFI1,V6,0
GFI1,V7,0
GFI1,V8,0
GFI1,V9,0.00411592718647231
GFI1,V10,0
GFI1,V11,-0.0201798340254412
GFI1,V12,0
GFI1,V13,-0.0320176685272767
GFI1,V14,-0.0267273184967238
GFI1,V15,0.18930743564499
GFI1,V16,0
GFI1,V17,0
GFI1,V18,0
GFI1,V19,0
GFI1,V20,-0.878711862295937
GFI1,V21,0
GFI1,V22,0
GFI1,V23,0
GFI1,V24,0
GFI1,V25,-0.032361717161212
GFI1,V26,0
GFI1,V27,0
GFI1,V28,0
GFI1,V29,0
GFI1,V30,0
GFI1,V31,0
GFI1,V32,0
GLI1,(Intercept),0.0219646847432486
GLI1,V1,0
GLI1,V2,-0.174302778552985
GLI1,V3,0
GLI1,V4,0
GLI1,V5,0
GLI1,V6,0
GLI1,V7,0
GLI1,V8,0
GLI1,V9,0
GLI1,V10,0
GLI1,V11,0
GLI1,V12,0
GLI1,V13,0
GLI1,V14,-0.0106170947302639
GLI1,V15,0
GLI1,V16,0
GLI1,V17,0
GLI1,V18,-0.119410505483483
GLI1,V19,-0.259684744947342
GLI1,V20,0
GLI1,V21,0
GLI1,V22,0
GLI1,V23,-0.234124150028887
GLI1,V24,0
GLI1,V25,0
GLI1,V26,0
GLI1,V27,0
GLI1,V28,0
GLI1,V29,0
GLI1,V30,0.0129995765821909
GLI1,V31,0
GLI1,V32,0
GLIS3,(Intercept),-0.159498364149052
GLIS3,V1,0
GLIS3,V2,-0.0152568936644343
GLIS3,V3,0
GLIS3,V4,0.418170268888686
GLIS3,V5,0
GLIS3,V6,0
GLIS3,V7,0
GLIS3,V8,0
GLIS3,V9,0
GLIS3,V10,0
GLIS3,V11,0
GLIS3,V12,0
GLIS3,V13,0.224693951249035
GLIS3,V14,0
GLIS3,V15,-0.32717214105711
GLIS3,V16,0
GLIS3,V17,0
GLIS3,V18,0
GLIS3,V19,0.0702799243940069
GLIS3,V20,0
GLIS3,V21,0
GLIS3,V22,0.364532877486956
GLIS3,V23,-0.410403290999042
GLIS3,V24,0
GLIS3,V25,-0.396234000329492
GLIS3,V26,0
GLIS3,V27,0
GLIS3,V28,0.0489098892091226
GLIS3,V29,0
GLIS3,V30,-0.374667316568317
GLIS3,V31,-0.336007215839164
GLIS3,V32,0.203316124648305
GSC,(Intercept),0.128876573688165
GSC,V1,0
GSC,V2,0.451544505188565
GSC,V3,0
GSC,V4,0
GSC,V5,0
GSC,V6,0
GSC,V7,0
GSC,V8,0.739634359813334
GSC,V9,0
GSC,V10,0.521923540249428
GSC,V11,0
GSC,V12,-0.245394805269626
GSC,V13,0
GSC,V14,0
GSC,V15,0.0281647010337042
GSC,V16,-0.293501099249497
GSC,V17,0
GSC,V18,0
GSC,V19,0
GSC,V20,0.113035414787518
GSC,V21,0
GSC,V22,0
GSC,V23,0.299510353081263
GSC,V24,0.0984114942917624
GSC,V25,0
GSC,V26,0
GSC,V27,0
GSC,V28,0
GSC,V29,0
GSC,V30,0.253862302268413
GSC,V31,0.0574782286669203
GSC,V32,-0.33158818006989
GSX2,(Intercept),0.110000865906133
GSX2,V1,-0.0815710085576848
GSX2,V2,0.117768424885516
GSX2,V3,0.435238153366697
GSX2,V4,0
GSX2,V5,0
GSX2,V6,0
GSX2,V7,0
GSX2,V8,0.297152988480442
GSX2,V9,0
GSX2,V10,0
GSX2,V11,0
GSX2,V12,0
GSX2,V13,0
GSX2,V14,-0.0762283725933034
GSX2,V15,0
GSX2,V16,0
GSX2,V17,0
GSX2,V18,0
GSX2,V19,-0.0535110897960537
GSX2,V20,0.170372333356796
GSX2,V21,0
GSX2,V22,0
GSX2,V23,0
GSX2,V24,0
GSX2,V25,0
GSX2,V26,0
GSX2,V27,0
GSX2,V28,0
GSX2,V29,0
GSX2,V30,0.444233532192107
GSX2,V31,0
GSX2,V32,0
GTF2B,(Intercept),-0.0276217134885321
GTF2B,V1,0.30962606948672
GTF2B,V2,0
GTF2B,V3,0
GTF2B,V4,0
GTF2B,V5,0
GTF2B,V6,0
GTF2B,V7,0
GTF2B,V8,-0.270333429073605
GTF2B,V9,0
GTF2B,V10,0
GTF2B,V11,0
GTF2B,V12,0
GTF2B,V13,0
GTF2B,V14,0
GTF2B,V15,0
GTF2B,V16,0.481691904302608
GTF2B,V17,-0.036032160476083
GTF2B,V18,0
GTF2B,V19,0.487161165182205
GTF2B,V20,0
GTF2B,V21,0
GTF2B,V22,0
GTF2B,V23,0
GTF2B,V24,0
GTF2B,V25,0
GTF2B,V26,0
GTF2B,V27,0
GTF2B,V28,0
GTF2B,V29,0
GTF2B,V30,0
GTF2B,V31,0
GTF2B,V32,0
HAND1,(Intercept),0.00981848530673968
HAND1,V1,0
HAND1,V2,-0.205154352975535
HAND1,V3,0
HAND1,V4,0
HAND1,V5,0.0090401677089858
HAND1,V6,0
HAND1,V7,-0.255836650417936
HAND1,V8,0
HAND1,V9,0
HAND1,V10,0
HAND1,V11,0
HAND1,V12,-0.143901754870564
HAND1,V13,0
HAND1,V14,-0.0133644017313344
HAND1,V15,0
HAND1,V16,-0.234599051514409
HAND1,V17,0
HAND1,V18,0
HAND1,V19,-0.210931692283312
HAND1,V20,0
HAND1,V21,0
HAND1,V22,0
HAND1,V23,0
HAND1,V24,0.0919059294214539
HAND1,V25,0
HAND1,V26,0
HAND1,V27,0
HAND1,V28,0
HAND1,V29,0
HAND1,V30,0
HAND1,V31,0
HAND1,V32,0
HELZ2,(Intercept),0.0520839917795373
HELZ2,V1,-0.243986791499823
HELZ2,V2,0
HELZ2,V3,0.157938898917645
HELZ2,V4,0.346712984141076
HELZ2,V5,0
HELZ2,V6,0.457715274983445
HELZ2,V7,0.35011825019761
HELZ2,V8,0.715264235577158
HELZ2,V9,0.134547430051879
HELZ2,V10,0.0120727276832202
HELZ2,V11,0
HELZ2,V12,0
HELZ2,V13,-0.914591014440677
HELZ2,V14,-0.353861269479138
HELZ2,V15,0
HELZ2,V16,-1.10633774065326
HELZ2,V17,0
HELZ2,V18,-1.10654692161211
HELZ2,V19,-1.19638287475049
HELZ2,V20,0.462128413160478
HELZ2,V21,-0.460419570112795
HELZ2,V22,-0.25386856643874
HELZ2,V23,0
HELZ2,V24,1.14908246652133
HELZ2,V25,0.045124490785405
HELZ2,V26,0.298640307767425
HELZ2,V27,0.0279203914038608
HELZ2,V28,-0.678680973588724
HELZ2,V29,0
HELZ2,V30,-0.0295543206446354
HELZ2,V31,0
HELZ2,V32,-0.610527835567103
HES4,(Intercept),1.73472347597681e-18
HES4,V1,0
HES4,V2,0
HES4,V3,0
HES4,V4,0
HES4,V5,0
HES4,V6,0
HES4,V7,0
HES4,V8,0
HES4,V9,0
HES4,V10,0
HES4,V11,0
HES4,V12,0
HES4,V13,0
HES4,V14,0
HES4,V15,0
HES4,V16,0
HES4,V17,0
HES4,V18,0
HES4,V19,0
HES4,V20,0
HES4,V21,0
HES4,V22,0
HES4,V23,0
HES4,V24,0
HES4,V25,0
HES4,V26,0
HES4,V27,0
HES4,V28,0
HES4,V29,0
HES4,V30,0
HES4,V31,0
HES4,V32,0
HES5,(Intercept),-0.0264554160328806
HES5,V1,0
HES5,V2,0
HES5,V3,0
HES5,V4,0
HES5,V5,0
HES5,V6,0
HES5,V7,0
HES5,V8,0
HES5,V9,0
HES5,V10,0
HES5,V11,0
HES5,V12,0
HES5,V13,0
HES5,V14,0.0715730827888675
HES5,V15,-0.214316651778991
HES5,V16,0.2484169160497
HES5,V17,0
HES5,V18,0
HES5,V19,0
HES5,V20,0
HES5,V21,0
HES5,V22,0
HES5,V23,0
HES5,V24,0
HES5,V25,0
HES5,V26,0
HES5,V27,0
HES5,V28,0
HES5,V29,0
HES5,V30,-0.0261184819869809
HES5,V31,0
HES5,V32,0
HES7,(Intercept),-0.122586134468148
HES7,V1,0.153477004099634
HES7,V2,0
HES7,V3,-0.200341751269482
HES7,V4,0
HES7,V5,0.299469872355051
HES7,V6,0
HES7,V7,0
HES7,V8,0
HES7,V9,0
HES7,V10,0.0439125904543737
HES7,V11,0.264461119595397
HES7,V12,0
HES7,V13,0.770674103536978
HES7,V14,0
HES7,V15,-0.403056941745866
HES7,V16,0
HES7,V17,-0.206500994566144
HES7,V18,0.273169920464647
HES7,V19,0.264944594174831
HES7,V20,-0.0476368228687492
HES7,V21,0.157667064912509
HES7,V22,0.159116614665949
HES7,V23,0
HES7,V24,0.447606511780502
HES7,V25,0
HES7,V26,0.095777152483926
HES7,V27,-0.00919423995665609
HES7,V28,0
HES7,V29,0.51561204222494
HES7,V30,0
HES7,V31,-0.00672794809789199
HES7,V32,0.840002665372419
HHEX,(Intercept),0.0582396696562504
HHEX,V1,0
HHEX,V2,0
HHEX,V3,0
HHEX,V4,0
HHEX,V5,-0.272956780245571
HHEX,V6,0
HHEX,V7,0.0770615483954957
HHEX,V8,0.0373901129646631
HHEX,V9,0
HHEX,V10,0
HHEX,V11,0
HHEX,V12,-0.0502572836746611
HHEX,V13,-0.364048410373961
HHEX,V14,0
HHEX,V15,0.281582420991179
HHEX,V16,-0.0631007590654333
HHEX,V17,0
HHEX,V18,-0.129550636954738
HHEX,V19,0
HHEX,V20,0
HHEX,V21,0
HHEX,V22,-0.14337314152781
HHEX,V23,0
HHEX,V24,0
HHEX,V25,0.0576565939399398
HHEX,V26,0
HHEX,V27,0.00187320737442429
HHEX,V28,0
HHEX,V29,0
HHEX,V30,0
HHEX,V31,0
HHEX,V32,-0.0758047328826428
HIC1,(Intercept),0.0447427827162801
HIC1,V1,0
HIC1,V2,0
HIC1,V3,0
HIC1,V4,0
HIC1,V5,0
HIC1,V6,0
HIC1,V7,0
HIC1,V8,0.176836543259836
HIC1,V9,0
HIC1,V10,0.192030293035555
HIC1,V11,0
HIC1,V12,0
HIC1,V13,0
HIC1,V14,-0.147283747279923
HIC1,V15,0
HIC1,V16,0
HIC1,V17,0
HIC1,V18,0
HIC1,V19,0
HIC1,V20,0
HIC1,V21,0
HIC1,V22,-0.142548454636555
HIC1,V23,0
HIC1,V24,0.0237152029473709
HIC1,V25,0
HIC1,V26,0
HIC1,V27,0
HIC1,V28,0
HIC1,V29,0
HIC1,V30,0
HIC1,V31,0.0650474100689879
HIC1,V32,0
HIVEP1,(Intercept),-0.0560380811807968
HIVEP1,V1,0
HIVEP1,V2,0.231163044701184
HIVEP1,V3,0
HIVEP1,V4,0
HIVEP1,V5,0
HIVEP1,V6,0
HIVEP1,V7,0.264171375572676
HIVEP1,V8,-0.114268795153454
HIVEP1,V9,0
HIVEP1,V10,0
HIVEP1,V11,0.378207263665295
HIVEP1,V12,0.00993406822197826
HIVEP1,V13,0.531609550353891
HIVEP1,V14,0.0690383243439191
HIVEP1,V15,-0.350766057066217
HIVEP1,V16,0.502966408442949
HIVEP1,V17,0
HIVEP1,V18,0
HIVEP1,V19,0.317814995777634
HIVEP1,V20,0
HIVEP1,V21,-0.151509662821752
HIVEP1,V22,0
HIVEP1,V23,0
HIVEP1,V24,0
HIVEP1,V25,0
HIVEP1,V26,0
HIVEP1,V27,0
HIVEP1,V28,0
HIVEP1,V29,0
HIVEP1,V30,0
HIVEP1,V31,-0.0668438579150593
HIVEP1,V32,0.27346609729136
HMGA1,(Intercept),-0.00221019258959627
HMGA1,V1,0
HMGA1,V2,0.153146369305062
HMGA1,V3,0
HMGA1,V4,0
HMGA1,V5,-0.384585380701018
HMGA1,V6,0
HMGA1,V7,0
HMGA1,V8,0
HMGA1,V9,0
HMGA1,V10,0
HMGA1,V11,0
HMGA1,V12,0
HMGA1,V13,0
HMGA1,V14,0.0320826252890979
HMGA1,V15,0
HMGA1,V16,0.0633824953456369
HMGA1,V17,0
HMGA1,V18,0
HMGA1,V19,0.0332382903661342
HMGA1,V20,0
HMGA1,V21,0
HMGA1,V22,0
HMGA1,V23,0
HMGA1,V24,0
HMGA1,V25,0
HMGA1,V26,0
HMGA1,V27,-0.0419601827943206
HMGA1,V28,0.0960156331634964
HMGA1,V29,0
HMGA1,V30,0
HMGA1,V31,0
HMGA1,V32,0.226870218435954
HMGN2,(Intercept),-0.118430819441692
HMGN2,V1,0.176444120759263
HMGN2,V2,0.106165674738569
HMGN2,V3,-0.0684791513124987
HMGN2,V4,0.348715827705291
HMGN2,V5,-0.2080670911466
HMGN2,V6,0
HMGN2,V7,0
HMGN2,V8,0
HMGN2,V9,-0.0543964067883644
HMGN2,V10,-0.764834337886662
HMGN2,V11,0.0101266666490314
HMGN2,V12,-0.214025144226052
HMGN2,V13,0
HMGN2,V14,0.120541809013691
HMGN2,V15,0
HMGN2,V16,0.364181357179787
HMGN2,V17,-0.632780912301306
HMGN2,V18,0
HMGN2,V19,0.369266693069216
HMGN2,V20,-0.0539049987810373
HMGN2,V21,-0.148888945141
HMGN2,V22,0
HMGN2,V23,0.221732483671767
HMGN2,V24,-0.261311976346925
HMGN2,V25,-0.0841039987163884
HMGN2,V26,-0.317575148571489
HMGN2,V27,-0.259651982989684
HMGN2,V28,0.333764061258003
HMGN2,V29,-0.214735228495703
HMGN2,V30,-0.00337479378186231
HMGN2,V31,0
HMGN2,V32,0.303003782439282
HMX3,(Intercept),0.0135545922919364
HMX3,V1,0
HMX3,V2,0
HMX3,V3,0
HMX3,V4,0
HMX3,V5,0
HMX3,V6,0
HMX3,V7,0.0749930319378996
HMX3,V8,0
HMX3,V9,0
HMX3,V10,0
HMX3,V11,0
HMX3,V12,0
HMX3,V13,0
HMX3,V14,0.0655310986931313
HMX3,V15,0
HMX3,V16,0
HMX3,V17,0
HMX3,V18,0
HMX3,V19,0.141089111375582
HMX3,V20,0
HMX3,V21,0
HMX3,V22,0
HMX3,V23,0
HMX3,V24,-0.379094652435064
HMX3,V25,0
HMX3,V26,0
HMX3,V27,0
HMX3,V28,0
HMX3,V29,0
HMX3,V30,0
HMX3,V31,0
HMX3,V32,0
HNF1B,(Intercept),-0.00199289353681689
HNF1B,V1,0
HNF1B,V2,0
HNF1B,V3,0
HNF1B,V4,0
HNF1B,V5,0
HNF1B,V6,0
HNF1B,V7,0
HNF1B,V8,0
HNF1B,V9,0
HNF1B,V10,0
HNF1B,V11,0
HNF1B,V12,0
HNF1B,V13,0
HNF1B,V14,0
HNF1B,V15,0
HNF1B,V16,0.526959301356763
HNF1B,V17,0
HNF1B,V18,0
HNF1B,V19,0.110334492820601
HNF1B,V20,0
HNF1B,V21,0
HNF1B,V22,0
HNF1B,V23,0
HNF1B,V24,0
HNF1B,V25,0
HNF1B,V26,0
HNF1B,V27,0
HNF1B,V28,0.0346858930722341
HNF1B,V29,0
HNF1B,V30,0
HNF1B,V31,0
HNF1B,V32,0
HNRNPAB,(Intercept),-0.00971703497527438
HNRNPAB,V1,0
HNRNPAB,V2,0
HNRNPAB,V3,0
HNRNPAB,V4,0
HNRNPAB,V5,0
HNRNPAB,V6,0
HNRNPAB,V7,0.444207914414464
HNRNPAB,V8,0
HNRNPAB,V9,0
HNRNPAB,V10,0.176433212834116
HNRNPAB,V11,0
HNRNPAB,V12,0
HNRNPAB,V13,0
HNRNPAB,V14,0
HNRNPAB,V15,-0.226269484924422
HNRNPAB,V16,0
HNRNPAB,V17,0
HNRNPAB,V18,0
HNRNPAB,V19,0
HNRNPAB,V20,0
HNRNPAB,V21,0
HNRNPAB,V22,-0.17305434039855
HNRNPAB,V23,0
HNRNPAB,V24,0
HNRNPAB,V25,0
HNRNPAB,V26,0
HNRNPAB,V27,0.110942566962781
HNRNPAB,V28,0
HNRNPAB,V29,0
HNRNPAB,V30,0
HNRNPAB,V31,0
HNRNPAB,V32,0
HOXA13,(Intercept),0.142300586793247
HOXA13,V1,0
HOXA13,V2,0.129449822267877
HOXA13,V3,0.0314945899969904
HOXA13,V4,-0.224510759446386
HOXA13,V5,0
HOXA13,V6,-0.454008279759744
HOXA13,V7,0.29135655958535
HOXA13,V8,0
HOXA13,V9,0
HOXA13,V10,0
HOXA13,V11,0
HOXA13,V12,0
HOXA13,V13,0
HOXA13,V14,0
HOXA13,V15,0.12591092605212
HOXA13,V16,0
HOXA13,V17,0
HOXA13,V18,-0.221115300440383
HOXA13,V19,0
HOXA13,V20,0
HOXA13,V21,0.00868644872641841
HOXA13,V22,0
HOXA13,V23,0
HOXA13,V24,0.285771771156683
HOXA13,V25,0.195323760107692
HOXA13,V26,0
HOXA13,V27,0
HOXA13,V28,0.135076183517614
HOXA13,V29,0
HOXA13,V30,0
HOXA13,V31,0.0519672469720433
HOXA13,V32,-0.548796757294544
HOXC9,(Intercept),2.08166817117217e-17
HOXC9,V1,0
HOXC9,V2,0
HOXC9,V3,0
HOXC9,V4,0
HOXC9,V5,0
HOXC9,V6,0
HOXC9,V7,0
HOXC9,V8,0
HOXC9,V9,0
HOXC9,V10,0
HOXC9,V11,0
HOXC9,V12,0
HOXC9,V13,0
HOXC9,V14,0
HOXC9,V15,0
HOXC9,V16,0
HOXC9,V17,0
HOXC9,V18,0
HOXC9,V19,0
HOXC9,V20,0
HOXC9,V21,0
HOXC9,V22,0
HOXC9,V23,0
HOXC9,V24,0
HOXC9,V25,0
HOXC9,V26,0
HOXC9,V27,0
HOXC9,V28,0
HOXC9,V29,0
HOXC9,V30,0
HOXC9,V31,0
HOXC9,V32,0
HOXC13,(Intercept),-3.6429192995513e-17
HOXC13,V1,0
HOXC13,V2,0
HOXC13,V3,0
HOXC13,V4,0
HOXC13,V5,0
HOXC13,V6,0
HOXC13,V7,0
HOXC13,V8,0
HOXC13,V9,0
HOXC13,V10,0
HOXC13,V11,0
HOXC13,V12,0
HOXC13,V13,0
HOXC13,V14,0
HOXC13,V15,0
HOXC13,V16,0
HOXC13,V17,0
HOXC13,V18,0
HOXC13,V19,0
HOXC13,V20,0
HOXC13,V21,0
HOXC13,V22,0
HOXC13,V23,0
HOXC13,V24,0
HOXC13,V25,0
HOXC13,V26,0
HOXC13,V27,0
HOXC13,V28,0
HOXC13,V29,0
HOXC13,V30,0
HOXC13,V31,0
HOXC13,V32,0
IFI16,(Intercept),0.0892288740945109
IFI16,V1,0
IFI16,V2,-0.205893035433993
IFI16,V3,0.0762939713286267
IFI16,V4,0.184861525884479
IFI16,V5,0.528930751543194
IFI16,V6,0.217014375619283
IFI16,V7,0
IFI16,V8,0
IFI16,V9,0
IFI16,V10,0.299349198794598
IFI16,V11,0
IFI16,V12,0
IFI16,V13,-0.0856741468614231
IFI16,V14,-0.695824749384654
IFI16,V15,0.0468058043772752
IFI16,V16,0
IFI16,V17,0
IFI16,V18,-0.162576045210522
IFI16,V19,-0.25043977473919
IFI16,V20,0
IFI16,V21,0
IFI16,V22,-0.568580559092167
IFI16,V23,0
IFI16,V24,0
IFI16,V25,0
IFI16,V26,0
IFI16,V27,0
IFI16,V28,0
IFI16,V29,0
IFI16,V30,0
IFI16,V31,0
IFI16,V32,-0.184816117453983
IKZF2,(Intercept),-1.17093834628434e-17
IKZF2,V1,0
IKZF2,V2,0
IKZF2,V3,0
IKZF2,V4,0
IKZF2,V5,0
IKZF2,V6,0
IKZF2,V7,0
IKZF2,V8,0
IKZF2,V9,0
IKZF2,V10,0
IKZF2,V11,0
IKZF2,V12,0
IKZF2,V13,0
IKZF2,V14,0
IKZF2,V15,0
IKZF2,V16,0
IKZF2,V17,0
IKZF2,V18,0
IKZF2,V19,0
IKZF2,V20,0
IKZF2,V21,0
IKZF2,V22,0
IKZF2,V23,0
IKZF2,V24,0
IKZF2,V25,0
IKZF2,V26,0
IKZF2,V27,0
IKZF2,V28,0
IKZF2,V29,0
IKZF2,V30,0
IKZF2,V31,0
IKZF2,V32,0
IKZF5,(Intercept),0.112891496591862
IKZF5,V1,0
IKZF5,V2,0
IKZF5,V3,0.0458129419058426
IKZF5,V4,0
IKZF5,V5,0
IKZF5,V6,0
IKZF5,V7,0
IKZF5,V8,0.0980352449054798
IKZF5,V9,0
IKZF5,V10,0
IKZF5,V11,0
IKZF5,V12,0
IKZF5,V13,-0.211465957076519
IKZF5,V14,-0.095556350345341
IKZF5,V15,0.0488087867508478
IKZF5,V16,0
IKZF5,V17,0.131246034839482
IKZF5,V18,-0.230142188966327
IKZF5,V19,0
IKZF5,V20,0
IKZF5,V21,0
IKZF5,V22,-0.0368946017609214
IKZF5,V23,0
IKZF5,V24,0.0439985787817407
IKZF5,V25,0.375194043846208
IKZF5,V26,0
IKZF5,V27,0
IKZF5,V28,-0.457208392343702
IKZF5,V29,0
IKZF5,V30,0
IKZF5,V31,0.20973529692425
IKZF5,V32,0
INSM2,(Intercept),0.0200661710165455
INSM2,V1,-0.580909684955631
INSM2,V2,0.225464537359957
INSM2,V3,0
INSM2,V4,-0.364593090180324
INSM2,V5,-0.0976237422556395
INSM2,V6,0.267023686183383
INSM2,V7,0
INSM2,V8,0.0489776708547661
INSM2,V9,0.18423770687032
INSM2,V10,-0.384027277687812
INSM2,V11,-0.229611513552965
INSM2,V12,-0.723671705083272
INSM2,V13,-0.50019663350782
INSM2,V14,0
INSM2,V15,0.134042172426207
INSM2,V16,-0.332793987909971
INSM2,V17,0
INSM2,V18,-0.422102778423132
INSM2,V19,0
INSM2,V20,-0.33895622811545
INSM2,V21,-0.178593254357765
INSM2,V22,0
INSM2,V23,0.111059165068061
INSM2,V24,0
INSM2,V25,0.0531071320487378
INSM2,V26,0
INSM2,V27,0.0166688660049126
INSM2,V28,0.117439960655241
INSM2,V29,0.147022957926079
INSM2,V30,0
INSM2,V31,0.22262222853356
INSM2,V32,0
IRF1,(Intercept),1.04083408558608e-17
IRF1,V1,0
IRF1,V2,0
IRF1,V3,0
IRF1,V4,0
IRF1,V5,0
IRF1,V6,0
IRF1,V7,0
IRF1,V8,0
IRF1,V9,0
IRF1,V10,0
IRF1,V11,0
IRF1,V12,0
IRF1,V13,0
IRF1,V14,0
IRF1,V15,0
IRF1,V16,0
IRF1,V17,0
IRF1,V18,0
IRF1,V19,0
IRF1,V20,0
IRF1,V21,0
IRF1,V22,0
IRF1,V23,0
IRF1,V24,0
IRF1,V25,0
IRF1,V26,0
IRF1,V27,0
IRF1,V28,0
IRF1,V29,0
IRF1,V30,0
IRF1,V31,0
IRF1,V32,0
IRF4,(Intercept),0.0363160442633485
IRF4,V1,0.0176039599281059
IRF4,V2,0
IRF4,V3,-0.15881994525137
IRF4,V4,0
IRF4,V5,-0.279891977413737
IRF4,V6,-0.129201657498583
IRF4,V7,0.298823181492236
IRF4,V8,0
IRF4,V9,-0.151084512049745
IRF4,V10,0
IRF4,V11,0
IRF4,V12,-0.240336589229039
IRF4,V13,0
IRF4,V14,0
IRF4,V15,0
IRF4,V16,-0.543385082606443
IRF4,V17,0
IRF4,V18,-0.200943905816023
IRF4,V19,-0.197858828624932
IRF4,V20,0
IRF4,V21,0
IRF4,V22,0
IRF4,V23,0.0818933676129408
IRF4,V24,0.240738273774934
IRF4,V25,0.290663750597148
IRF4,V26,0
IRF4,V27,0
IRF4,V28,-0.0930060950341672
IRF4,V29,0
IRF4,V30,0
IRF4,V31,-0.306344064771708
IRF4,V32,-0.0898276007888476
IRX3,(Intercept),0.022147606492685
IRX3,V1,0
IRX3,V2,0
IRX3,V3,0
IRX3,V4,0
IRX3,V5,0
IRX3,V6,0
IRX3,V7,0
IRX3,V8,0.217924874336117
IRX3,V9,0
IRX3,V10,0
IRX3,V11,0.0212674289266531
IRX3,V12,0
IRX3,V13,0
IRX3,V14,0
IRX3,V15,0
IRX3,V16,0
IRX3,V17,0
IRX3,V18,0
IRX3,V19,0
IRX3,V20,0
IRX3,V21,0
IRX3,V22,0
IRX3,V23,0
IRX3,V24,0
IRX3,V25,0
IRX3,V26,0
IRX3,V27,0
IRX3,V28,0
IRX3,V29,0
IRX3,V30,0
IRX3,V31,0
IRX3,V32,0
JDP2,(Intercept),-0.00060115714139975
JDP2,V1,0
JDP2,V2,0
JDP2,V3,0
JDP2,V4,0
JDP2,V5,0
JDP2,V6,0
JDP2,V7,0
JDP2,V8,0
JDP2,V9,0
JDP2,V10,0
JDP2,V11,0
JDP2,V12,0
JDP2,V13,0
JDP2,V14,0.00772539601356075
JDP2,V15,0
JDP2,V16,0
JDP2,V17,0
JDP2,V18,0
JDP2,V19,0
JDP2,V20,0
JDP2,V21,0
JDP2,V22,0
JDP2,V23,0
JDP2,V24,0
JDP2,V25,0
JDP2,V26,0
JDP2,V27,0
JDP2,V28,0
JDP2,V29,0
JDP2,V30,0
JDP2,V31,0
JDP2,V32,0
JUN,(Intercept),0.0144174082414827
JUN,V1,0
JUN,V2,0
JUN,V3,0
JUN,V4,0
JUN,V5,0
JUN,V6,0
JUN,V7,0
JUN,V8,0
JUN,V9,0
JUN,V10,0
JUN,V11,0.185600642524799
JUN,V12,0
JUN,V13,0.0811137623374627
JUN,V14,0
JUN,V15,0
JUN,V16,0
JUN,V17,0
JUN,V18,0
JUN,V19,0
JUN,V20,0
JUN,V21,0
JUN,V22,0
JUN,V23,0
JUN,V24,0
JUN,V25,0
JUN,V26,0
JUN,V27,0
JUN,V28,0
JUN,V29,0
JUN,V30,0
JUN,V31,0
JUN,V32,0
JUNB,(Intercept),0.0063730385214431
JUNB,V1,0
JUNB,V2,0.0288918415278405
JUNB,V3,0
JUNB,V4,0
JUNB,V5,0.0866093419119065
JUNB,V6,0
JUNB,V7,0
JUNB,V8,0.00281656790559245
JUNB,V9,0
JUNB,V10,0
JUNB,V11,0
JUNB,V12,0
JUNB,V13,0
JUNB,V14,0
JUNB,V15,0
JUNB,V16,-0.594390048397685
JUNB,V17,0
JUNB,V18,0
JUNB,V19,-0.261746087487537
JUNB,V20,0.319974148389844
JUNB,V21,0
JUNB,V22,0
JUNB,V23,0.266408695385504
JUNB,V24,0
JUNB,V25,0
JUNB,V26,0
JUNB,V27,0
JUNB,V28,0
JUNB,V29,0
JUNB,V30,0
JUNB,V31,0
JUNB,V32,-0.0816360009199397
KLF2,(Intercept),0.0197159243154442
KLF2,V1,0
KLF2,V2,0
KLF2,V3,0
KLF2,V4,0.349525320040002
KLF2,V5,0
KLF2,V6,0
KLF2,V7,0
KLF2,V8,0
KLF2,V9,0
KLF2,V10,0
KLF2,V11,0.322331504877336
KLF2,V12,0
KLF2,V13,0
KLF2,V14,0
KLF2,V15,0
KLF2,V16,0
KLF2,V17,0
KLF2,V18,0
KLF2,V19,-0.228398221202608
KLF2,V20,-0.185844722454881
KLF2,V21,0
KLF2,V22,-0.0170828944077865
KLF2,V23,0
KLF2,V24,0
KLF2,V25,0
KLF2,V26,0
KLF2,V27,0
KLF2,V28,-0.186983038935511
KLF2,V29,-0.00877413180509485
KLF2,V30,0
KLF2,V31,0
KLF2,V32,-0.121624033453846
KLF3,(Intercept),-0.0736226955067467
KLF3,V1,0
KLF3,V2,0
KLF3,V3,0
KLF3,V4,0
KLF3,V5,0.174309248093021
KLF3,V6,0.280822951701871
KLF3,V7,0.119587444370456
KLF3,V8,-0.0785278364252581
KLF3,V9,0
KLF3,V10,0.0376885189443956
KLF3,V11,0
KLF3,V12,0
KLF3,V13,0.130716935759177
KLF3,V14,0
KLF3,V15,-0.24941714804727
KLF3,V16,0.0775126007222169
KLF3,V17,0
KLF3,V18,0
KLF3,V19,0
KLF3,V20,0
KLF3,V21,-0.101992885578501
KLF3,V22,0
KLF3,V23,0
KLF3,V24,0
KLF3,V25,0
KLF3,V26,0
KLF3,V27,-0.0516828569536946
KLF3,V28,0
KLF3,V29,0
KLF3,V30,0
KLF3,V31,0
KLF3,V32,0
KLF5,(Intercept),0.000906859619275475
KLF5,V1,0
KLF5,V2,0
KLF5,V3,0
KLF5,V4,0
KLF5,V5,0
KLF5,V6,0
KLF5,V7,0
KLF5,V8,0
KLF5,V9,0
KLF5,V10,0
KLF5,V11,0
KLF5,V12,0
KLF5,V13,0
KLF5,V14,0
KLF5,V15,0
KLF5,V16,0
KLF5,V17,0
KLF5,V18,0
KLF5,V19,0
KLF5,V20,0
KLF5,V21,0
KLF5,V22,-0.0298413904250094
KLF5,V23,0
KLF5,V24,0
KLF5,V25,0
KLF5,V26,0
KLF5,V27,0
KLF5,V28,0
KLF5,V29,0
KLF5,V30,0
KLF5,V31,0
KLF5,V32,0
KLF8,(Intercept),-0.0577564798414307
KLF8,V1,0
KLF8,V2,0
KLF8,V3,0
KLF8,V4,0
KLF8,V5,0.0856951429348023
KLF8,V6,0
KLF8,V7,0
KLF8,V8,0
KLF8,V9,0
KLF8,V10,0.222655791271106
KLF8,V11,0
KLF8,V12,0
KLF8,V13,0.013683543260435
KLF8,V14,0
KLF8,V15,0
KLF8,V16,0
KLF8,V17,0
KLF8,V18,0
KLF8,V19,0.341706557826907
KLF8,V20,0
KLF8,V21,-0.505959427984438
KLF8,V22,0
KLF8,V23,0
KLF8,V24,0
KLF8,V25,0
KLF8,V26,0
KLF8,V27,0
KLF8,V28,0
KLF8,V29,0
KLF8,V30,-0.0257935318945212
KLF8,V31,0
KLF8,V32,0
KLF15,(Intercept),0.051451513581732
KLF15,V1,0
KLF15,V2,-0.264403813676124
KLF15,V3,0
KLF15,V4,0
KLF15,V5,0
KLF15,V6,0.241129817242391
KLF15,V7,-0.0811992729494571
KLF15,V8,0
KLF15,V9,0
KLF15,V10,0.183248750140759
KLF15,V11,0.230807937922139
KLF15,V12,0
KLF15,V13,-0.339759008103823
KLF15,V14,-0.434936924498995
KLF15,V15,0
KLF15,V16,0
KLF15,V17,0
KLF15,V18,-0.0960746991057044
KLF15,V19,-0.181596688395525
KLF15,V20,0
KLF15,V21,0
KLF15,V22,0
KLF15,V23,-0.111632274994964
KLF15,V24,0
KLF15,V25,0
KLF15,V26,-0.328690671787452
KLF15,V27,0
KLF15,V28,-0.276478688807026
KLF15,V29,-0.143924252899255
KLF15,V30,0.0953908374632007
KLF15,V31,0
KLF15,V32,0
KLF16,(Intercept),-0.0545143927183204
KLF16,V1,0
KLF16,V2,0
KLF16,V3,0
KLF16,V4,0.122206185983435
KLF16,V5,0
KLF16,V6,0
KLF16,V7,0.280728435153826
KLF16,V8,0
KLF16,V9,0
KLF16,V10,-0.137907282903543
KLF16,V11,0.00125245318004518
KLF16,V12,0
KLF16,V13,0
KLF16,V14,0
KLF16,V15,-0.136907067518872
KLF16,V16,0
KLF16,V17,0
KLF16,V18,0.0527269159460109
KLF16,V19,0
KLF16,V20,0
KLF16,V21,-0.0252954764818941
KLF16,V22,0
KLF16,V23,0
KLF16,V24,0
KLF16,V25,0
KLF16,V26,0
KLF16,V27,0
KLF16,V28,0
KLF16,V29,0.00292115403768891
KLF16,V30,-0.153533580132661
KLF16,V31,-0.180585270066904
KLF16,V32,0
LBX1,(Intercept),-0.00713010374455247
LBX1,V1,0
LBX1,V2,0
LBX1,V3,0
LBX1,V4,0
LBX1,V5,0
LBX1,V6,0
LBX1,V7,0
LBX1,V8,0
LBX1,V9,0
LBX1,V10,0
LBX1,V11,0
LBX1,V12,0
LBX1,V13,0
LBX1,V14,0
LBX1,V15,0
LBX1,V16,0
LBX1,V17,0
LBX1,V18,0
LBX1,V19,0
LBX1,V20,0
LBX1,V21,0
LBX1,V22,0
LBX1,V23,0
LBX1,V24,0
LBX1,V25,0
LBX1,V26,0
LBX1,V27,0
LBX1,V28,0
LBX1,V29,0
LBX1,V30,-0.0801257642166886
LBX1,V31,0
LBX1,V32,0
LHX2,(Intercept),-0.00215810805292611
LHX2,V1,0.161737691806038
LHX2,V2,0
LHX2,V3,-0.418837122587307
LHX2,V4,0.165919059985542
LHX2,V5,-0.129340148189217
LHX2,V6,0.127550422413163
LHX2,V7,-0.205624148923258
LHX2,V8,0
LHX2,V9,0.206313106202623
LHX2,V10,-0.567681907594561
LHX2,V11,0
LHX2,V12,-0.0966797997067957
LHX2,V13,-0.432586035411985
LHX2,V14,0.30298817212716
LHX2,V15,0.159898386107281
LHX2,V16,0
LHX2,V17,0
LHX2,V18,0
LHX2,V19,0.123943472940489
LHX2,V20,-0.0929432292740941
LHX2,V21,0
LHX2,V22,0.617229303672979
LHX2,V23,0.0687731715822561
LHX2,V24,0
LHX2,V25,0.326376206318007
LHX2,V26,-0.109059886918214
LHX2,V27,-0.344362010975245
LHX2,V28,0
LHX2,V29,0.304096502966314
LHX2,V30,-0.0190295584656189
LHX2,V31,0.445531429749858
LHX2,V32,0.337213078254919
LHX4,(Intercept),0.000286307044859759
LHX4,V1,0
LHX4,V2,0
LHX4,V3,0
LHX4,V4,0
LHX4,V5,-0.0111628626202049
LHX4,V6,0
LHX4,V7,0
LHX4,V8,0
LHX4,V9,0
LHX4,V10,0
LHX4,V11,0
LHX4,V12,0
LHX4,V13,0
LHX4,V14,0
LHX4,V15,0
LHX4,V16,0
LHX4,V17,0
LHX4,V18,0
LHX4,V19,0
LHX4,V20,0
LHX4,V21,0
LHX4,V22,0
LHX4,V23,0
LHX4,V24,0
LHX4,V25,0
LHX4,V26,0
LHX4,V27,0
LHX4,V28,0
LHX4,V29,0
LHX4,V30,0
LHX4,V31,0
LHX4,V32,0
LHX6,(Intercept),0.0461267566887381
LHX6,V1,0
LHX6,V2,-0.319430386672611
LHX6,V3,0
LHX6,V4,0
LHX6,V5,0
LHX6,V6,0
LHX6,V7,0
LHX6,V8,0
LHX6,V9,0
LHX6,V10,0
LHX6,V11,0
LHX6,V12,0
LHX6,V13,0
LHX6,V14,-0.0679944736270938
LHX6,V15,0
LHX6,V16,0
LHX6,V17,0
LHX6,V18,-0.162121841758494
LHX6,V19,0
LHX6,V20,0
LHX6,V21,0
LHX6,V22,0
LHX6,V23,0
LHX6,V24,0
LHX6,V25,0.0796201604032625
LHX6,V26,0
LHX6,V27,0
LHX6,V28,0
LHX6,V29,0
LHX6,V30,0
LHX6,V31,0
LHX6,V32,0
LHX9,(Intercept),-0.00476100451180364
LHX9,V1,0
LHX9,V2,0
LHX9,V3,0
LHX9,V4,0
LHX9,V5,0
LHX9,V6,0
LHX9,V7,0
LHX9,V8,0
LHX9,V9,0
LHX9,V10,0
LHX9,V11,-0.0701116227635776
LHX9,V12,0
LHX9,V13,0
LHX9,V14,0
LHX9,V15,0
LHX9,V16,0
LHX9,V17,0
LHX9,V18,0
LHX9,V19,0
LHX9,V20,0
LHX9,V21,0
LHX9,V22,0
LHX9,V23,0
LHX9,V24,0
LHX9,V25,0
LHX9,V26,0
LHX9,V27,0
LHX9,V28,0
LHX9,V29,0
LHX9,V30,0
LHX9,V31,0
LHX9,V32,0
LYL1,(Intercept),0.0358629218464805
LYL1,V1,0
LYL1,V2,0
LYL1,V3,0
LYL1,V4,0
LYL1,V5,0
LYL1,V6,0
LYL1,V7,0
LYL1,V8,0
LYL1,V9,-0.0622025808059861
LYL1,V10,0
LYL1,V11,-0.255990136606421
LYL1,V12,0
LYL1,V13,0
LYL1,V14,0
LYL1,V15,0.0750401240988892
LYL1,V16,0
LYL1,V17,0
LYL1,V18,0
LYL1,V19,0.366091585104116
LYL1,V20,0
LYL1,V21,0
LYL1,V22,0
LYL1,V23,0.122637297686478
LYL1,V24,0
LYL1,V25,0.309187738586753
LYL1,V26,0
LYL1,V27,0
LYL1,V28,0
LYL1,V29,0.330470774021225
LYL1,V30,0
LYL1,V31,0
LYL1,V32,0
MBD4,(Intercept),1.73472347597681e-17
MBD4,V1,0
MBD4,V2,0
MBD4,V3,0
MBD4,V4,0
MBD4,V5,0
MBD4,V6,0
MBD4,V7,0
MBD4,V8,0
MBD4,V9,0
MBD4,V10,0
MBD4,V11,0
MBD4,V12,0
MBD4,V13,0
MBD4,V14,0
MBD4,V15,0
MBD4,V16,0
MBD4,V17,0
MBD4,V18,0
MBD4,V19,0
MBD4,V20,0
MBD4,V21,0
MBD4,V22,0
MBD4,V23,0
MBD4,V24,0
MBD4,V25,0
MBD4,V26,0
MBD4,V27,0
MBD4,V28,0
MBD4,V29,0
MBD4,V30,0
MBD4,V31,0
MBD4,V32,0
MECOM,(Intercept),-0.0506773927699695
MECOM,V1,0
MECOM,V2,0
MECOM,V3,0
MECOM,V4,0
MECOM,V5,-0.0652490859269289
MECOM,V6,0
MECOM,V7,0
MECOM,V8,0
MECOM,V9,0
MECOM,V10,0
MECOM,V11,0
MECOM,V12,0
MECOM,V13,0
MECOM,V14,0
MECOM,V15,0
MECOM,V16,0
MECOM,V17,0
MECOM,V18,0
MECOM,V19,0
MECOM,V20,0
MECOM,V21,0
MECOM,V22,0
MECOM,V23,0
MECOM,V24,0
MECOM,V25,-0.268513818546392
MECOM,V26,0
MECOM,V27,0
MECOM,V28,0
MECOM,V29,0
MECOM,V30,-0.10995772225086
MECOM,V31,0
MECOM,V32,0
MESP1,(Intercept),0.0825040979017525
MESP1,V1,0
MESP1,V2,0
MESP1,V3,0
MESP1,V4,0
MESP1,V5,0.175588795697793
MESP1,V6,0
MESP1,V7,0
MESP1,V8,0.0564445195099212
MESP1,V9,0.345692289155558
MESP1,V10,0.224202236347065
MESP1,V11,0
MESP1,V12,0
MESP1,V13,0
MESP1,V14,0
MESP1,V15,0
MESP1,V16,0
MESP1,V17,0.072547718855685
MESP1,V18,-0.126269273510522
MESP1,V19,-0.0118143382892025
MESP1,V20,0
MESP1,V21,0
MESP1,V22,-0.575196386385407
MESP1,V23,0
MESP1,V24,0.154424382664516
MESP1,V25,0
MESP1,V26,0
MESP1,V27,-0.0406383684807351
MESP1,V28,0
MESP1,V29,0
MESP1,V30,0.0758966042898689
MESP1,V31,-0.0325605399050865
MESP1,V32,0
MKX,(Intercept),0.0396615354802583
MKX,V1,0
MKX,V2,0
MKX,V3,0
MKX,V4,0
MKX,V5,0
MKX,V6,0
MKX,V7,0
MKX,V8,0
MKX,V9,0.203651041741688
MKX,V10,0.0365014355078464
MKX,V11,0
MKX,V12,0
MKX,V13,0
MKX,V14,0
MKX,V15,0.132737367091126
MKX,V16,0
MKX,V17,0
MKX,V18,0
MKX,V19,0
MKX,V20,-0.0439591647832406
MKX,V21,0
MKX,V22,-0.265567217452247
MKX,V23,0
MKX,V24,0
MKX,V25,0
MKX,V26,0
MKX,V27,0
MKX,V28,0
MKX,V29,0
MKX,V30,0
MKX,V31,0
MKX,V32,0
MLXIP,(Intercept),-0.0407042483421107
MLXIP,V1,0
MLXIP,V2,0
MLXIP,V3,-0.00626065700825698
MLXIP,V4,0
MLXIP,V5,0
MLXIP,V6,0
MLXIP,V7,-0.0125030043688558
MLXIP,V8,0
MLXIP,V9,0
MLXIP,V10,-0.310059388135755
MLXIP,V11,0
MLXIP,V12,0
MLXIP,V13,0
MLXIP,V14,0
MLXIP,V15,0
MLXIP,V16,0
MLXIP,V17,0
MLXIP,V18,0.140306091980352
MLXIP,V19,0
MLXIP,V20,0
MLXIP,V21,0
MLXIP,V22,0.102926420521157
MLXIP,V23,0
MLXIP,V24,0
MLXIP,V25,0
MLXIP,V26,0
MLXIP,V27,0
MLXIP,V28,-0.0196951859378368
MLXIP,V29,0
MLXIP,V30,0
MLXIP,V31,0
MLXIP,V32,0.123603533494618
MMP3,(Intercept),6.93889390390723e-18
MMP3,V1,0
MMP3,V2,0
MMP3,V3,0
MMP3,V4,0
MMP3,V5,0
MMP3,V6,0
MMP3,V7,0
MMP3,V8,0
MMP3,V9,0
MMP3,V10,0
MMP3,V11,0
MMP3,V12,0
MMP3,V13,0
MMP3,V14,0
MMP3,V15,0
MMP3,V16,0
MMP3,V17,0
MMP3,V18,0
MMP3,V19,0
MMP3,V20,0
MMP3,V21,0
MMP3,V22,0
MMP3,V23,0
MMP3,V24,0
MMP3,V25,0
MMP3,V26,0
MMP3,V27,0
MMP3,V28,0
MMP3,V29,0
MMP3,V30,0
MMP3,V31,0
MMP3,V32,0
MNX1,(Intercept),0.0559035635893544
MNX1,V1,0
MNX1,V2,0
MNX1,V3,0
MNX1,V4,0
MNX1,V5,0
MNX1,V6,0
MNX1,V7,0
MNX1,V8,0
MNX1,V9,0
MNX1,V10,0.0834459058752729
MNX1,V11,0.0638477043010542
MNX1,V12,0
MNX1,V13,0
MNX1,V14,0
MNX1,V15,0
MNX1,V16,0
MNX1,V17,0
MNX1,V18,-0.42020742409514
MNX1,V19,-0.0111282209403058
MNX1,V20,0
MNX1,V21,0
MNX1,V22,0
MNX1,V23,0
MNX1,V24,0.0033256296491629
MNX1,V25,0
MNX1,V26,0
MNX1,V27,0
MNX1,V28,0
MNX1,V29,-0.074430913111434
MNX1,V30,0
MNX1,V31,0
MNX1,V32,-0.00445448425780535
MXI1,(Intercept),0.111173449747472
MXI1,V1,0
MXI1,V2,0
MXI1,V3,0
MXI1,V4,0.143107802631701
MXI1,V5,0
MXI1,V6,0
MXI1,V7,0
MXI1,V8,0.51045487346906
MXI1,V9,0
MXI1,V10,0
MXI1,V11,0
MXI1,V12,0
MXI1,V13,-0.707034025639135
MXI1,V14,-0.0629084626689473
MXI1,V15,0
MXI1,V16,-0.551708653724129
MXI1,V17,0.0339174451437961
MXI1,V18,-0.487577436651299
MXI1,V19,-0.558406671635555
MXI1,V20,0.194196517467823
MXI1,V21,0
MXI1,V22,0
MXI1,V23,0
MXI1,V24,0
MXI1,V25,0.102557757486837
MXI1,V26,0
MXI1,V27,0.00791932120327224
MXI1,V28,-0.311312891448716
MXI1,V29,0
MXI1,V30,0
MXI1,V31,0
MXI1,V32,-0.14271506612777
MYBL1,(Intercept),-0.00830150189830316
MYBL1,V1,-0.208558156603694
MYBL1,V2,0
MYBL1,V3,0
MYBL1,V4,0.201938748406802
MYBL1,V5,0
MYBL1,V6,0
MYBL1,V7,0
MYBL1,V8,0
MYBL1,V9,0
MYBL1,V10,0
MYBL1,V11,-0.148308587885111
MYBL1,V12,0
MYBL1,V13,-0.500050301180545
MYBL1,V14,-0.0625177584087822
MYBL1,V15,0.17367099084033
MYBL1,V16,-0.202133237950505
MYBL1,V17,0
MYBL1,V18,-0.413648748789783
MYBL1,V19,-0.442000367231812
MYBL1,V20,0
MYBL1,V21,0
MYBL1,V22,0
MYBL1,V23,-0.156057687930306
MYBL1,V24,0.586772398916141
MYBL1,V25,0
MYBL1,V26,0
MYBL1,V27,0
MYBL1,V28,-0.512306468387648
MYBL1,V29,-0.235839054184064
MYBL1,V30,0
MYBL1,V31,0.138042893158478
MYBL1,V32,0
MYC,(Intercept),-0.0685508000545682
MYC,V1,0
MYC,V2,-0.0454519593353002
MYC,V3,-0.418019118370029
MYC,V4,-0.226173476397208
MYC,V5,-0.150568945528441
MYC,V6,-0.215927818469231
MYC,V7,-0.075382851085671
MYC,V8,-0.153781959249416
MYC,V9,0
MYC,V10,0.0922075927573739
MYC,V11,0
MYC,V12,0
MYC,V13,0.646809501107858
MYC,V14,-0.0817265646319862
MYC,V15,0
MYC,V16,0.985001442880206
MYC,V17,-0.207416253652824
MYC,V18,0.667817958703247
MYC,V19,1.16111099876256
MYC,V20,-0.179164604368033
MYC,V21,0
MYC,V22,0.161008805465187
MYC,V23,-0.161697422816595
MYC,V24,-0.508090180359389
MYC,V25,0
MYC,V26,0
MYC,V27,-0.0571639193942576
MYC,V28,0.748856600503036
MYC,V29,0.062438006909804
MYC,V30,0
MYC,V31,0
MYC,V32,0.39476372431231
MYCN,(Intercept),0.035425125631642
MYCN,V1,0
MYCN,V2,0
MYCN,V3,0
MYCN,V4,0
MYCN,V5,-0.160766066350855
MYCN,V6,-0.0641811042724234
MYCN,V7,-0.140858625875009
MYCN,V8,0
MYCN,V9,0
MYCN,V10,0
MYCN,V11,0
MYCN,V12,0
MYCN,V13,0.0733985583732815
MYCN,V14,0
MYCN,V15,0
MYCN,V16,0.402675326846961
MYCN,V17,0
MYCN,V18,0.13282195955583
MYCN,V19,1.09131975215421
MYCN,V20,-0.0304111226063424
MYCN,V21,0
MYCN,V22,0
MYCN,V23,0
MYCN,V24,0
MYCN,V25,0
MYCN,V26,-0.273285431588041
MYCN,V27,0
MYCN,V28,0.444176472593829
MYCN,V29,0
MYCN,V30,0
MYCN,V31,0.0481688404558253
MYCN,V32,0
MYOD1,(Intercept),0.0792947103761181
MYOD1,V1,0
MYOD1,V2,0
MYOD1,V3,0.0606817895963839
MYOD1,V4,0
MYOD1,V5,0.0200530971036455
MYOD1,V6,0
MYOD1,V7,0
MYOD1,V8,0.126110170034751
MYOD1,V9,0.0119157393593734
MYOD1,V10,0
MYOD1,V11,0.138743778498967
MYOD1,V12,0
MYOD1,V13,0
MYOD1,V14,-0.159483828496754
MYOD1,V15,0
MYOD1,V16,0
MYOD1,V17,0
MYOD1,V18,-0.128000132707142
MYOD1,V19,-0.0270917983875536
MYOD1,V20,0
MYOD1,V21,0
MYOD1,V22,0
MYOD1,V23,0
MYOD1,V24,0
MYOD1,V25,0
MYOD1,V26,0
MYOD1,V27,0
MYOD1,V28,0
MYOD1,V29,0
MYOD1,V30,0
MYOD1,V31,0.022077142846194
MYOD1,V32,-0.472001405134255
MYRF,(Intercept),-0.0358461124348139
MYRF,V1,0
MYRF,V2,0
MYRF,V3,0
MYRF,V4,0
MYRF,V5,-0.0501459345763905
MYRF,V6,0
MYRF,V7,0
MYRF,V8,0
MYRF,V9,0
MYRF,V10,0
MYRF,V11,0
MYRF,V12,0
MYRF,V13,0.0608031510304695
MYRF,V14,0.377440020193511
MYRF,V15,0
MYRF,V16,0
MYRF,V17,-0.00672093862933888
MYRF,V18,0
MYRF,V19,0.119152573894999
MYRF,V20,0
MYRF,V21,-0.0199352997740115
MYRF,V22,0
MYRF,V23,0
MYRF,V24,0
MYRF,V25,0
MYRF,V26,0
MYRF,V27,0
MYRF,V28,0
MYRF,V29,0.0634070216840159
MYRF,V30,0
MYRF,V31,0
MYRF,V32,0.135154530270429
NCOA3,(Intercept),0.00563886778678106
NCOA3,V1,0
NCOA3,V2,0
NCOA3,V3,0.112258238168537
NCOA3,V4,0
NCOA3,V5,0.133285848539422
NCOA3,V6,0
NCOA3,V7,0
NCOA3,V8,0
NCOA3,V9,0
NCOA3,V10,0
NCOA3,V11,0
NCOA3,V12,-0.170029505165154
NCOA3,V13,-0.350142822583758
NCOA3,V14,0
NCOA3,V15,0
NCOA3,V16,0
NCOA3,V17,0
NCOA3,V18,0
NCOA3,V19,0
NCOA3,V20,0
NCOA3,V21,0
NCOA3,V22,0
NCOA3,V23,0
NCOA3,V24,0
NCOA3,V25,0
NCOA3,V26,0
NCOA3,V27,0
NCOA3,V28,0
NCOA3,V29,0
NCOA3,V30,0.0169496961624983
NCOA3,V31,0
NCOA3,V32,0
NEUROD1,(Intercept),-0.137720983889807
NEUROD1,V1,0.0385458370044645
NEUROD1,V2,0
NEUROD1,V3,-0.0736651967141175
NEUROD1,V4,-0.213935062714221
NEUROD1,V5,0.306193956123457
NEUROD1,V6,0
NEUROD1,V7,0.014720231513859
NEUROD1,V8,0
NEUROD1,V9,0
NEUROD1,V10,0.68706438121989
NEUROD1,V11,0.201844814090075
NEUROD1,V12,0
NEUROD1,V13,0.773076240578469
NEUROD1,V14,0
NEUROD1,V15,-0.175895754544689
NEUROD1,V16,0.271226896608871
NEUROD1,V17,0
NEUROD1,V18,0.233079579430025
NEUROD1,V19,0
NEUROD1,V20,-0.53933027017305
NEUROD1,V21,0
NEUROD1,V22,-0.515332048596928
NEUROD1,V23,0
NEUROD1,V24,0.308509078785207
NEUROD1,V25,-0.589110046397372
NEUROD1,V26,0.395751297189402
NEUROD1,V27,0
NEUROD1,V28,0
NEUROD1,V29,0
NEUROD1,V30,0
NEUROD1,V31,-0.306655175230738
NEUROD1,V32,0.0255406907736447
NEUROD2,(Intercept),-2.21177243187043e-17
NEUROD2,V1,0
NEUROD2,V2,0
NEUROD2,V3,0
NEUROD2,V4,0
NEUROD2,V5,0
NEUROD2,V6,0
NEUROD2,V7,0
NEUROD2,V8,0
NEUROD2,V9,0
NEUROD2,V10,0
NEUROD2,V11,0
NEUROD2,V12,0
NEUROD2,V13,0
NEUROD2,V14,0
NEUROD2,V15,0
NEUROD2,V16,0
NEUROD2,V17,0
NEUROD2,V18,0
NEUROD2,V19,0
NEUROD2,V20,0
NEUROD2,V21,0
NEUROD2,V22,0
NEUROD2,V23,0
NEUROD2,V24,0
NEUROD2,V25,0
NEUROD2,V26,0
NEUROD2,V27,0
NEUROD2,V28,0
NEUROD2,V29,0
NEUROD2,V30,0
NEUROD2,V31,0
NEUROD2,V32,0
NFATC1,(Intercept),-0.00399031889966575
NFATC1,V1,0
NFATC1,V2,0
NFATC1,V3,0.18307279379533
NFATC1,V4,0.299307695919155
NFATC1,V5,-0.085389182595
NFATC1,V6,0.464907556561191
NFATC1,V7,0
NFATC1,V8,0.263522768168901
NFATC1,V9,0
NFATC1,V10,-0.0597608434730558
NFATC1,V11,-0.409135045453876
NFATC1,V12,0
NFATC1,V13,0.153393694963509
NFATC1,V14,-0.150629149085079
NFATC1,V15,0
NFATC1,V16,-0.0720754001374172
NFATC1,V17,0
NFATC1,V18,0.180306016135084
NFATC1,V19,0
NFATC1,V20,-0.0688499996624809
NFATC1,V21,0
NFATC1,V22,0.413474663264514
NFATC1,V23,0.161213559065601
NFATC1,V24,0.378750975277944
NFATC1,V25,0
NFATC1,V26,-0.565602879781264
NFATC1,V27,0
NFATC1,V28,0.511040047667713
NFATC1,V29,0
NFATC1,V30,0.125038901255425
NFATC1,V31,-0.154999057900841
NFATC1,V32,-0.286737413185567
NFE2,(Intercept),1.73472347597681e-18
NFE2,V1,0
NFE2,V2,0
NFE2,V3,0
NFE2,V4,0
NFE2,V5,0
NFE2,V6,0
NFE2,V7,0
NFE2,V8,0
NFE2,V9,0
NFE2,V10,0
NFE2,V11,0
NFE2,V12,0
NFE2,V13,0
NFE2,V14,0
NFE2,V15,0
NFE2,V16,0
NFE2,V17,0
NFE2,V18,0
NFE2,V19,0
NFE2,V20,0
NFE2,V21,0
NFE2,V22,0
NFE2,V23,0
NFE2,V24,0
NFE2,V25,0
NFE2,V26,0
NFE2,V27,0
NFE2,V28,0
NFE2,V29,0
NFE2,V30,0
NFE2,V31,0
NFE2,V32,0
NFE2L2,(Intercept),-0.00153679151414694
NFE2L2,V1,0
NFE2L2,V2,0.0836384779221945
NFE2L2,V3,0
NFE2L2,V4,0
NFE2L2,V5,0
NFE2L2,V6,0
NFE2L2,V7,0.0790066142750259
NFE2L2,V8,0
NFE2L2,V9,-0.0838377125826778
NFE2L2,V10,0
NFE2L2,V11,0
NFE2L2,V12,0
NFE2L2,V13,0.383997264410261
NFE2L2,V14,0
NFE2L2,V15,-0.0524424367233186
NFE2L2,V16,0
NFE2L2,V17,0
NFE2L2,V18,0
NFE2L2,V19,0
NFE2L2,V20,0.130723117729557
NFE2L2,V21,0
NFE2L2,V22,0
NFE2L2,V23,0
NFE2L2,V24,0
NFE2L2,V25,0
NFE2L2,V26,0
NFE2L2,V27,0
NFE2L2,V28,0
NFE2L2,V29,0.0133121091839503
NFE2L2,V30,0
NFE2L2,V31,0
NFE2L2,V32,-0.0986274837367209
NFKBIA,(Intercept),-0.0627185967968351
NFKBIA,V1,0
NFKBIA,V2,0
NFKBIA,V3,0
NFKBIA,V4,0
NFKBIA,V5,0
NFKBIA,V6,0
NFKBIA,V7,0
NFKBIA,V8,0
NFKBIA,V9,0
NFKBIA,V10,0
NFKBIA,V11,0.0430835787028611
NFKBIA,V12,0.15766660157973
NFKBIA,V13,0
NFKBIA,V14,0
NFKBIA,V15,0
NFKBIA,V16,0
NFKBIA,V17,-0.029725244816414
NFKBIA,V18,0
NFKBIA,V19,0
NFKBIA,V20,-0.176941953506876
NFKBIA,V21,-0.481968489003911
NFKBIA,V22,-0.0433633497487415
NFKBIA,V23,0
NFKBIA,V24,0
NFKBIA,V25,0
NFKBIA,V26,0
NFKBIA,V27,0.112970048578481
NFKBIA,V28,0.0845002581720119
NFKBIA,V29,0
NFKBIA,V30,0
NFKBIA,V31,-0.0279004505065656
NFKBIA,V32,0
NHP2,(Intercept),-0.00861186575631039
NHP2,V1,0
NHP2,V2,0
NHP2,V3,0
NHP2,V4,0
NHP2,V5,0
NHP2,V6,0
NHP2,V7,0
NHP2,V8,0
NHP2,V9,0
NHP2,V10,0
NHP2,V11,-0.126820271163378
NHP2,V12,0
NHP2,V13,0
NHP2,V14,0
NHP2,V15,0
NHP2,V16,0
NHP2,V17,0
NHP2,V18,0
NHP2,V19,0
NHP2,V20,0
NHP2,V21,0
NHP2,V22,0
NHP2,V23,0
NHP2,V24,0
NHP2,V25,0
NHP2,V26,0
NHP2,V27,0
NHP2,V28,0
NHP2,V29,0
NHP2,V30,0
NHP2,V31,0
NHP2,V32,0
NKX1-2,(Intercept),-0.097387860350876
NKX1-2,V1,0.0478440630574195
NKX1-2,V2,0
NKX1-2,V3,0
NKX1-2,V4,0
NKX1-2,V5,0
NKX1-2,V6,0
NKX1-2,V7,0
NKX1-2,V8,0
NKX1-2,V9,0.0522452588883154
NKX1-2,V10,0
NKX1-2,V11,0
NKX1-2,V12,0
NKX1-2,V13,0.191852830387132
NKX1-2,V14,0
NKX1-2,V15,0
NKX1-2,V16,0.371247101997937
NKX1-2,V17,-0.179684003351656
NKX1-2,V18,0.58227480844513
NKX1-2,V19,0.160802607502249
NKX1-2,V20,0
NKX1-2,V21,0
NKX1-2,V22,0.128084245306446
NKX1-2,V23,0
NKX1-2,V24,0
NKX1-2,V25,0
NKX1-2,V26,0
NKX1-2,V27,0
NKX1-2,V28,0
NKX1-2,V29,0
NKX1-2,V30,0
NKX1-2,V31,0
NKX1-2,V32,0.212012477505997
NKX3-1,(Intercept),1.21430643318377e-17
NKX3-1,V1,0
NKX3-1,V2,0
NKX3-1,V3,0
NKX3-1,V4,0
NKX3-1,V5,0
NKX3-1,V6,0
NKX3-1,V7,0
NKX3-1,V8,0
NKX3-1,V9,0
NKX3-1,V10,0
NKX3-1,V11,0
NKX3-1,V12,0
NKX3-1,V13,0
NKX3-1,V14,0
NKX3-1,V15,0
NKX3-1,V16,0
NKX3-1,V17,0
NKX3-1,V18,0
NKX3-1,V19,0
NKX3-1,V20,0
NKX3-1,V21,0
NKX3-1,V22,0
NKX3-1,V23,0
NKX3-1,V24,0
NKX3-1,V25,0
NKX3-1,V26,0
NKX3-1,V27,0
NKX3-1,V28,0
NKX3-1,V29,0
NKX3-1,V30,0
NKX3-1,V31,0
NKX3-1,V32,0
NKX3-2,(Intercept),-0.00222420554482709
NKX3-2,V1,0.0842528624423715
NKX3-2,V2,0
NKX3-2,V3,0
NKX3-2,V4,0
NKX3-2,V5,-0.409579890895915
NKX3-2,V6,0
NKX3-2,V7,0
NKX3-2,V8,0.117395936034351
NKX3-2,V9,0
NKX3-2,V10,0
NKX3-2,V11,0
NKX3-2,V12,0
NKX3-2,V13,-0.396705585512545
NKX3-2,V14,0.157027358140685
NKX3-2,V15,0
NKX3-2,V16,-0.206727745780655
NKX3-2,V17,0
NKX3-2,V18,0
NKX3-2,V19,-0.0244505063479618
NKX3-2,V20,0
NKX3-2,V21,0
NKX3-2,V22,0
NKX3-2,V23,0
NKX3-2,V24,0.110848324607873
NKX3-2,V25,0
NKX3-2,V26,0
NKX3-2,V27,0
NKX3-2,V28,-0.0116186287862843
NKX3-2,V29,0
NKX3-2,V30,0
NKX3-2,V31,0
NKX3-2,V32,0
NKX6-2,(Intercept),-0.00106814231497
NKX6-2,V1,0
NKX6-2,V2,0
NKX6-2,V3,0
NKX6-2,V4,0
NKX6-2,V5,0
NKX6-2,V6,0
NKX6-2,V7,0
NKX6-2,V8,0
NKX6-2,V9,0
NKX6-2,V10,0
NKX6-2,V11,0
NKX6-2,V12,0
NKX6-2,V13,0
NKX6-2,V14,0
NKX6-2,V15,0
NKX6-2,V16,0
NKX6-2,V17,0
NKX6-2,V18,0
NKX6-2,V19,0
NKX6-2,V20,0
NKX6-2,V21,0
NKX6-2,V22,0
NKX6-2,V23,0
NKX6-2,V24,0
NKX6-2,V25,0
NKX6-2,V26,0
NKX6-2,V27,0
NKX6-2,V28,0
NKX6-2,V29,0
NKX6-2,V30,-0.0120034325369452
NKX6-2,V31,0
NKX6-2,V32,0
NME2,(Intercept),-0.00976494489574937
NME2,V1,0
NME2,V2,0
NME2,V3,0
NME2,V4,0
NME2,V5,0
NME2,V6,0
NME2,V7,0
NME2,V8,0
NME2,V9,0
NME2,V10,0
NME2,V11,0
NME2,V12,0
NME2,V13,0
NME2,V14,0
NME2,V15,0
NME2,V16,0
NME2,V17,-0.0768340291901641
NME2,V18,0
NME2,V19,0
NME2,V20,0
NME2,V21,0
NME2,V22,0
NME2,V23,0
NME2,V24,0
NME2,V25,0
NME2,V26,0
NME2,V27,0
NME2,V28,0
NME2,V29,0
NME2,V30,0
NME2,V31,0
NME2,V32,0
NOTO,(Intercept),0.12736412444361
NOTO,V1,-0.273311509449
NOTO,V2,0
NOTO,V3,0.191068038143829
NOTO,V4,0
NOTO,V5,0
NOTO,V6,-0.0717797700533332
NOTO,V7,0
NOTO,V8,0
NOTO,V9,0
NOTO,V10,-0.0522445570407392
NOTO,V11,0.0548758478590173
NOTO,V12,-0.257737469468861
NOTO,V13,-0.159417528003887
NOTO,V14,-0.314304981960649
NOTO,V15,0
NOTO,V16,-0.0487345681796192
NOTO,V17,0
NOTO,V18,-0.193381436439023
NOTO,V19,-0.181640861899966
NOTO,V20,0
NOTO,V21,0
NOTO,V22,0
NOTO,V23,0
NOTO,V24,0.28018165339113
NOTO,V25,0.278056646035308
NOTO,V26,0
NOTO,V27,0
NOTO,V28,0.183332950177613
NOTO,V29,0
NOTO,V30,0
NOTO,V31,0.197806409399995
NOTO,V32,0
NR2F2,(Intercept),-0.0167114402461612
NR2F2,V1,0.0310867600199618
NR2F2,V2,0
NR2F2,V3,0
NR2F2,V4,0
NR2F2,V5,0.0233676066528323
NR2F2,V6,-0.145229071079739
NR2F2,V7,0
NR2F2,V8,0
NR2F2,V9,0
NR2F2,V10,0
NR2F2,V11,-0.042037132561646
NR2F2,V12,0
NR2F2,V13,0
NR2F2,V14,0
NR2F2,V15,-0.00996259649063001
NR2F2,V16,0
NR2F2,V17,0
NR2F2,V18,0
NR2F2,V19,0.790806206985229
NR2F2,V20,-0.892430510525045
NR2F2,V21,-0.511971130054921
NR2F2,V22,0.395796983115922
NR2F2,V23,0
NR2F2,V24,0
NR2F2,V25,0.286128179747705
NR2F2,V26,0
NR2F2,V27,0
NR2F2,V28,0.330209932447071
NR2F2,V29,0.0886759612202164
NR2F2,V30,0
NR2F2,V31,0.153170348746537
NR2F2,V32,0.612839030770588
NR4A1,(Intercept),-0.0270233357632151
NR4A1,V1,-0.125177519583784
NR4A1,V2,0
NR4A1,V3,0
NR4A1,V4,0.230111875922354
NR4A1,V5,0
NR4A1,V6,0
NR4A1,V7,0
NR4A1,V8,0.00193030216159479
NR4A1,V9,0
NR4A1,V10,0
NR4A1,V11,0
NR4A1,V12,-0.262910594238779
NR4A1,V13,-0.156452431729019
NR4A1,V14,0
NR4A1,V15,0.0569784828009683
NR4A1,V16,-0.22749032677436
NR4A1,V17,0.157538289094686
NR4A1,V18,-0.0090827211169856
NR4A1,V19,0
NR4A1,V20,0
NR4A1,V21,-0.455015823180096
NR4A1,V22,-0.196877680636127
NR4A1,V23,0
NR4A1,V24,0.32616613936001
NR4A1,V25,0
NR4A1,V26,0
NR4A1,V27,0
NR4A1,V28,0
NR4A1,V29,-0.0637428477202257
NR4A1,V30,0.1395432282326
NR4A1,V31,0
NR4A1,V32,0
NR4A3,(Intercept),-4.33680868994202e-18
NR4A3,V1,0
NR4A3,V2,0
NR4A3,V3,0
NR4A3,V4,0
NR4A3,V5,0
NR4A3,V6,0
NR4A3,V7,0
NR4A3,V8,0
NR4A3,V9,0
NR4A3,V10,0
NR4A3,V11,0
NR4A3,V12,0
NR4A3,V13,0
NR4A3,V14,0
NR4A3,V15,0
NR4A3,V16,0
NR4A3,V17,0
NR4A3,V18,0
NR4A3,V19,0
NR4A3,V20,0
NR4A3,V21,0
NR4A3,V22,0
NR4A3,V23,0
NR4A3,V24,0
NR4A3,V25,0
NR4A3,V26,0
NR4A3,V27,0
NR4A3,V28,0
NR4A3,V29,0
NR4A3,V30,0
NR4A3,V31,0
NR4A3,V32,0
NSD2,(Intercept),2.77555756156289e-17
NSD2,V1,0
NSD2,V2,0
NSD2,V3,0
NSD2,V4,0
NSD2,V5,0
NSD2,V6,0
NSD2,V7,0
NSD2,V8,0
NSD2,V9,0
NSD2,V10,0
NSD2,V11,0
NSD2,V12,0
NSD2,V13,0
NSD2,V14,0
NSD2,V15,0
NSD2,V16,0
NSD2,V17,0
NSD2,V18,0
NSD2,V19,0
NSD2,V20,0
NSD2,V21,0
NSD2,V22,0
NSD2,V23,0
NSD2,V24,0
NSD2,V25,0
NSD2,V26,0
NSD2,V27,0
NSD2,V28,0
NSD2,V29,0
NSD2,V30,0
NSD2,V31,0
NSD2,V32,0
ONECUT3,(Intercept),-0.00689105680496128
ONECUT3,V1,0
ONECUT3,V2,0
ONECUT3,V3,0
ONECUT3,V4,-0.187910635841289
ONECUT3,V5,0
ONECUT3,V6,0
ONECUT3,V7,0
ONECUT3,V8,-0.0517982287606206
ONECUT3,V9,0.125275717155338
ONECUT3,V10,0.346771118202478
ONECUT3,V11,0.220257150597511
ONECUT3,V12,0.192931517683765
ONECUT3,V13,0.293377208819951
ONECUT3,V14,0
ONECUT3,V15,0
ONECUT3,V16,0
ONECUT3,V17,0
ONECUT3,V18,0.224376087259496
ONECUT3,V19,0.250842873420958
ONECUT3,V20,-0.7968803395917
ONECUT3,V21,0.0693378785822442
ONECUT3,V22,0
ONECUT3,V23,0
ONECUT3,V24,0
ONECUT3,V25,-0.165633703214258
ONECUT3,V26,0
ONECUT3,V27,0
ONECUT3,V28,0.0189595104792209
ONECUT3,V29,0
ONECUT3,V30,0
ONECUT3,V31,-0.0120086817304464
ONECUT3,V32,0
OSR1,(Intercept),0.0413234169828691
OSR1,V1,0
OSR1,V2,0
OSR1,V3,0
OSR1,V4,0
OSR1,V5,0
OSR1,V6,0
OSR1,V7,0
OSR1,V8,0
OSR1,V9,0
OSR1,V10,0
OSR1,V11,0
OSR1,V12,0
OSR1,V13,0
OSR1,V14,-0.401085132772392
OSR1,V15,0
OSR1,V16,-0.0159405055241151
OSR1,V17,0
OSR1,V18,0
OSR1,V19,0
OSR1,V20,0
OSR1,V21,0
OSR1,V22,0
OSR1,V23,0
OSR1,V24,0
OSR1,V25,0
OSR1,V26,0
OSR1,V27,0
OSR1,V28,0
OSR1,V29,0
OSR1,V30,0
OSR1,V31,0
OSR1,V32,-0.211634436325951
OSR2,(Intercept),0.0572462752065745
OSR2,V1,0
OSR2,V2,0
OSR2,V3,0
OSR2,V4,0
OSR2,V5,0
OSR2,V6,0
OSR2,V7,0
OSR2,V8,0.183980923064879
OSR2,V9,0.134818503320931
OSR2,V10,0
OSR2,V11,0
OSR2,V12,-0.20089850857557
OSR2,V13,-0.19246729374126
OSR2,V14,-0.122338250927871
OSR2,V15,0
OSR2,V16,0
OSR2,V17,0
OSR2,V18,0
OSR2,V19,-0.0263611061671875
OSR2,V20,0
OSR2,V21,0
OSR2,V22,0
OSR2,V23,0
OSR2,V24,0
OSR2,V25,0
OSR2,V26,0
OSR2,V27,0
OSR2,V28,0
OSR2,V29,0
OSR2,V30,0.0289153983896779
OSR2,V31,0
OSR2,V32,-0.284717149216708
OVOL1,(Intercept),0.0915390151672473
OVOL1,V1,0
OVOL1,V2,0.348129195338757
OVOL1,V3,-0.176369860406327
OVOL1,V4,0
OVOL1,V5,0
OVOL1,V6,0
OVOL1,V7,0
OVOL1,V8,0
OVOL1,V9,0
OVOL1,V10,0.174062541520441
OVOL1,V11,-0.149021295915924
OVOL1,V12,-0.566895375118087
OVOL1,V13,0.0259072486764884
OVOL1,V14,0
OVOL1,V15,0.475660086790148
OVOL1,V16,0.235425401135386
OVOL1,V17,-0.190211609612524
OVOL1,V18,0.0283977481846492
OVOL1,V19,0.466793363085987
OVOL1,V20,0
OVOL1,V21,-0.0470961785998512
OVOL1,V22,0
OVOL1,V23,0.186704714620659
OVOL1,V24,-0.275909353832639
OVOL1,V25,0.178820868919612
OVOL1,V26,0
OVOL1,V27,0
OVOL1,V28,0.347598736939527
OVOL1,V29,0
OVOL1,V30,0.47398458811266
OVOL1,V31,0
OVOL1,V32,0
OVOL2,(Intercept),0.102439122916804
OVOL2,V1,0.220960767587238
OVOL2,V2,0
OVOL2,V3,-0.1616822792941
OVOL2,V4,0
OVOL2,V5,0.152415849355732
OVOL2,V6,0.0613246640103207
OVOL2,V7,0
OVOL2,V8,0
OVOL2,V9,0
OVOL2,V10,0
OVOL2,V11,0.0406261860457261
OVOL2,V12,0
OVOL2,V13,0.0532037722370095
OVOL2,V14,0
OVOL2,V15,0.206522192197113
OVOL2,V16,0
OVOL2,V17,-0.250746448703792
OVOL2,V18,0
OVOL2,V19,0.702621005159808
OVOL2,V20,-0.334778424867029
OVOL2,V21,0.162550109419113
OVOL2,V22,0
OVOL2,V23,0.305996104759219
OVOL2,V24,-0.132328300669413
OVOL2,V25,0.355854987020223
OVOL2,V26,0
OVOL2,V27,0.00786398474727224
OVOL2,V28,0.259334685945576
OVOL2,V29,0.0386247350863785
OVOL2,V30,0.401191908660872
OVOL2,V31,0
OVOL2,V32,-0.0956480179786762
PARP1,(Intercept),-1.04083408558608e-17
PARP1,V1,0
PARP1,V2,0
PARP1,V3,0
PARP1,V4,0
PARP1,V5,0
PARP1,V6,0
PARP1,V7,0
PARP1,V8,0
PARP1,V9,0
PARP1,V10,0
PARP1,V11,0
PARP1,V12,0
PARP1,V13,0
PARP1,V14,0
PARP1,V15,0
PARP1,V16,0
PARP1,V17,0
PARP1,V18,0
PARP1,V19,0
PARP1,V20,0
PARP1,V21,0
PARP1,V22,0
PARP1,V23,0
PARP1,V24,0
PARP1,V25,0
PARP1,V26,0
PARP1,V27,0
PARP1,V28,0
PARP1,V29,0
PARP1,V30,0
PARP1,V31,0
PARP1,V32,0
PAX2,(Intercept),-0.109986033307983
PAX2,V1,0.342562620168259
PAX2,V2,0
PAX2,V3,0
PAX2,V4,0
PAX2,V5,0
PAX2,V6,0
PAX2,V7,0
PAX2,V8,-0.5030644169653
PAX2,V9,0
PAX2,V10,0
PAX2,V11,0
PAX2,V12,0.102064655241222
PAX2,V13,0.490831561422395
PAX2,V14,0.319386792192536
PAX2,V15,0
PAX2,V16,0.222564557155827
PAX2,V17,0
PAX2,V18,0.533154537326738
PAX2,V19,0.525259234389619
PAX2,V20,-0.0565101071969143
PAX2,V21,0
PAX2,V22,0
PAX2,V23,-0.106384046690253
PAX2,V24,-0.333417235568752
PAX2,V25,0
PAX2,V26,-0.0372396879966736
PAX2,V27,0
PAX2,V28,0.0542774967836316
PAX2,V29,0
PAX2,V30,0
PAX2,V31,-0.141916544387446
PAX2,V32,0
PAX3,(Intercept),-0.0689173006886955
PAX3,V1,0
PAX3,V2,0
PAX3,V3,0
PAX3,V4,0.0844047120998031
PAX3,V5,0
PAX3,V6,0
PAX3,V7,0
PAX3,V8,0
PAX3,V9,0
PAX3,V10,0
PAX3,V11,0
PAX3,V12,0
PAX3,V13,0
PAX3,V14,0
PAX3,V15,0
PAX3,V16,0
PAX3,V17,0
PAX3,V18,0
PAX3,V19,0
PAX3,V20,-0.0262413477312939
PAX3,V21,0
PAX3,V22,0
PAX3,V23,0
PAX3,V24,0
PAX3,V25,-0.400843019517613
PAX3,V26,0
PAX3,V27,0
PAX3,V28,-0.0103899734343282
PAX3,V29,0
PAX3,V30,0
PAX3,V31,-0.0668882506882522
PAX3,V32,0
PAX5,(Intercept),-0.0753672155275139
PAX5,V1,0
PAX5,V2,0
PAX5,V3,0
PAX5,V4,0
PAX5,V5,0
PAX5,V6,0
PAX5,V7,0
PAX5,V8,-0.50443337863561
PAX5,V9,0
PAX5,V10,0
PAX5,V11,0
PAX5,V12,0.204223564888665
PAX5,V13,0.483183427832838
PAX5,V14,0.0969774678587851
PAX5,V15,0
PAX5,V16,0.0468468014964532
PAX5,V17,0
PAX5,V18,0.222539002157288
PAX5,V19,0.254459765187234
PAX5,V20,0
PAX5,V21,0.0342368132201167
PAX5,V22,0
PAX5,V23,0
PAX5,V24,0
PAX5,V25,0
PAX5,V26,0
PAX5,V27,0
PAX5,V28,0
PAX5,V29,0
PAX5,V30,0
PAX5,V31,-0.0242398941312619
PAX5,V32,0
PDX1,(Intercept),-0.0836005507120619
PDX1,V1,0.0449859580275577
PDX1,V2,0
PDX1,V3,-0.160700846950558
PDX1,V4,0
PDX1,V5,-0.0326697621481453
PDX1,V6,-0.118929509734395
PDX1,V7,0
PDX1,V8,0
PDX1,V9,-0.0661714900700942
PDX1,V10,-0.294017598156865
PDX1,V11,0
PDX1,V12,-0.358782528901933
PDX1,V13,0
PDX1,V14,0.345727438234435
PDX1,V15,0
PDX1,V16,0
PDX1,V17,0
PDX1,V18,0.00708766169377013
PDX1,V19,0.458834229463785
PDX1,V20,0.136201315802016
PDX1,V21,0
PDX1,V22,0.128325552974301
PDX1,V23,0
PDX1,V24,-0.0631615479072595
PDX1,V25,0
PDX1,V26,0
PDX1,V27,0
PDX1,V28,0
PDX1,V29,0.0283946697806859
PDX1,V30,-0.372853347661343
PDX1,V31,0
PDX1,V32,0.253673602539723
PHOX2A,(Intercept),-0.0263574994613557
PHOX2A,V1,0
PHOX2A,V2,0.0127235264239033
PHOX2A,V3,0
PHOX2A,V4,0
PHOX2A,V5,0
PHOX2A,V6,0
PHOX2A,V7,0
PHOX2A,V8,0
PHOX2A,V9,0
PHOX2A,V10,0
PHOX2A,V11,0
PHOX2A,V12,0
PHOX2A,V13,0.261723961874302
PHOX2A,V14,0.362369014703448
PHOX2A,V15,0
PHOX2A,V16,0.539870055325282
PHOX2A,V17,0
PHOX2A,V18,0
PHOX2A,V19,0.709595744345532
PHOX2A,V20,0
PHOX2A,V21,0
PHOX2A,V22,0
PHOX2A,V23,0
PHOX2A,V24,0
PHOX2A,V25,0
PHOX2A,V26,-0.143494272198888
PHOX2A,V27,0
PHOX2A,V28,0
PHOX2A,V29,0
PHOX2A,V30,-0.0469702551898126
PHOX2A,V31,0
PHOX2A,V32,0.0278816553195126
PITX1,(Intercept),-0.0132449840859445
PITX1,V1,0
PITX1,V2,0
PITX1,V3,0
PITX1,V4,0
PITX1,V5,0
PITX1,V6,0
PITX1,V7,0
PITX1,V8,0
PITX1,V9,0
PITX1,V10,0
PITX1,V11,0
PITX1,V12,0
PITX1,V13,0
PITX1,V14,0
PITX1,V15,0
PITX1,V16,0
PITX1,V17,0
PITX1,V18,0
PITX1,V19,0.159166259910707
PITX1,V20,0
PITX1,V21,0
PITX1,V22,0.190548436496075
PITX1,V23,0
PITX1,V24,0.129106279710254
PITX1,V25,0
PITX1,V26,0
PITX1,V27,0
PITX1,V28,0
PITX1,V29,0
PITX1,V30,0
PITX1,V31,0
PITX1,V32,0
PLAG1,(Intercept),0.107411406279395
PLAG1,V1,0
PLAG1,V2,-0.223290784441326
PLAG1,V3,0
PLAG1,V4,0
PLAG1,V5,0
PLAG1,V6,0
PLAG1,V7,0
PLAG1,V8,0
PLAG1,V9,0
PLAG1,V10,0.202319149281866
PLAG1,V11,0
PLAG1,V12,-0.101370709323275
PLAG1,V13,-0.499957726406254
PLAG1,V14,-0.384495729345448
PLAG1,V15,0.195223257421976
PLAG1,V16,-0.260813908269446
PLAG1,V17,0
PLAG1,V18,-0.268139962361263
PLAG1,V19,0
PLAG1,V20,0.247169321784866
PLAG1,V21,0
PLAG1,V22,-0.279082040220017
PLAG1,V23,0
PLAG1,V24,-0.0933921932031426
PLAG1,V25,0
PLAG1,V26,0
PLAG1,V27,0.00461168090592177
PLAG1,V28,0
PLAG1,V29,0.064544265227434
PLAG1,V30,0
PLAG1,V31,0
PLAG1,V32,-0.160854548209167
PLAGL1,(Intercept),0.0585697039632489
PLAGL1,V1,0.0960160503790156
PLAGL1,V2,-0.274584373132005
PLAGL1,V3,0
PLAGL1,V4,0
PLAGL1,V5,0
PLAGL1,V6,0.254876501839575
PLAGL1,V7,0
PLAGL1,V8,0.370249897938018
PLAGL1,V9,0.222893862936037
PLAGL1,V10,0
PLAGL1,V11,0
PLAGL1,V12,0
PLAGL1,V13,0
PLAGL1,V14,0
PLAGL1,V15,0.0477373748932242
PLAGL1,V16,0
PLAGL1,V17,0
PLAGL1,V18,0
PLAGL1,V19,0
PLAGL1,V20,0
PLAGL1,V21,0
PLAGL1,V22,0
PLAGL1,V23,0.0347242040369644
PLAGL1,V24,0
PLAGL1,V25,0
PLAGL1,V26,0
PLAGL1,V27,0
PLAGL1,V28,0
PLAGL1,V29,0
PLAGL1,V30,0
PLAGL1,V31,0
PLAGL1,V32,-0.395751060011255
POU4F2,(Intercept),0.0211400109041358
POU4F2,V1,0
POU4F2,V2,0
POU4F2,V3,0
POU4F2,V4,0
POU4F2,V5,0
POU4F2,V6,0
POU4F2,V7,0
POU4F2,V8,0.0209307661007622
POU4F2,V9,0
POU4F2,V10,0
POU4F2,V11,0
POU4F2,V12,0
POU4F2,V13,0
POU4F2,V14,0
POU4F2,V15,0.241866096567193
POU4F2,V16,0
POU4F2,V17,0
POU4F2,V18,0
POU4F2,V19,0
POU4F2,V20,0
POU4F2,V21,0
POU4F2,V22,0
POU4F2,V23,0
POU4F2,V24,0
POU4F2,V25,0
POU4F2,V26,0
POU4F2,V27,0
POU4F2,V28,0
POU4F2,V29,0
POU4F2,V30,0
POU4F2,V31,0
POU4F2,V32,0
PPARGC1A,(Intercept),0.0176549750263265
PPARGC1A,V1,0
PPARGC1A,V2,0
PPARGC1A,V3,0
PPARGC1A,V4,0
PPARGC1A,V5,0
PPARGC1A,V6,0
PPARGC1A,V7,0
PPARGC1A,V8,0
PPARGC1A,V9,0
PPARGC1A,V10,0
PPARGC1A,V11,0
PPARGC1A,V12,0
PPARGC1A,V13,0
PPARGC1A,V14,0
PPARGC1A,V15,0
PPARGC1A,V16,0
PPARGC1A,V17,0
PPARGC1A,V18,0
PPARGC1A,V19,0
PPARGC1A,V20,0
PPARGC1A,V21,0
PPARGC1A,V22,0
PPARGC1A,V23,0
PPARGC1A,V24,0
PPARGC1A,V25,0.0909006193110668
PPARGC1A,V26,0
PPARGC1A,V27,0
PPARGC1A,V28,0
PPARGC1A,V29,0
PPARGC1A,V30,0
PPARGC1A,V31,0.0432707038829838
PPARGC1A,V32,0
PRDM1,(Intercept),0.212675669324459
PRDM1,V1,-0.212122936919478
PRDM1,V2,0.192345633898195
PRDM1,V3,0.0228063134512323
PRDM1,V4,0
PRDM1,V5,0.216653243937194
PRDM1,V6,0
PRDM1,V7,0
PRDM1,V8,0.169395195079724
PRDM1,V9,0
PRDM1,V10,0.24591570286356
PRDM1,V11,-0.395703901224215
PRDM1,V12,0
PRDM1,V13,-0.217779828706801
PRDM1,V14,0
PRDM1,V15,0.0486823815891193
PRDM1,V16,-0.621544627867887
PRDM1,V17,0.558150960185717
PRDM1,V18,-0.778560358930305
PRDM1,V19,-0.379237652683145
PRDM1,V20,0
PRDM1,V21,-0.342546234437674
PRDM1,V22,-0.481643324334069
PRDM1,V23,0.30183660161734
PRDM1,V24,0
PRDM1,V25,0
PRDM1,V26,0
PRDM1,V27,0
PRDM1,V28,0
PRDM1,V29,0.224465265383933
PRDM1,V30,0.337633186583465
PRDM1,V31,-0.049923087400183
PRDM1,V32,-1.20640387582408
PRDM16,(Intercept),-5.20417042793042e-18
PRDM16,V1,0
PRDM16,V2,0
PRDM16,V3,0
PRDM16,V4,0
PRDM16,V5,0
PRDM16,V6,0
PRDM16,V7,0
PRDM16,V8,0
PRDM16,V9,0
PRDM16,V10,0
PRDM16,V11,0
PRDM16,V12,0
PRDM16,V13,0
PRDM16,V14,0
PRDM16,V15,0
PRDM16,V16,0
PRDM16,V17,0
PRDM16,V18,0
PRDM16,V19,0
PRDM16,V20,0
PRDM16,V21,0
PRDM16,V22,0
PRDM16,V23,0
PRDM16,V24,0
PRDM16,V25,0
PRDM16,V26,0
PRDM16,V27,0
PRDM16,V28,0
PRDM16,V29,0
PRDM16,V30,0
PRDM16,V31,0
PRDM16,V32,0
PROX1,(Intercept),-0.170372252220773
PROX1,V1,-0.111771254886061
PROX1,V2,-0.150528918899696
PROX1,V3,-0.149496668278965
PROX1,V4,0
PROX1,V5,-0.00803109100823053
PROX1,V6,0.22521305471247
PROX1,V7,0
PROX1,V8,-0.293506586550175
PROX1,V9,0
PROX1,V10,0
PROX1,V11,0
PROX1,V12,0.0953854940872382
PROX1,V13,0.331960833789716
PROX1,V14,0
PROX1,V15,-0.278323764131614
PROX1,V16,0
PROX1,V17,0
PROX1,V18,0
PROX1,V19,0
PROX1,V20,-0.261483532576541
PROX1,V21,0.0187625241067506
PROX1,V22,0
PROX1,V23,-0.169079271498876
PROX1,V24,-0.0497432685318939
PROX1,V25,-0.399145016837286
PROX1,V26,-0.220217606709745
PROX1,V27,0
PROX1,V28,-0.209303891541498
PROX1,V29,0
PROX1,V30,0
PROX1,V31,-0.379108758969507
PROX1,V32,0.00301381983392678
PRRX2,(Intercept),0.0370911183299806
PRRX2,V1,0
PRRX2,V2,0
PRRX2,V3,0
PRRX2,V4,0
PRRX2,V5,0
PRRX2,V6,0.00696032472251134
PRRX2,V7,0
PRRX2,V8,0
PRRX2,V9,0
PRRX2,V10,0
PRRX2,V11,0
PRRX2,V12,-0.173140594955505
PRRX2,V13,0
PRRX2,V14,0
PRRX2,V15,0.0929011522053559
PRRX2,V16,-0.377537629340266
PRRX2,V17,0
PRRX2,V18,-0.119086328253432
PRRX2,V19,-0.533098341643957
PRRX2,V20,0
PRRX2,V21,0
PRRX2,V22,0
PRRX2,V23,0
PRRX2,V24,0.110426131890793
PRRX2,V25,0
PRRX2,V26,0
PRRX2,V27,0
PRRX2,V28,0
PRRX2,V29,0
PRRX2,V30,0
PRRX2,V31,-0.0959978894615878
PRRX2,V32,-0.422365116075693
PSAP,(Intercept),-0.10616843636764
PSAP,V1,0
PSAP,V2,0
PSAP,V3,0
PSAP,V4,0
PSAP,V5,0
PSAP,V6,0
PSAP,V7,0
PSAP,V8,0
PSAP,V9,0
PSAP,V10,0
PSAP,V11,0
PSAP,V12,0
PSAP,V13,-0.109589810608075
PSAP,V14,0.0590190412379472
PSAP,V15,-0.112892229890862
PSAP,V16,0.604460024807507
PSAP,V17,-0.290042560309279
PSAP,V18,0.178439192745664
PSAP,V19,0
PSAP,V20,0
PSAP,V21,0
PSAP,V22,0.328881165594635
PSAP,V23,0
PSAP,V24,0
PSAP,V25,0
PSAP,V26,0
PSAP,V27,0
PSAP,V28,0
PSAP,V29,0
PSAP,V30,0
PSAP,V31,0
PSAP,V32,0.393443006811075
PTF1A,(Intercept),0.00102154559656504
PTF1A,V1,0
PTF1A,V2,0
PTF1A,V3,0
PTF1A,V4,0
PTF1A,V5,0
PTF1A,V6,0
PTF1A,V7,0
PTF1A,V8,0
PTF1A,V9,0
PTF1A,V10,0
PTF1A,V11,0
PTF1A,V12,0
PTF1A,V13,0
PTF1A,V14,0
PTF1A,V15,0
PTF1A,V16,0
PTF1A,V17,0
PTF1A,V18,0
PTF1A,V19,0
PTF1A,V20,0
PTF1A,V21,0
PTF1A,V22,0
PTF1A,V23,0
PTF1A,V24,-0.019635864598174
PTF1A,V25,0
PTF1A,V26,0
PTF1A,V27,0
PTF1A,V28,0
PTF1A,V29,0
PTF1A,V30,0
PTF1A,V31,0
PTF1A,V32,0
RBMS1,(Intercept),1.69135538907739e-17
RBMS1,V1,0
RBMS1,V2,0
RBMS1,V3,0
RBMS1,V4,0
RBMS1,V5,0
RBMS1,V6,0
RBMS1,V7,0
RBMS1,V8,0
RBMS1,V9,0
RBMS1,V10,0
RBMS1,V11,0
RBMS1,V12,0
RBMS1,V13,0
RBMS1,V14,0
RBMS1,V15,0
RBMS1,V16,0
RBMS1,V17,0
RBMS1,V18,0
RBMS1,V19,0
RBMS1,V20,0
RBMS1,V21,0
RBMS1,V22,0
RBMS1,V23,0
RBMS1,V24,0
RBMS1,V25,0
RBMS1,V26,0
RBMS1,V27,0
RBMS1,V28,0
RBMS1,V29,0
RBMS1,V30,0
RBMS1,V31,0
RBMS1,V32,0
RBPJ,(Intercept),0.0105718311349269
RBPJ,V1,0
RBPJ,V2,0.0988207430848963
RBPJ,V3,0
RBPJ,V4,0
RBPJ,V5,-0.42959935320496
RBPJ,V6,0
RBPJ,V7,0
RBPJ,V8,0
RBPJ,V9,0
RBPJ,V10,0
RBPJ,V11,0
RBPJ,V12,0
RBPJ,V13,0
RBPJ,V14,0.0106795069470399
RBPJ,V15,0
RBPJ,V16,0
RBPJ,V17,0
RBPJ,V18,0
RBPJ,V19,0.349446045956117
RBPJ,V20,0
RBPJ,V21,0
RBPJ,V22,0
RBPJ,V23,0
RBPJ,V24,0
RBPJ,V25,0
RBPJ,V26,0
RBPJ,V27,0
RBPJ,V28,0.0892082044377463
RBPJ,V29,0
RBPJ,V30,0
RBPJ,V31,0
RBPJ,V32,0
RERE,(Intercept),-0.0903623265830174
RERE,V1,0.211512566250684
RERE,V2,0.0442919096361715
RERE,V3,-0.288707369179944
RERE,V4,0
RERE,V5,-0.497524628707279
RERE,V6,0
RERE,V7,0
RERE,V8,-0.237720238448847
RERE,V9,0
RERE,V10,0
RERE,V11,0
RERE,V12,0
RERE,V13,0.151039581075545
RERE,V14,0.470860044787688
RERE,V15,0
RERE,V16,0
RERE,V17,0
RERE,V18,0.328242363987443
RERE,V19,0.148606594661863
RERE,V20,0
RERE,V21,0
RERE,V22,0
RERE,V23,0
RERE,V24,-0.4861605876507
RERE,V25,0
RERE,V26,0
RERE,V27,0
RERE,V28,0.0891720855877219
RERE,V29,0.00127896903544735
RERE,V30,0
RERE,V31,0
RERE,V32,0.317487509080467
REXO1,(Intercept),0.0132045834681426
REXO1,V1,0
REXO1,V2,0
REXO1,V3,0
REXO1,V4,0
REXO1,V5,0
REXO1,V6,0
REXO1,V7,0
REXO1,V8,0
REXO1,V9,0
REXO1,V10,0.00995062677237624
REXO1,V11,0
REXO1,V12,0
REXO1,V13,0
REXO1,V14,0
REXO1,V15,0
REXO1,V16,-0.301582568404361
REXO1,V17,0
REXO1,V18,0
REXO1,V19,0
REXO1,V20,0
REXO1,V21,0
REXO1,V22,0
REXO1,V23,0
REXO1,V24,0
REXO1,V25,0
REXO1,V26,0
REXO1,V27,0
REXO1,V28,0
REXO1,V29,0
REXO1,V30,0
REXO1,V31,0
REXO1,V32,-0.228991874688087
RREB1,(Intercept),0.0425140682478095
RREB1,V1,-0.0250248181131723
RREB1,V2,0.143126384274324
RREB1,V3,0
RREB1,V4,-0.255461352634979
RREB1,V5,0
RREB1,V6,0
RREB1,V7,0.0695762231032869
RREB1,V8,-0.341622684269666
RREB1,V9,-0.0183575467793836
RREB1,V10,0
RREB1,V11,0.0311291823800643
RREB1,V12,0
RREB1,V13,0.70342903597822
RREB1,V14,-0.225339855812782
RREB1,V15,0
RREB1,V16,0.280999870580311
RREB1,V17,0.107359328046587
RREB1,V18,0.184585775876182
RREB1,V19,0
RREB1,V20,-0.364592759259051
RREB1,V21,0.00130076405101515
RREB1,V22,-0.147252602330413
RREB1,V23,0
RREB1,V24,-0.0125106561411623
RREB1,V25,0.0355835513178023
RREB1,V26,-0.0847631030211527
RREB1,V27,0
RREB1,V28,0.185312489910876
RREB1,V29,0.507796705183703
RREB1,V30,0
RREB1,V31,0
RREB1,V32,-0.46195355032723
RUNX1,(Intercept),0.0263902660412303
RUNX1,V1,0
RUNX1,V2,0
RUNX1,V3,0
RUNX1,V4,0
RUNX1,V5,0
RUNX1,V6,0
RUNX1,V7,0
RUNX1,V8,0
RUNX1,V9,0
RUNX1,V10,0
RUNX1,V11,0
RUNX1,V12,-0.33032371998142
RUNX1,V13,-0.194563717276048
RUNX1,V14,-0.0433287040334421
RUNX1,V15,0
RUNX1,V16,-0.0589922755492977
RUNX1,V17,0
RUNX1,V18,-0.0921352438811428
RUNX1,V19,0
RUNX1,V20,0
RUNX1,V21,0
RUNX1,V22,0
RUNX1,V23,-0.107362703359313
RUNX1,V24,0
RUNX1,V25,0
RUNX1,V26,-0.121549969686155
RUNX1,V27,0
RUNX1,V28,0
RUNX1,V29,0
RUNX1,V30,0
RUNX1,V31,0
RUNX1,V32,0
RUNX2,(Intercept),-0.00482556108491821
RUNX2,V1,0
RUNX2,V2,0
RUNX2,V3,0
RUNX2,V4,0
RUNX2,V5,0
RUNX2,V6,0
RUNX2,V7,0
RUNX2,V8,0
RUNX2,V9,0
RUNX2,V10,-0.108945457304827
RUNX2,V11,0
RUNX2,V12,0
RUNX2,V13,0
RUNX2,V14,0
RUNX2,V15,0
RUNX2,V16,0
RUNX2,V17,0
RUNX2,V18,0
RUNX2,V19,0
RUNX2,V20,0
RUNX2,V21,0
RUNX2,V22,0
RUNX2,V23,0
RUNX2,V24,0
RUNX2,V25,0
RUNX2,V26,0
RUNX2,V27,0
RUNX2,V28,0
RUNX2,V29,0
RUNX2,V30,0
RUNX2,V31,0
RUNX2,V32,0
SALL1,(Intercept),-0.0502761042356907
SALL1,V1,0
SALL1,V2,0
SALL1,V3,0
SALL1,V4,0
SALL1,V5,0
SALL1,V6,0
SALL1,V7,0
SALL1,V8,0
SALL1,V9,0
SALL1,V10,0
SALL1,V11,0
SALL1,V12,0
SALL1,V13,0
SALL1,V14,0
SALL1,V15,0
SALL1,V16,0
SALL1,V17,-0.0762151774426034
SALL1,V18,0.215100357669653
SALL1,V19,0.0990342394993221
SALL1,V20,0
SALL1,V21,0
SALL1,V22,0.360271700111268
SALL1,V23,0
SALL1,V24,0
SALL1,V25,0
SALL1,V26,0
SALL1,V27,0
SALL1,V28,0
SALL1,V29,0
SALL1,V30,0
SALL1,V31,0
SALL1,V32,0.0856851364757493
SALL3,(Intercept),0.0421724346708122
SALL3,V1,0
SALL3,V2,0
SALL3,V3,0.0438946227707587
SALL3,V4,0
SALL3,V5,0
SALL3,V6,0
SALL3,V7,-0.0815723211999495
SALL3,V8,0.230359180917835
SALL3,V9,0
SALL3,V10,0
SALL3,V11,0
SALL3,V12,0
SALL3,V13,0
SALL3,V14,0
SALL3,V15,0
SALL3,V16,0
SALL3,V17,0
SALL3,V18,-0.133910503730974
SALL3,V19,0
SALL3,V20,0
SALL3,V21,0
SALL3,V22,0
SALL3,V23,0
SALL3,V24,0
SALL3,V25,0
SALL3,V26,0
SALL3,V27,0
SALL3,V28,0
SALL3,V29,0
SALL3,V30,0
SALL3,V31,0
SALL3,V32,0
SATB2,(Intercept),-0.00515090052541501
SATB2,V1,0
SATB2,V2,0.0195969967144209
SATB2,V3,0
SATB2,V4,0
SATB2,V5,0
SATB2,V6,0
SATB2,V7,0
SATB2,V8,0
SATB2,V9,0
SATB2,V10,0
SATB2,V11,0
SATB2,V12,0
SATB2,V13,0
SATB2,V14,0
SATB2,V15,-0.0578658240191366
SATB2,V16,0
SATB2,V17,0
SATB2,V18,0
SATB2,V19,0
SATB2,V20,0
SATB2,V21,0
SATB2,V22,0
SATB2,V23,0
SATB2,V24,0
SATB2,V25,0
SATB2,V26,0
SATB2,V27,0
SATB2,V28,0
SATB2,V29,0
SATB2,V30,0
SATB2,V31,0
SATB2,V32,0
SIX4,(Intercept),0.00864224083094551
SIX4,V1,0
SIX4,V2,0
SIX4,V3,0
SIX4,V4,0.115593130321597
SIX4,V5,0
SIX4,V6,0
SIX4,V7,0
SIX4,V8,0
SIX4,V9,0
SIX4,V10,0
SIX4,V11,0.128096051325492
SIX4,V12,0
SIX4,V13,0
SIX4,V14,0
SIX4,V15,0
SIX4,V16,0
SIX4,V17,0
SIX4,V18,0
SIX4,V19,0.134278979131424
SIX4,V20,0
SIX4,V21,0
SIX4,V22,0
SIX4,V23,0.278356764600409
SIX4,V24,0
SIX4,V25,0
SIX4,V26,0
SIX4,V27,0
SIX4,V28,0
SIX4,V29,0
SIX4,V30,0
SIX4,V31,0
SIX4,V32,0
SMAD1,(Intercept),0.177365675291015
SMAD1,V1,0
SMAD1,V2,0
SMAD1,V3,0.189084188176444
SMAD1,V4,0
SMAD1,V5,-0.3535314779031
SMAD1,V6,0
SMAD1,V7,0.285541427921535
SMAD1,V8,0
SMAD1,V9,0
SMAD1,V10,0
SMAD1,V11,0
SMAD1,V12,0
SMAD1,V13,0
SMAD1,V14,-0.0762648582099654
SMAD1,V15,0.506550393259787
SMAD1,V16,0
SMAD1,V17,0
SMAD1,V18,0
SMAD1,V19,-0.0264407479653868
SMAD1,V20,0.472371506312195
SMAD1,V21,0
SMAD1,V22,0
SMAD1,V23,0
SMAD1,V24,0.0609410319008741
SMAD1,V25,0.299528706566893
SMAD1,V26,-0.214041893404247
SMAD1,V27,0
SMAD1,V28,0
SMAD1,V29,0
SMAD1,V30,0.0734050401084943
SMAD1,V31,0.301301773135121
SMAD1,V32,-0.409062686842965
SMAD5,(Intercept),4.33680868994202e-19
SMAD5,V1,0
SMAD5,V2,0
SMAD5,V3,0
SMAD5,V4,0
SMAD5,V5,0
SMAD5,V6,0
SMAD5,V7,0
SMAD5,V8,0
SMAD5,V9,0
SMAD5,V10,0
SMAD5,V11,0
SMAD5,V12,0
SMAD5,V13,0
SMAD5,V14,0
SMAD5,V15,0
SMAD5,V16,0
SMAD5,V17,0
SMAD5,V18,0
SMAD5,V19,0
SMAD5,V20,0
SMAD5,V21,0
SMAD5,V22,0
SMAD5,V23,0
SMAD5,V24,0
SMAD5,V25,0
SMAD5,V26,0
SMAD5,V27,0
SMAD5,V28,0
SMAD5,V29,0
SMAD5,V30,0
SMAD5,V31,0
SMAD5,V32,0
SMAD6,(Intercept),-0.0159285290856943
SMAD6,V1,0
SMAD6,V2,0
SMAD6,V3,0
SMAD6,V4,0
SMAD6,V5,-0.0205763318609717
SMAD6,V6,0
SMAD6,V7,-0.139737915582104
SMAD6,V8,0
SMAD6,V9,0
SMAD6,V10,0
SMAD6,V11,0
SMAD6,V12,0
SMAD6,V13,0.439835413825229
SMAD6,V14,0
SMAD6,V15,0
SMAD6,V16,0.0497053585568686
SMAD6,V17,0
SMAD6,V18,0.137391526082136
SMAD6,V19,0.347954828348532
SMAD6,V20,-0.271291852959632
SMAD6,V21,0.0090293825344536
SMAD6,V22,0
SMAD6,V23,0
SMAD6,V24,0
SMAD6,V25,-0.12661978268463
SMAD6,V26,-0.292254682376005
SMAD6,V27,0
SMAD6,V28,0
SMAD6,V29,0
SMAD6,V30,-0.0709374297134928
SMAD6,V31,0
SMAD6,V32,0.027646317687982
SMARCA1,(Intercept),-0.0475010142958196
SMARCA1,V1,0
SMARCA1,V2,0
SMARCA1,V3,-0.109600735326159
SMARCA1,V4,0.317888268645466
SMARCA1,V5,0
SMARCA1,V6,-0.194179734239182
SMARCA1,V7,-0.0709155243322123
SMARCA1,V8,0
SMARCA1,V9,0
SMARCA1,V10,-0.298769064069869
SMARCA1,V11,-0.0651687931240433
SMARCA1,V12,0
SMARCA1,V13,0
SMARCA1,V14,0.0817518442501075
SMARCA1,V15,0
SMARCA1,V16,0.375966504910048
SMARCA1,V17,0
SMARCA1,V18,0
SMARCA1,V19,0.303421792997151
SMARCA1,V20,0
SMARCA1,V21,0
SMARCA1,V22,0.0972899893343306
SMARCA1,V23,0
SMARCA1,V24,0
SMARCA1,V25,0
SMARCA1,V26,-0.00149026340520704
SMARCA1,V27,0
SMARCA1,V28,0
SMARCA1,V29,-0.534041737930861
SMARCA1,V30,0
SMARCA1,V31,0
SMARCA1,V32,0.457978324945238
SMARCA2,(Intercept),7.37257477290143e-18
SMARCA2,V1,0
SMARCA2,V2,0
SMARCA2,V3,0
SMARCA2,V4,0
SMARCA2,V5,0
SMARCA2,V6,0
SMARCA2,V7,0
SMARCA2,V8,0
SMARCA2,V9,0
SMARCA2,V10,0
SMARCA2,V11,0
SMARCA2,V12,0
SMARCA2,V13,0
SMARCA2,V14,0
SMARCA2,V15,0
SMARCA2,V16,0
SMARCA2,V17,0
SMARCA2,V18,0
SMARCA2,V19,0
SMARCA2,V20,0
SMARCA2,V21,0
SMARCA2,V22,0
SMARCA2,V23,0
SMARCA2,V24,0
SMARCA2,V25,0
SMARCA2,V26,0
SMARCA2,V27,0
SMARCA2,V28,0
SMARCA2,V29,0
SMARCA2,V30,0
SMARCA2,V31,0
SMARCA2,V32,0
SNAI1,(Intercept),0.109471713265277
SNAI1,V1,0
SNAI1,V2,0
SNAI1,V3,0.097685911772002
SNAI1,V4,0
SNAI1,V5,0
SNAI1,V6,0
SNAI1,V7,0
SNAI1,V8,0.514767309829116
SNAI1,V9,0
SNAI1,V10,0
SNAI1,V11,0
SNAI1,V12,0
SNAI1,V13,-0.163473769408679
SNAI1,V14,-0.0738559232049379
SNAI1,V15,0
SNAI1,V16,-0.00317599140295141
SNAI1,V17,0.113570405077468
SNAI1,V18,-0.281972253449942
SNAI1,V19,-0.290745127181163
SNAI1,V20,0.0942080863245508
SNAI1,V21,0
SNAI1,V22,-0.0130537011061579
SNAI1,V23,0
SNAI1,V24,0
SNAI1,V25,0
SNAI1,V26,0
SNAI1,V27,0
SNAI1,V28,0
SNAI1,V29,0
SNAI1,V30,0
SNAI1,V31,0
SNAI1,V32,0
SOX8,(Intercept),0.0742129427721496
SOX8,V1,0
SOX8,V2,0
SOX8,V3,0
SOX8,V4,0
SOX8,V5,-0.0874799176553769
SOX8,V6,0
SOX8,V7,0
SOX8,V8,0.0183732135840008
SOX8,V9,0
SOX8,V10,0
SOX8,V11,0
SOX8,V12,0
SOX8,V13,0
SOX8,V14,0
SOX8,V15,0.205106645284467
SOX8,V16,-0.235835611236241
SOX8,V17,0
SOX8,V18,-0.118091114367071
SOX8,V19,0
SOX8,V20,0
SOX8,V21,0
SOX8,V22,-0.133179574011853
SOX8,V23,-0.00416241885816391
SOX8,V24,0
SOX8,V25,0.107795892422749
SOX8,V26,0
SOX8,V27,-0.0384814776916238
SOX8,V28,0
SOX8,V29,0.0230521279672743
SOX8,V30,0
SOX8,V31,0
SOX8,V32,-0.344591818246955
SOX9,(Intercept),0.0338707006476117
SOX9,V1,0.0242282035796891
SOX9,V2,0
SOX9,V3,0
SOX9,V4,0
SOX9,V5,-0.00881340788141603
SOX9,V6,0
SOX9,V7,0
SOX9,V8,0.469189359325562
SOX9,V9,0
SOX9,V10,0.0296991328565939
SOX9,V11,-0.0657093331429359
SOX9,V12,-0.258776009639954
SOX9,V13,-0.233805879559951
SOX9,V14,0
SOX9,V15,0
SOX9,V16,-0.620266219741431
SOX9,V17,0
SOX9,V18,0
SOX9,V19,0
SOX9,V20,0.109878041294702
SOX9,V21,0
SOX9,V22,0
SOX9,V23,0.0260292325552867
SOX9,V24,0
SOX9,V25,0
SOX9,V26,0.499579174832316
SOX9,V27,0.0325515557393822
SOX9,V28,0
SOX9,V29,0
SOX9,V30,0
SOX9,V31,0
SOX9,V32,-0.346473192102518
SOX11,(Intercept),0.042758123739513
SOX11,V1,0
SOX11,V2,0
SOX11,V3,0
SOX11,V4,0
SOX11,V5,0
SOX11,V6,0
SOX11,V7,0
SOX11,V8,0
SOX11,V9,0
SOX11,V10,0.0284232769837304
SOX11,V11,0
SOX11,V12,0
SOX11,V13,0
SOX11,V14,-0.0302510116702634
SOX11,V15,0
SOX11,V16,0
SOX11,V17,0
SOX11,V18,-0.335071017346314
SOX11,V19,0
SOX11,V20,0
SOX11,V21,0
SOX11,V22,0
SOX11,V23,0
SOX11,V24,0
SOX11,V25,0
SOX11,V26,0
SOX11,V27,0
SOX11,V28,0
SOX11,V29,0
SOX11,V30,0
SOX11,V31,0
SOX11,V32,0
SOX12,(Intercept),0.0289748344092737
SOX12,V1,0
SOX12,V2,0
SOX12,V3,0
SOX12,V4,0
SOX12,V5,0
SOX12,V6,0
SOX12,V7,0
SOX12,V8,0
SOX12,V9,0
SOX12,V10,0
SOX12,V11,0
SOX12,V12,0
SOX12,V13,0
SOX12,V14,-0.0876527017044069
SOX12,V15,0
SOX12,V16,0
SOX12,V17,0
SOX12,V18,-0.167260040010592
SOX12,V19,0
SOX12,V20,0
SOX12,V21,0
SOX12,V22,0
SOX12,V23,-0.170906424304327
SOX12,V24,0
SOX12,V25,0
SOX12,V26,0
SOX12,V27,0
SOX12,V28,0.0509555403723822
SOX12,V29,0
SOX12,V30,0
SOX12,V31,0
SOX12,V32,0
SOX13,(Intercept),-0.0252871148448467
SOX13,V1,0
SOX13,V2,0
SOX13,V3,0
SOX13,V4,0.0807238439560972
SOX13,V5,0
SOX13,V6,0.147239799136156
SOX13,V7,0
SOX13,V8,0
SOX13,V9,0
SOX13,V10,0
SOX13,V11,0
SOX13,V12,0
SOX13,V13,-0.341765842826094
SOX13,V14,0
SOX13,V15,0
SOX13,V16,0
SOX13,V17,0
SOX13,V18,0
SOX13,V19,0
SOX13,V20,0
SOX13,V21,0
SOX13,V22,0
SOX13,V23,0
SOX13,V24,0
SOX13,V25,0
SOX13,V26,0
SOX13,V27,0
SOX13,V28,0
SOX13,V29,0
SOX13,V30,0
SOX13,V31,0
SOX13,V32,0
SOX15,(Intercept),0.0870065177462947
SOX15,V1,-0.019795285088054
SOX15,V2,0
SOX15,V3,0.0471117962587742
SOX15,V4,0.375552214373693
SOX15,V5,0.135879030323745
SOX15,V6,0
SOX15,V7,0.0748070741430085
SOX15,V8,0.29669268933912
SOX15,V9,0.622817678928689
SOX15,V10,0.595595839555388
SOX15,V11,0.113003392977371
SOX15,V12,0.0901203334552971
SOX15,V13,0.364334529595915
SOX15,V14,0.16017684526174
SOX15,V15,-0.195216519661624
SOX15,V16,-0.417136074373328
SOX15,V17,0.0653604177378883
SOX15,V18,-0.473987512232853
SOX15,V19,-0.19210967373518
SOX15,V20,-0.159468976719377
SOX15,V21,0
SOX15,V22,-0.21083512294241
SOX15,V23,-0.375000175816869
SOX15,V24,0.242577604075014
SOX15,V25,0
SOX15,V26,0.0343904596839734
SOX15,V27,0.717687418798112
SOX15,V28,-0.124863316643134
SOX15,V29,-0.162752728975209
SOX15,V30,-0.127493464680242
SOX15,V31,-0.533126770324917
SOX15,V32,-0.0954744268356263
SOX17,(Intercept),0.00219913850835138
SOX17,V1,0
SOX17,V2,0
SOX17,V3,0
SOX17,V4,0
SOX17,V5,0
SOX17,V6,0
SOX17,V7,0
SOX17,V8,0
SOX17,V9,0
SOX17,V10,0
SOX17,V11,0
SOX17,V12,0
SOX17,V13,0
SOX17,V14,0
SOX17,V15,0
SOX17,V16,-0.343238863230021
SOX17,V17,0
SOX17,V18,0
SOX17,V19,0
SOX17,V20,0
SOX17,V21,0
SOX17,V22,0
SOX17,V23,0
SOX17,V24,0
SOX17,V25,0
SOX17,V26,0
SOX17,V27,0
SOX17,V28,0
SOX17,V29,0
SOX17,V30,0
SOX17,V31,0
SOX17,V32,0
SOX18,(Intercept),0.0383691636993448
SOX18,V1,0
SOX18,V2,0
SOX18,V3,0
SOX18,V4,0
SOX18,V5,0
SOX18,V6,0
SOX18,V7,0
SOX18,V8,0
SOX18,V9,0
SOX18,V10,0
SOX18,V11,0
SOX18,V12,0
SOX18,V13,0
SOX18,V14,0
SOX18,V15,0.0958889040467536
SOX18,V16,0
SOX18,V17,0
SOX18,V18,0
SOX18,V19,-0.08348475473174
SOX18,V20,0
SOX18,V21,0
SOX18,V22,0
SOX18,V23,0
SOX18,V24,0
SOX18,V25,0.191701796262365
SOX18,V26,0
SOX18,V27,0
SOX18,V28,0
SOX18,V29,0
SOX18,V30,0
SOX18,V31,0
SOX18,V32,0
SP3,(Intercept),-0.0236350674888827
SP3,V1,-0.255220788857782
SP3,V2,0
SP3,V3,0
SP3,V4,0
SP3,V5,-0.0306230939581753
SP3,V6,0
SP3,V7,0
SP3,V8,0
SP3,V9,0
SP3,V10,-0.0347334018919762
SP3,V11,0
SP3,V12,0
SP3,V13,0
SP3,V14,0.446339982782763
SP3,V15,0.332537758102358
SP3,V16,0
SP3,V17,0
SP3,V18,0
SP3,V19,0.0425606962968356
SP3,V20,0
SP3,V21,0
SP3,V22,0.161450354243044
SP3,V23,0
SP3,V24,0
SP3,V25,0
SP3,V26,0
SP3,V27,0
SP3,V28,0
SP3,V29,0
SP3,V30,0
SP3,V31,0
SP3,V32,0.0591144392953817
SRF,(Intercept),-0.0224260513162682
SRF,V1,0
SRF,V2,0
SRF,V3,0
SRF,V4,0
SRF,V5,0.086792193801971
SRF,V6,0
SRF,V7,0
SRF,V8,0
SRF,V9,0
SRF,V10,0
SRF,V11,0
SRF,V12,0
SRF,V13,0
SRF,V14,0
SRF,V15,0
SRF,V16,-0.111535146565895
SRF,V17,0
SRF,V18,0
SRF,V19,0
SRF,V20,0
SRF,V21,0
SRF,V22,0
SRF,V23,0.304098047712358
SRF,V24,0
SRF,V25,0
SRF,V26,0
SRF,V27,0
SRF,V28,0
SRF,V29,0
SRF,V30,-0.27938686508673
SRF,V31,0
SRF,V32,-0.0770599605331992
STAT2,(Intercept),0.12907027038129
STAT2,V1,0
STAT2,V2,0.00102498817176247
STAT2,V3,0.287703052137309
STAT2,V4,0.652039347865992
STAT2,V5,0.344674132064683
STAT2,V6,0.487434024881823
STAT2,V7,-0.275790524794878
STAT2,V8,0.307744930236187
STAT2,V9,0
STAT2,V10,0.0683280709961637
STAT2,V11,0
STAT2,V12,-0.208389513355911
STAT2,V13,-0.23540380502531
STAT2,V14,-0.314030275732014
STAT2,V15,-0.0151693713456984
STAT2,V16,-0.586881084744916
STAT2,V17,-0.137378695392467
STAT2,V18,-0.491099445777352
STAT2,V19,-0.566601284997838
STAT2,V20,0
STAT2,V21,0.239610226120941
STAT2,V22,-0.121423367570057
STAT2,V23,0.457953820726681
STAT2,V24,-0.49367924421761
STAT2,V25,0.359740687677764
STAT2,V26,-0.0165388655084585
STAT2,V27,0
STAT2,V28,-0.0882254473725822
STAT2,V29,-0.0137980477778567
STAT2,V30,-0.632326024746547
STAT2,V31,0.0854975255954256
STAT2,V32,-0.0406262879122669
SUZ12,(Intercept),-0.109606844434999
SUZ12,V1,0
SUZ12,V2,0
SUZ12,V3,0
SUZ12,V4,-0.137977532290188
SUZ12,V5,0
SUZ12,V6,0.0375083460112294
SUZ12,V7,0
SUZ12,V8,-0.572530777451689
SUZ12,V9,0
SUZ12,V10,0.131029538859551
SUZ12,V11,0
SUZ12,V12,0.129042939861355
SUZ12,V13,0.276816345253093
SUZ12,V14,0.358241162904703
SUZ12,V15,0
SUZ12,V16,0.202303663982257
SUZ12,V17,0
SUZ12,V18,0.388838978609491
SUZ12,V19,0.0637280639870684
SUZ12,V20,0
SUZ12,V21,0
SUZ12,V22,0
SUZ12,V23,-0.0671989318858629
SUZ12,V24,0
SUZ12,V25,0
SUZ12,V26,0
SUZ12,V27,-0.117487605110424
SUZ12,V28,0.325099238158055
SUZ12,V29,-0.235567279211196
SUZ12,V30,0
SUZ12,V31,0
SUZ12,V32,0
TBX3,(Intercept),0.0479207339004538
TBX3,V1,-0.618153719535168
TBX3,V2,0
TBX3,V3,0.0115390985874311
TBX3,V4,0
TBX3,V5,0.0540667768656463
TBX3,V6,0
TBX3,V7,0
TBX3,V8,0
TBX3,V9,0
TBX3,V10,0.00296883475747798
TBX3,V11,0.0368475958999222
TBX3,V12,0
TBX3,V13,0
TBX3,V14,0
TBX3,V15,0
TBX3,V16,0
TBX3,V17,0.282041008644203
TBX3,V18,-0.188102177946234
TBX3,V19,-0.682101462928636
TBX3,V20,0
TBX3,V21,0.00611294025280557
TBX3,V22,-0.427679828527499
TBX3,V23,0
TBX3,V24,-0.00743790141083643
TBX3,V25,0
TBX3,V26,-0.0144938084927118
TBX3,V27,0
TBX3,V28,-0.114502460918848
TBX3,V29,0
TBX3,V30,0
TBX3,V31,-0.192437374209803
TBX3,V32,-0.13140375044371
TBX5,(Intercept),0.109262508043196
TBX5,V1,0
TBX5,V2,0
TBX5,V3,0.24662697271401
TBX5,V4,0.189729104717648
TBX5,V5,0
TBX5,V6,0
TBX5,V7,-0.317064615505331
TBX5,V8,0.597369512527869
TBX5,V9,0
TBX5,V10,0.163125188581318
TBX5,V11,0
TBX5,V12,-0.183062193037355
TBX5,V13,-0.358604518165626
TBX5,V14,-0.0887400128956009
TBX5,V15,0
TBX5,V16,-0.688599636660078
TBX5,V17,0
TBX5,V18,-0.13561836922932
TBX5,V19,-0.210064593845136
TBX5,V20,0.197417268977263
TBX5,V21,0
TBX5,V22,0
TBX5,V23,0
TBX5,V24,0
TBX5,V25,0
TBX5,V26,0
TBX5,V27,0
TBX5,V28,-0.120908737129091
TBX5,V29,-0.120929559890145
TBX5,V30,0
TBX5,V31,0
TBX5,V32,-0.0653665627902569
TBX18,(Intercept),-0.0088880785171411
TBX18,V1,0
TBX18,V2,0
TBX18,V3,0
TBX18,V4,0
TBX18,V5,0
TBX18,V6,0
TBX18,V7,0
TBX18,V8,0
TBX18,V9,0
TBX18,V10,0
TBX18,V11,0
TBX18,V12,0
TBX18,V13,0
TBX18,V14,0
TBX18,V15,0
TBX18,V16,0
TBX18,V17,0
TBX18,V18,0.0760793343760841
TBX18,V19,0
TBX18,V20,0
TBX18,V21,0
TBX18,V22,0
TBX18,V23,0
TBX18,V24,0
TBX18,V25,0
TBX18,V26,0
TBX18,V27,0
TBX18,V28,0
TBX18,V29,0
TBX18,V30,0
TBX18,V31,0
TBX18,V32,0
TBX20,(Intercept),-1.38777878078145e-17
TBX20,V1,0
TBX20,V2,0
TBX20,V3,0
TBX20,V4,0
TBX20,V5,0
TBX20,V6,0
TBX20,V7,0
TBX20,V8,0
TBX20,V9,0
TBX20,V10,0
TBX20,V11,0
TBX20,V12,0
TBX20,V13,0
TBX20,V14,0
TBX20,V15,0
TBX20,V16,0
TBX20,V17,0
TBX20,V18,0
TBX20,V19,0
TBX20,V20,0
TBX20,V21,0
TBX20,V22,0
TBX20,V23,0
TBX20,V24,0
TBX20,V25,0
TBX20,V26,0
TBX20,V27,0
TBX20,V28,0
TBX20,V29,0
TBX20,V30,0
TBX20,V31,0
TBX20,V32,0
TBX21,(Intercept),-0.0603120862809305
TBX21,V1,0
TBX21,V2,0
TBX21,V3,0
TBX21,V4,0
TBX21,V5,0
TBX21,V6,0
TBX21,V7,0.113487157045123
TBX21,V8,0
TBX21,V9,-0.0611493992822263
TBX21,V10,0
TBX21,V11,0
TBX21,V12,0
TBX21,V13,0
TBX21,V14,0.0977433556878914
TBX21,V15,-0.368113025137694
TBX21,V16,0
TBX21,V17,-0.0734479346312464
TBX21,V18,0
TBX21,V19,0
TBX21,V20,0
TBX21,V21,0
TBX21,V22,0
TBX21,V23,0
TBX21,V24,0
TBX21,V25,0
TBX21,V26,0.129288794978125
TBX21,V27,0
TBX21,V28,0
TBX21,V29,0
TBX21,V30,0
TBX21,V31,0
TBX21,V32,0
TCF7L1,(Intercept),-0.0422066322067456
TCF7L1,V1,0
TCF7L1,V2,0
TCF7L1,V3,0
TCF7L1,V4,0
TCF7L1,V5,0
TCF7L1,V6,0
TCF7L1,V7,0
TCF7L1,V8,0
TCF7L1,V9,0
TCF7L1,V10,0
TCF7L1,V11,0.0491554550979691
TCF7L1,V12,0
TCF7L1,V13,0
TCF7L1,V14,0
TCF7L1,V15,0
TCF7L1,V16,0
TCF7L1,V17,0
TCF7L1,V18,0.205750029950674
TCF7L1,V19,0
TCF7L1,V20,0
TCF7L1,V21,0
TCF7L1,V22,0
TCF7L1,V23,0
TCF7L1,V24,0
TCF7L1,V25,-0.135672806516411
TCF7L1,V26,0
TCF7L1,V27,0
TCF7L1,V28,0
TCF7L1,V29,0
TCF7L1,V30,0
TCF7L1,V31,0
TCF7L1,V32,0
TEAD3,(Intercept),0.0737167360875623
TEAD3,V1,0
TEAD3,V2,0
TEAD3,V3,0.270528932059165
TEAD3,V4,0
TEAD3,V5,0.0783311999517201
TEAD3,V6,0
TEAD3,V7,0
TEAD3,V8,0.34398716236231
TEAD3,V9,-0.124588926348455
TEAD3,V10,0
TEAD3,V11,0.0366917236824609
TEAD3,V12,0
TEAD3,V13,0
TEAD3,V14,0
TEAD3,V15,0
TEAD3,V16,-0.685604613314262
TEAD3,V17,0
TEAD3,V18,-0.299262097379254
TEAD3,V19,-0.167981935811208
TEAD3,V20,0.00302394681792017
TEAD3,V21,0
TEAD3,V22,-0.0624371258696396
TEAD3,V23,0
TEAD3,V24,0.109365252769952
TEAD3,V25,0
TEAD3,V26,0
TEAD3,V27,0.224424859408621
TEAD3,V28,-0.10507854207101
TEAD3,V29,0
TEAD3,V30,0
TEAD3,V31,0
TEAD3,V32,-0.0193943805571017
TFAP2A,(Intercept),-0.0616476367671661
TFAP2A,V1,0
TFAP2A,V2,0
TFAP2A,V3,0
TFAP2A,V4,0.0038239932929
TFAP2A,V5,0
TFAP2A,V6,0
TFAP2A,V7,0
TFAP2A,V8,0
TFAP2A,V9,-0.0860982662161903
TFAP2A,V10,0
TFAP2A,V11,0
TFAP2A,V12,0
TFAP2A,V13,0
TFAP2A,V14,0.0488929630799031
TFAP2A,V15,0
TFAP2A,V16,0
TFAP2A,V17,-0.264244563954747
TFAP2A,V18,0.0654649236246394
TFAP2A,V19,0
TFAP2A,V20,0
TFAP2A,V21,0
TFAP2A,V22,0.276131569056301
TFAP2A,V23,0
TFAP2A,V24,0
TFAP2A,V25,0
TFAP2A,V26,0
TFAP2A,V27,0
TFAP2A,V28,0
TFAP2A,V29,0
TFAP2A,V30,0
TFAP2A,V31,0
TFAP2A,V32,0
TFAP2C,(Intercept),-0.0181281602964069
TFAP2C,V1,0
TFAP2C,V2,0
TFAP2C,V3,0
TFAP2C,V4,0
TFAP2C,V5,0
TFAP2C,V6,0
TFAP2C,V7,0
TFAP2C,V8,0
TFAP2C,V9,0
TFAP2C,V10,0
TFAP2C,V11,0
TFAP2C,V12,0
TFAP2C,V13,0
TFAP2C,V14,0
TFAP2C,V15,0
TFAP2C,V16,0
TFAP2C,V17,-0.128697258229594
TFAP2C,V18,0
TFAP2C,V19,0
TFAP2C,V20,0
TFAP2C,V21,0
TFAP2C,V22,0
TFAP2C,V23,0
TFAP2C,V24,0
TFAP2C,V25,0
TFAP2C,V26,0
TFAP2C,V27,0
TFAP2C,V28,0
TFAP2C,V29,0
TFAP2C,V30,-0.0199114081183675
TFAP2C,V31,0
TFAP2C,V32,0
TFAP2E,(Intercept),-0.0747783598745968
TFAP2E,V1,0
TFAP2E,V2,0.105874559772423
TFAP2E,V3,0
TFAP2E,V4,0.0110791516475023
TFAP2E,V5,0
TFAP2E,V6,0
TFAP2E,V7,0
TFAP2E,V8,0
TFAP2E,V9,-0.493561038610103
TFAP2E,V10,0
TFAP2E,V11,0
TFAP2E,V12,0
TFAP2E,V13,0
TFAP2E,V14,0
TFAP2E,V15,0
TFAP2E,V16,0
TFAP2E,V17,-0.193835962979971
TFAP2E,V18,0
TFAP2E,V19,0
TFAP2E,V20,0
TFAP2E,V21,0
TFAP2E,V22,0
TFAP2E,V23,0.117530956201659
TFAP2E,V24,0
TFAP2E,V25,0
TFAP2E,V26,0
TFAP2E,V27,0.00165664044120207
TFAP2E,V28,0
TFAP2E,V29,0
TFAP2E,V30,0
TFAP2E,V31,0
TFAP2E,V32,0
TFCP2L1,(Intercept),0.00418494174047673
TFCP2L1,V1,0
TFCP2L1,V2,0
TFCP2L1,V3,0
TFCP2L1,V4,0
TFCP2L1,V5,0
TFCP2L1,V6,0
TFCP2L1,V7,0
TFCP2L1,V8,0
TFCP2L1,V9,0
TFCP2L1,V10,0
TFCP2L1,V11,0
TFCP2L1,V12,0
TFCP2L1,V13,0.353200869059296
TFCP2L1,V14,0
TFCP2L1,V15,0
TFCP2L1,V16,0
TFCP2L1,V17,0
TFCP2L1,V18,0
TFCP2L1,V19,0.0223735757969845
TFCP2L1,V20,0
TFCP2L1,V21,0
TFCP2L1,V22,0.118799071324271
TFCP2L1,V23,0
TFCP2L1,V24,0
TFCP2L1,V25,0
TFCP2L1,V26,0
TFCP2L1,V27,0
TFCP2L1,V28,0
TFCP2L1,V29,0
TFCP2L1,V30,0
TFCP2L1,V31,0
TFCP2L1,V32,0
TGIF1,(Intercept),0.0304103004990966
TGIF1,V1,0
TGIF1,V2,0
TGIF1,V3,0
TGIF1,V4,0
TGIF1,V5,0
TGIF1,V6,0
TGIF1,V7,0
TGIF1,V8,0
TGIF1,V9,0.0507223432529976
TGIF1,V10,0.167238710454956
TGIF1,V11,0
TGIF1,V12,0
TGIF1,V13,0
TGIF1,V14,0
TGIF1,V15,0
TGIF1,V16,0
TGIF1,V17,0
TGIF1,V18,-0.0629717754974349
TGIF1,V19,0
TGIF1,V20,0
TGIF1,V21,0
TGIF1,V22,0
TGIF1,V23,0
TGIF1,V24,-0.0721735087492869
TGIF1,V25,0
TGIF1,V26,0
TGIF1,V27,0
TGIF1,V28,0.128931190354218
TGIF1,V29,0
TGIF1,V30,0
TGIF1,V31,0
TGIF1,V32,0
THRA,(Intercept),0.152738951211442
THRA,V1,0
THRA,V2,0
THRA,V3,0
THRA,V4,0
THRA,V5,0.0344934778036147
THRA,V6,0
THRA,V7,0
THRA,V8,0.543164536691822
THRA,V9,0
THRA,V10,0
THRA,V11,-0.226499481970727
THRA,V12,0
THRA,V13,-0.539023253294504
THRA,V14,-0.336522152087491
THRA,V15,0
THRA,V16,-0.597422492664401
THRA,V17,0
THRA,V18,-0.0808900562995531
THRA,V19,-0.176909400494583
THRA,V20,0.0155974618203548
THRA,V21,0
THRA,V22,0
THRA,V23,0
THRA,V24,0
THRA,V25,0.453667787691221
THRA,V26,0.107508774085958
THRA,V27,0
THRA,V28,0
THRA,V29,0.203497911604957
THRA,V30,0
THRA,V31,0.23019022868958
THRA,V32,-0.0604352877130768
TLX1,(Intercept),-0.016567011449274
TLX1,V1,0
TLX1,V2,0
TLX1,V3,0
TLX1,V4,0
TLX1,V5,-0.101540018539095
TLX1,V6,0
TLX1,V7,0
TLX1,V8,0
TLX1,V9,0
TLX1,V10,-0.390688147440758
TLX1,V11,0
TLX1,V12,0
TLX1,V13,-0.0834584386513185
TLX1,V14,0
TLX1,V15,0
TLX1,V16,0
TLX1,V17,0
TLX1,V18,0
TLX1,V19,0
TLX1,V20,0
TLX1,V21,0
TLX1,V22,0
TLX1,V23,0
TLX1,V24,0
TLX1,V25,0
TLX1,V26,0
TLX1,V27,0
TLX1,V28,0
TLX1,V29,0
TLX1,V30,0
TLX1,V31,0
TLX1,V32,0
TONSL,(Intercept),-0.00825019494462188
TONSL,V1,0
TONSL,V2,0.258096835041343
TONSL,V3,0
TONSL,V4,0
TONSL,V5,-0.220266712046262
TONSL,V6,0
TONSL,V7,0
TONSL,V8,0
TONSL,V9,0
TONSL,V10,0
TONSL,V11,0
TONSL,V12,0
TONSL,V13,0
TONSL,V14,0.0812878987529722
TONSL,V15,0
TONSL,V16,0.0157106703269353
TONSL,V17,0
TONSL,V18,0
TONSL,V19,0
TONSL,V20,0.344904283911754
TONSL,V21,0
TONSL,V22,0
TONSL,V23,0
TONSL,V24,0
TONSL,V25,0
TONSL,V26,0
TONSL,V27,0
TONSL,V28,0
TONSL,V29,0
TONSL,V30,0
TONSL,V31,0
TONSL,V32,0
TOX,(Intercept),-0.0478146084243575
TOX,V1,-0.0220734251905745
TOX,V2,0
TOX,V3,0
TOX,V4,0
TOX,V5,0.0705208607789973
TOX,V6,0
TOX,V7,0
TOX,V8,0
TOX,V9,0
TOX,V10,0.0564358798137333
TOX,V11,0.174673205087028
TOX,V12,0.0362456639900476
TOX,V13,0.179382520987295
TOX,V14,0
TOX,V15,-0.207370643208949
TOX,V16,0
TOX,V17,0
TOX,V18,0
TOX,V19,0.131388073164772
TOX,V20,0.00960063312212336
TOX,V21,-0.199250130637334
TOX,V22,0.0726011602865248
TOX,V23,0
TOX,V24,0
TOX,V25,0
TOX,V26,0
TOX,V27,0
TOX,V28,0
TOX,V29,0
TOX,V30,-0.141564929321203
TOX,V31,-0.0883896298073759
TOX,V32,0
TP73,(Intercept),0.0260327459747447
TP73,V1,0
TP73,V2,0
TP73,V3,0
TP73,V4,0
TP73,V5,0
TP73,V6,0
TP73,V7,0
TP73,V8,0
TP73,V9,0
TP73,V10,0
TP73,V11,0
TP73,V12,0
TP73,V13,0
TP73,V14,0
TP73,V15,0
TP73,V16,0
TP73,V17,0
TP73,V18,0
TP73,V19,0
TP73,V20,0.148688062397902
TP73,V21,0
TP73,V22,0.0638732230716683
TP73,V23,0.381675991303166
TP73,V24,0
TP73,V25,0.174018459351589
TP73,V26,0
TP73,V27,0
TP73,V28,0
TP73,V29,0
TP73,V30,0
TP73,V31,0
TP73,V32,0
TRIM22,(Intercept),0.00574811557254461
TRIM22,V1,0
TRIM22,V2,0
TRIM22,V3,0
TRIM22,V4,0
TRIM22,V5,0
TRIM22,V6,-0.108352163871785
TRIM22,V7,0
TRIM22,V8,0
TRIM22,V9,0
TRIM22,V10,0
TRIM22,V11,0
TRIM22,V12,0
TRIM22,V13,0.15251496478904
TRIM22,V14,0
TRIM22,V15,0
TRIM22,V16,0
TRIM22,V17,0
TRIM22,V18,0.0742767535551179
TRIM22,V19,0
TRIM22,V20,0
TRIM22,V21,0
TRIM22,V22,0.000498879519376663
TRIM22,V23,0
TRIM22,V24,0
TRIM22,V25,0
TRIM22,V26,0.0752032683487202
TRIM22,V27,0
TRIM22,V28,0.00344398968520784
TRIM22,V29,0.126119412284527
TRIM22,V30,0
TRIM22,V31,0
TRIM22,V32,0
TRIM24,(Intercept),0.0338142363995822
TRIM24,V1,0
TRIM24,V2,-0.246271767733165
TRIM24,V3,0
TRIM24,V4,0
TRIM24,V5,0
TRIM24,V6,0
TRIM24,V7,0
TRIM24,V8,0
TRIM24,V9,0
TRIM24,V10,0
TRIM24,V11,0
TRIM24,V12,0
TRIM24,V13,0
TRIM24,V14,-0.0208337148282163
TRIM24,V15,0
TRIM24,V16,-0.0151595359263618
TRIM24,V17,0
TRIM24,V18,0
TRIM24,V19,0
TRIM24,V20,0
TRIM24,V21,0.153300903289969
TRIM24,V22,0
TRIM24,V23,0
TRIM24,V24,0
TRIM24,V25,0
TRIM24,V26,0
TRIM24,V27,-0.0572108920362365
TRIM24,V28,0
TRIM24,V29,0
TRIM24,V30,0.055726824371804
TRIM24,V31,0
TRIM24,V32,0
TRIM28,(Intercept),-0.126043485252391
TRIM28,V1,0
TRIM28,V2,0
TRIM28,V3,-0.267174800354946
TRIM28,V4,0
TRIM28,V5,-0.143335590492013
TRIM28,V6,0
TRIM28,V7,0.299326986953024
TRIM28,V8,-0.312038093608294
TRIM28,V9,0
TRIM28,V10,0
TRIM28,V11,0
TRIM28,V12,0.15321239502785
TRIM28,V13,0.389331505498357
TRIM28,V14,0.12331391703015
TRIM28,V15,0
TRIM28,V16,0.19034405597843
TRIM28,V17,0
TRIM28,V18,0
TRIM28,V19,0
TRIM28,V20,-0.143926422901586
TRIM28,V21,0
TRIM28,V22,0
TRIM28,V23,0
TRIM28,V24,0
TRIM28,V25,-0.355863681172587
TRIM28,V26,0
TRIM28,V27,0
TRIM28,V28,0
TRIM28,V29,-0.124526274960082
TRIM28,V30,0
TRIM28,V31,0
TRIM28,V32,0.168824505314925
TSC22D1,(Intercept),-0.00613530197516664
TSC22D1,V1,-0.144053583697066
TSC22D1,V2,0
TSC22D1,V3,0
TSC22D1,V4,0
TSC22D1,V5,0
TSC22D1,V6,0
TSC22D1,V7,0
TSC22D1,V8,0
TSC22D1,V9,0
TSC22D1,V10,0
TSC22D1,V11,0
TSC22D1,V12,0
TSC22D1,V13,0
TSC22D1,V14,0.0311086934734806
TSC22D1,V15,0
TSC22D1,V16,0
TSC22D1,V17,0
TSC22D1,V18,0
TSC22D1,V19,0
TSC22D1,V20,0
TSC22D1,V21,0
TSC22D1,V22,0
TSC22D1,V23,0
TSC22D1,V24,0
TSC22D1,V25,0
TSC22D1,V26,0
TSC22D1,V27,0
TSC22D1,V28,0
TSC22D1,V29,0
TSC22D1,V30,0
TSC22D1,V31,0
TSC22D1,V32,0
TSHZ1,(Intercept),0.0376698725845057
TSHZ1,V1,0
TSHZ1,V2,0
TSHZ1,V3,0
TSHZ1,V4,0
TSHZ1,V5,0
TSHZ1,V6,0
TSHZ1,V7,0
TSHZ1,V8,0
TSHZ1,V9,0
TSHZ1,V10,0
TSHZ1,V11,0
TSHZ1,V12,0
TSHZ1,V13,0
TSHZ1,V14,-0.366950566396425
TSHZ1,V15,0
TSHZ1,V16,0
TSHZ1,V17,0
TSHZ1,V18,-0.0478625788800546
TSHZ1,V19,0
TSHZ1,V20,0
TSHZ1,V21,0
TSHZ1,V22,0
TSHZ1,V23,0
TSHZ1,V24,0
TSHZ1,V25,0
TSHZ1,V26,0
TSHZ1,V27,0
TSHZ1,V28,0
TSHZ1,V29,0
TSHZ1,V30,0.0395986351611949
TSHZ1,V31,0
TSHZ1,V32,0
TWIST2,(Intercept),2.60208521396521e-18
TWIST2,V1,0
TWIST2,V2,0
TWIST2,V3,0
TWIST2,V4,0
TWIST2,V5,0
TWIST2,V6,0
TWIST2,V7,0
TWIST2,V8,0
TWIST2,V9,0
TWIST2,V10,0
TWIST2,V11,0
TWIST2,V12,0
TWIST2,V13,0
TWIST2,V14,0
TWIST2,V15,0
TWIST2,V16,0
TWIST2,V17,0
TWIST2,V18,0
TWIST2,V19,0
TWIST2,V20,0
TWIST2,V21,0
TWIST2,V22,0
TWIST2,V23,0
TWIST2,V24,0
TWIST2,V25,0
TWIST2,V26,0
TWIST2,V27,0
TWIST2,V28,0
TWIST2,V29,0
TWIST2,V30,0
TWIST2,V31,0
TWIST2,V32,0
VENTX,(Intercept),-0.0110153851775157
VENTX,V1,0
VENTX,V2,0
VENTX,V3,0
VENTX,V4,0
VENTX,V5,0
VENTX,V6,0
VENTX,V7,0
VENTX,V8,0
VENTX,V9,0
VENTX,V10,0
VENTX,V11,0
VENTX,V12,0
VENTX,V13,0
VENTX,V14,0
VENTX,V15,0
VENTX,V16,0
VENTX,V17,0
VENTX,V18,0
VENTX,V19,0.125459686114949
VENTX,V20,0
VENTX,V21,0
VENTX,V22,0
VENTX,V23,0
VENTX,V24,0
VENTX,V25,-0.0592895737855186
VENTX,V26,0
VENTX,V27,0
VENTX,V28,0
VENTX,V29,0
VENTX,V30,-0.0116316194603665
VENTX,V31,0
VENTX,V32,0
YAP1,(Intercept),-0.0267760160647801
YAP1,V1,0
YAP1,V2,0.0674195594523077
YAP1,V3,0
YAP1,V4,0
YAP1,V5,0.0704117199001338
YAP1,V6,-0.339268345179977
YAP1,V7,0.442806738337186
YAP1,V8,0
YAP1,V9,-0.347550262587443
YAP1,V10,0.138102578636533
YAP1,V11,0.0687113800750972
YAP1,V12,0.141642895259539
YAP1,V13,1.14058244880227
YAP1,V14,0.177134175586393
YAP1,V15,-0.700871293474505
YAP1,V16,0.759933079283902
YAP1,V17,0
YAP1,V18,0
YAP1,V19,0.331515018135368
YAP1,V20,0
YAP1,V21,0
YAP1,V22,0
YAP1,V23,0
YAP1,V24,0
YAP1,V25,-0.00250171503873202
YAP1,V26,0
YAP1,V27,0
YAP1,V28,0.658136075355406
YAP1,V29,0
YAP1,V30,0
YAP1,V31,-0.276625942913142
YAP1,V32,0
YBX1,(Intercept),3.46944695195361e-18
YBX1,V1,0
YBX1,V2,0
YBX1,V3,0
YBX1,V4,0
YBX1,V5,0
YBX1,V6,0
YBX1,V7,0
YBX1,V8,0
YBX1,V9,0
YBX1,V10,0
YBX1,V11,0
YBX1,V12,0
YBX1,V13,0
YBX1,V14,0
YBX1,V15,0
YBX1,V16,0
YBX1,V17,0
YBX1,V18,0
YBX1,V19,0
YBX1,V20,0
YBX1,V21,0
YBX1,V22,0
YBX1,V23,0
YBX1,V24,0
YBX1,V25,0
YBX1,V26,0
YBX1,V27,0
YBX1,V28,0
YBX1,V29,0
YBX1,V30,0
YBX1,V31,0
YBX1,V32,0
YBX3,(Intercept),1.99493199737333e-17
YBX3,V1,0
YBX3,V2,0
YBX3,V3,0
YBX3,V4,0
YBX3,V5,0
YBX3,V6,0
YBX3,V7,0
YBX3,V8,0
YBX3,V9,0
YBX3,V10,0
YBX3,V11,0
YBX3,V12,0
YBX3,V13,0
YBX3,V14,0
YBX3,V15,0
YBX3,V16,0
YBX3,V17,0
YBX3,V18,0
YBX3,V19,0
YBX3,V20,0
YBX3,V21,0
YBX3,V22,0
YBX3,V23,0
YBX3,V24,0
YBX3,V25,0
YBX3,V26,0
YBX3,V27,0
YBX3,V28,0
YBX3,V29,0
YBX3,V30,0
YBX3,V31,0
YBX3,V32,0
YWHAZ,(Intercept),0.113885017973327
YWHAZ,V1,-0.14838323487179
YWHAZ,V2,0
YWHAZ,V3,0
YWHAZ,V4,0
YWHAZ,V5,0.280847947987409
YWHAZ,V6,0
YWHAZ,V7,0
YWHAZ,V8,0.3755755294995
YWHAZ,V9,0
YWHAZ,V10,0.0746839800489334
YWHAZ,V11,0
YWHAZ,V12,0
YWHAZ,V13,-0.580312250330588
YWHAZ,V14,-0.305368333928796
YWHAZ,V15,0
YWHAZ,V16,-0.651254186829056
YWHAZ,V17,0.147266432867175
YWHAZ,V18,-0.559130232239291
YWHAZ,V19,-0.505748487380846
YWHAZ,V20,0.319000363626634
YWHAZ,V21,0
YWHAZ,V22,0
YWHAZ,V23,-0.0427830121606486
YWHAZ,V24,0.429399658809783
YWHAZ,V25,0.0725330939144183
YWHAZ,V26,0.169629857289073
YWHAZ,V27,0
YWHAZ,V28,0
YWHAZ,V29,-0.12526803460758
YWHAZ,V30,0
YWHAZ,V31,0
YWHAZ,V32,-0.165431417518221
ZBTB7A,(Intercept),0.213621687201455
ZBTB7A,V1,0
ZBTB7A,V2,0.18953280056705
ZBTB7A,V3,0.303109330600022
ZBTB7A,V4,0
ZBTB7A,V5,0
ZBTB7A,V6,0
ZBTB7A,V7,0.106383844991132
ZBTB7A,V8,0
ZBTB7A,V9,0
ZBTB7A,V10,0.188176858889787
ZBTB7A,V11,0
ZBTB7A,V12,0.352085026064298
ZBTB7A,V13,-0.176867009450293
ZBTB7A,V14,-0.361175946365923
ZBTB7A,V15,0.434476072357422
ZBTB7A,V16,0
ZBTB7A,V17,0.172349332021893
ZBTB7A,V18,-0.462489130552591
ZBTB7A,V19,0
ZBTB7A,V20,-0.0204031406512426
ZBTB7A,V21,-0.325119173664851
ZBTB7A,V22,0
ZBTB7A,V23,0.00301328418695746
ZBTB7A,V24,0.107182377135518
ZBTB7A,V25,0.520586463918563
ZBTB7A,V26,-0.0852373305496956
ZBTB7A,V27,0
ZBTB7A,V28,0
ZBTB7A,V29,0
ZBTB7A,V30,0.000509510010301541
ZBTB7A,V31,0.107404467597098
ZBTB7A,V32,-0.151388459677248
ZBTB10,(Intercept),-0.000484098864701438
ZBTB10,V1,0
ZBTB10,V2,0
ZBTB10,V3,0
ZBTB10,V4,0
ZBTB10,V5,0
ZBTB10,V6,0
ZBTB10,V7,0
ZBTB10,V8,0
ZBTB10,V9,0
ZBTB10,V10,0
ZBTB10,V11,0
ZBTB10,V12,0
ZBTB10,V13,0
ZBTB10,V14,0
ZBTB10,V15,0
ZBTB10,V16,0
ZBTB10,V17,0
ZBTB10,V18,0
ZBTB10,V19,0.104454967151991
ZBTB10,V20,0
ZBTB10,V21,0
ZBTB10,V22,0
ZBTB10,V23,0
ZBTB10,V24,0
ZBTB10,V25,0
ZBTB10,V26,0
ZBTB10,V27,0
ZBTB10,V28,0
ZBTB10,V29,0
ZBTB10,V30,0
ZBTB10,V31,0
ZBTB10,V32,0
ZBTB18,(Intercept),6.08703090955849e-05
ZBTB18,V1,0
ZBTB18,V2,0
ZBTB18,V3,0
ZBTB18,V4,0
ZBTB18,V5,0
ZBTB18,V6,0
ZBTB18,V7,0
ZBTB18,V8,0
ZBTB18,V9,0
ZBTB18,V10,0
ZBTB18,V11,0
ZBTB18,V12,0
ZBTB18,V13,0
ZBTB18,V14,0
ZBTB18,V15,0
ZBTB18,V16,0
ZBTB18,V17,0
ZBTB18,V18,0
ZBTB18,V19,0
ZBTB18,V20,0
ZBTB18,V21,0
ZBTB18,V22,0
ZBTB18,V23,0.0612919498721316
ZBTB18,V24,0
ZBTB18,V25,0
ZBTB18,V26,0
ZBTB18,V27,0
ZBTB18,V28,0
ZBTB18,V29,0
ZBTB18,V30,0
ZBTB18,V31,0
ZBTB18,V32,0
ZBTB37,(Intercept),0.00147788961117016
ZBTB37,V1,0
ZBTB37,V2,0
ZBTB37,V3,0
ZBTB37,V4,0
ZBTB37,V5,0
ZBTB37,V6,0
ZBTB37,V7,0
ZBTB37,V8,0
ZBTB37,V9,0
ZBTB37,V10,0
ZBTB37,V11,0
ZBTB37,V12,0
ZBTB37,V13,0
ZBTB37,V14,0
ZBTB37,V15,0
ZBTB37,V16,0
ZBTB37,V17,0.0116285565086924
ZBTB37,V18,0
ZBTB37,V19,0
ZBTB37,V20,0
ZBTB37,V21,0
ZBTB37,V22,0
ZBTB37,V23,0
ZBTB37,V24,0
ZBTB37,V25,0
ZBTB37,V26,0
ZBTB37,V27,0
ZBTB37,V28,0
ZBTB37,V29,0
ZBTB37,V30,0
ZBTB37,V31,0
ZBTB37,V32,0
ZBTB42,(Intercept),0.0174806073656115
ZBTB42,V1,0
ZBTB42,V2,0
ZBTB42,V3,0.183009584948282
ZBTB42,V4,0
ZBTB42,V5,0
ZBTB42,V6,0
ZBTB42,V7,0
ZBTB42,V8,0
ZBTB42,V9,0
ZBTB42,V10,0
ZBTB42,V11,0
ZBTB42,V12,0
ZBTB42,V13,0
ZBTB42,V14,0
ZBTB42,V15,0
ZBTB42,V16,0
ZBTB42,V17,0
ZBTB42,V18,0
ZBTB42,V19,0
ZBTB42,V20,0
ZBTB42,V21,0
ZBTB42,V22,0
ZBTB42,V23,0
ZBTB42,V24,0
ZBTB42,V25,0
ZBTB42,V26,0
ZBTB42,V27,0
ZBTB42,V28,0
ZBTB42,V29,0
ZBTB42,V30,0
ZBTB42,V31,0
ZBTB42,V32,0
ZEB2,(Intercept),-0.00488574938544549
ZEB2,V1,0
ZEB2,V2,-0.151990613905763
ZEB2,V3,0
ZEB2,V4,0.212453451331556
ZEB2,V5,0
ZEB2,V6,0
ZEB2,V7,0
ZEB2,V8,0
ZEB2,V9,0
ZEB2,V10,0
ZEB2,V11,0
ZEB2,V12,0
ZEB2,V13,-0.225551574556509
ZEB2,V14,-0.0735226118303242
ZEB2,V15,0
ZEB2,V16,-0.162931945897127
ZEB2,V17,0
ZEB2,V18,0
ZEB2,V19,-0.205968847684017
ZEB2,V20,0
ZEB2,V21,0
ZEB2,V22,0
ZEB2,V23,0
ZEB2,V24,0
ZEB2,V25,0
ZEB2,V26,0
ZEB2,V27,0
ZEB2,V28,-0.228949854928389
ZEB2,V29,0
ZEB2,V30,0
ZEB2,V31,0
ZEB2,V32,0
ZFP36L2,(Intercept),-0.0776155895062413
ZFP36L2,V1,-0.0337514545259027
ZFP36L2,V2,0.336220655179437
ZFP36L2,V3,0
ZFP36L2,V4,0
ZFP36L2,V5,0.337248003353718
ZFP36L2,V6,0
ZFP36L2,V7,0
ZFP36L2,V8,0
ZFP36L2,V9,0
ZFP36L2,V10,0
ZFP36L2,V11,0.298469972972546
ZFP36L2,V12,0
ZFP36L2,V13,0.346259117477907
ZFP36L2,V14,0
ZFP36L2,V15,-0.378713850365574
ZFP36L2,V16,0.251655576381827
ZFP36L2,V17,0
ZFP36L2,V18,0
ZFP36L2,V19,0.374331822895947
ZFP36L2,V20,0
ZFP36L2,V21,0
ZFP36L2,V22,0
ZFP36L2,V23,-0.24387004118267
ZFP36L2,V24,0
ZFP36L2,V25,-0.253583428938757
ZFP36L2,V26,0
ZFP36L2,V27,0.139374679355369
ZFP36L2,V28,0
ZFP36L2,V29,0
ZFP36L2,V30,0
ZFP36L2,V31,0
ZFP36L2,V32,0.20146651686381
ZFPM2,(Intercept),-0.0166136308084993
ZFPM2,V1,0
ZFPM2,V2,-0.0658437441116013
ZFPM2,V3,0
ZFPM2,V4,0.0777406916338085
ZFPM2,V5,0
ZFPM2,V6,0
ZFPM2,V7,-0.123882955302598
ZFPM2,V8,0
ZFPM2,V9,0
ZFPM2,V10,-0.538463555439958
ZFPM2,V11,0
ZFPM2,V12,0
ZFPM2,V13,0
ZFPM2,V14,0
ZFPM2,V15,0
ZFPM2,V16,0
ZFPM2,V17,0
ZFPM2,V18,0
ZFPM2,V19,-0.199371755096609
ZFPM2,V20,-0.0352465739601059
ZFPM2,V21,0
ZFPM2,V22,0.306245071611657
ZFPM2,V23,-0.139497046719698
ZFPM2,V24,0
ZFPM2,V25,0
ZFPM2,V26,0
ZFPM2,V27,0
ZFPM2,V28,0
ZFPM2,V29,-0.157057805722965
ZFPM2,V30,0
ZFPM2,V31,0.209764966406861
ZFPM2,V32,0
ZIC2,(Intercept),0.0439695414259984
ZIC2,V1,0
ZIC2,V2,0
ZIC2,V3,0.184436375875327
ZIC2,V4,0
ZIC2,V5,0
ZIC2,V6,0
ZIC2,V7,0
ZIC2,V8,0.0807741935717271
ZIC2,V9,0
ZIC2,V10,0
ZIC2,V11,0
ZIC2,V12,0
ZIC2,V13,0
ZIC2,V14,0
ZIC2,V15,0.229491465683859
ZIC2,V16,-0.0504835936248159
ZIC2,V17,0
ZIC2,V18,0
ZIC2,V19,-0.0396512985517971
ZIC2,V20,0
ZIC2,V21,0
ZIC2,V22,0
ZIC2,V23,0
ZIC2,V24,0
ZIC2,V25,0
ZIC2,V26,0
ZIC2,V27,0
ZIC2,V28,0
ZIC2,V29,0
ZIC2,V30,0
ZIC2,V31,0
ZIC2,V32,0
ZNF136,(Intercept),0.00334920772198476
ZNF136,V1,0
ZNF136,V2,0
ZNF136,V3,0
ZNF136,V4,0
ZNF136,V5,0
ZNF136,V6,0
ZNF136,V7,0
ZNF136,V8,0.0285302416171241
ZNF136,V9,0
ZNF136,V10,0
ZNF136,V11,0
ZNF136,V12,-0.0233217294795014
ZNF136,V13,0
ZNF136,V14,0
ZNF136,V15,0
ZNF136,V16,0
ZNF136,V17,0
ZNF136,V18,0
ZNF136,V19,0
ZNF136,V20,0
ZNF136,V21,0
ZNF136,V22,0
ZNF136,V23,0
ZNF136,V24,0
ZNF136,V25,0
ZNF136,V26,0
ZNF136,V27,0
ZNF136,V28,0
ZNF136,V29,0
ZNF136,V30,0
ZNF136,V31,0
ZNF136,V32,0
ZNF286B,(Intercept),0.0657100095996453
ZNF286B,V1,0
ZNF286B,V2,0
ZNF286B,V3,0
ZNF286B,V4,0
ZNF286B,V5,0
ZNF286B,V6,0
ZNF286B,V7,0
ZNF286B,V8,0
ZNF286B,V9,0
ZNF286B,V10,0.186705357247621
ZNF286B,V11,0
ZNF286B,V12,0
ZNF286B,V13,0
ZNF286B,V14,-0.0163623291750168
ZNF286B,V15,0
ZNF286B,V16,0
ZNF286B,V17,0
ZNF286B,V18,-0.307660950017275
ZNF286B,V19,0
ZNF286B,V20,0
ZNF286B,V21,0
ZNF286B,V22,-0.058732798235398
ZNF286B,V23,0
ZNF286B,V24,0
ZNF286B,V25,0
ZNF286B,V26,0
ZNF286B,V27,0
ZNF286B,V28,0
ZNF286B,V29,0
ZNF286B,V30,0.207213316550867
ZNF286B,V31,0
ZNF286B,V32,0
ZNF296,(Intercept),0.0144637721005451
ZNF296,V1,0
ZNF296,V2,0.572940674070075
ZNF296,V3,0
ZNF296,V4,0
ZNF296,V5,0.310302241647488
ZNF296,V6,-0.525116928021403
ZNF296,V7,0.372064034008343
ZNF296,V8,0
ZNF296,V9,-0.0694353210909115
ZNF296,V10,0.538902075152876
ZNF296,V11,0
ZNF296,V12,-0.0515795310650693
ZNF296,V13,0.81051757502595
ZNF296,V14,0
ZNF296,V15,-0.601494636110911
ZNF296,V16,0.241203974503508
ZNF296,V17,0
ZNF296,V18,0
ZNF296,V19,0.275160581646169
ZNF296,V20,0
ZNF296,V21,0
ZNF296,V22,0.23270769137197
ZNF296,V23,0.107155699682949
ZNF296,V24,0
ZNF296,V25,0
ZNF296,V26,0.124376348501641
ZNF296,V27,0
ZNF296,V28,0
ZNF296,V29,0.565170413001154
ZNF296,V30,0
ZNF296,V31,0
ZNF296,V32,0.0924637407986842
ZNF618,(Intercept),-0.120692622699914
ZNF618,V1,0
ZNF618,V2,0
ZNF618,V3,0
ZNF618,V4,0
ZNF618,V5,0.372368845593249
ZNF618,V6,0
ZNF618,V7,0
ZNF618,V8,-0.217809194472871
ZNF618,V9,0
ZNF618,V10,0
ZNF618,V11,0
ZNF618,V12,0.0535252842351136
ZNF618,V13,0.24248936741392
ZNF618,V14,0.0737666429449406
ZNF618,V15,-0.0454074433041687
ZNF618,V16,0.236681389381959
ZNF618,V17,0
ZNF618,V18,0.282196400995263
ZNF618,V19,0.329448589766344
ZNF618,V20,0
ZNF618,V21,0
ZNF618,V22,0
ZNF618,V23,0
ZNF618,V24,0
ZNF618,V25,-0.339211521672636
ZNF618,V26,0
ZNF618,V27,0
ZNF618,V28,0.0862970731260547
ZNF618,V29,0
ZNF618,V30,0
ZNF618,V31,0
ZNF618,V32,0
ZNF777,(Intercept),-0.00417842173996021
ZNF777,V1,0
ZNF777,V2,0
ZNF777,V3,0
ZNF777,V4,0
ZNF777,V5,0
ZNF777,V6,0
ZNF777,V7,0
ZNF777,V8,0
ZNF777,V9,0
ZNF777,V10,-0.0932915856550575
ZNF777,V11,0
ZNF777,V12,0
ZNF777,V13,0
ZNF777,V14,0
ZNF777,V15,0
ZNF777,V16,0
ZNF777,V17,0
ZNF777,V18,0
ZNF777,V19,0.00997369942857714
ZNF777,V20,0
ZNF777,V21,0
ZNF777,V22,0
ZNF777,V23,0
ZNF777,V24,0
ZNF777,V25,0
ZNF777,V26,0
ZNF777,V27,0
ZNF777,V28,0
ZNF777,V29,0
ZNF777,V30,0
ZNF777,V31,0
ZNF777,V32,0
ZNF827,(Intercept),8.23993651088983e-18
ZNF827,V1,0
ZNF827,V2,0
ZNF827,V3,0
ZNF827,V4,0
ZNF827,V5,0
ZNF827,V6,0
ZNF827,V7,0
ZNF827,V8,0
ZNF827,V9,0
ZNF827,V10,0
ZNF827,V11,0
ZNF827,V12,0
ZNF827,V13,0
ZNF827,V14,0
ZNF827,V15,0
ZNF827,V16,0
ZNF827,V17,0
ZNF827,V18,0
ZNF827,V19,0
ZNF827,V20,0
ZNF827,V21,0
ZNF827,V22,0
ZNF827,V23,0
ZNF827,V24,0
ZNF827,V25,0
ZNF827,V26,0
ZNF827,V27,0
ZNF827,V28,0
ZNF827,V29,0
ZNF827,V30,0
ZNF827,V31,0
ZNF827,V32,0
