perturbation,feature,coefficient
AFF1,(Intercept),0.0588682570783701
AFF1,V1,0
AFF1,V2,0.126452833292981
AFF1,V3,-0.0441524255200752
AFF1,V4,0
AFF1,V5,0
AFF1,V6,0
AFF1,V7,0
AFF1,V8,-0.0921217728076671
AFF1,V9,0
AFF1,V10,0.0472681176744513
AFF1,V11,-0.00831178757480174
AFF1,V12,0
AFF1,V13,-0.229373338951901
AFF1,V14,0
AFF1,V15,0.124909112137925
AFF1,V16,0
AFF1,V17,0
AFF1,V18,0
AFF1,V19,0
AFF1,V20,0
AFF1,V21,-0.0966169247452979
AFF1,V22,-0.0626598670697056
AFF1,V23,0.0473099072626778
AFF1,V24,-0.174173219954665
AFF1,V25,0.233101902792556
AFF1,V26,0
AFF1,V27,0
AFF1,V28,0
AFF1,V29,0.211328326273338
AFF1,V30,-0.082415694805562
AFF1,V31,0
AFF1,V32,-0.0233557590592865
ALX1,(Intercept),0.0555765030134578
ALX1,V1,0
ALX1,V2,0
ALX1,V3,0
ALX1,V4,0
ALX1,V5,0.0594400488884224
ALX1,V6,-0.0593118011947084
ALX1,V7,-0.0797293244595941
ALX1,V8,0
ALX1,V9,0
ALX1,V10,0
ALX1,V11,0
ALX1,V12,0.0946298644306541
ALX1,V13,0
ALX1,V14,0
ALX1,V15,0
ALX1,V16,0
ALX1,V17,0
ALX1,V18,0
ALX1,V19,-0.0690505080439691
ALX1,V20,0
ALX1,V21,0
ALX1,V22,0
ALX1,V23,0
ALX1,V24,0
ALX1,V25,0
ALX1,V26,0
ALX1,V27,-0.011991848247759
ALX1,V28,0
ALX1,V29,0
ALX1,V30,0
ALX1,V31,0
ALX1,V32,0
ALX4,(Intercept),-0.043732985797685
ALX4,V1,0
ALX4,V2,0
ALX4,V3,-0.0737409270428404
ALX4,V4,0.10790562992675
ALX4,V5,0
ALX4,V6,-0.0492739664062893
ALX4,V7,0
ALX4,V8,0.0104770563421051
ALX4,V9,0
ALX4,V10,0
ALX4,V11,0
ALX4,V12,0
ALX4,V13,0
ALX4,V14,0
ALX4,V15,-0.115108090710432
ALX4,V16,0.0543063378749992
ALX4,V17,0
ALX4,V18,0
ALX4,V19,-0.0433802303406252
ALX4,V20,0
ALX4,V21,0
ALX4,V22,-0.120984997635878
ALX4,V23,-0.0450957541860051
ALX4,V24,0
ALX4,V25,0
ALX4,V26,0
ALX4,V27,0
ALX4,V28,0
ALX4,V29,-0.0365170923945312
ALX4,V30,-0.0801286836706476
ALX4,V31,0
ALX4,V32,-0.053658361584566
ARID1A,(Intercept),0.0751674166519309
ARID1A,V1,-0.217933445932203
ARID1A,V2,-0.0786440325460044
ARID1A,V3,0
ARID1A,V4,0
ARID1A,V5,-0.133986889358826
ARID1A,V6,0
ARID1A,V7,-0.0460556948622146
ARID1A,V8,0
ARID1A,V9,-0.12473221076507
ARID1A,V10,0
ARID1A,V11,-0.0191898067631992
ARID1A,V12,0
ARID1A,V13,0
ARID1A,V14,0
ARID1A,V15,0
ARID1A,V16,0
ARID1A,V17,0.13006230212043
ARID1A,V18,0
ARID1A,V19,0
ARID1A,V20,0.0241622077320541
ARID1A,V21,-0.0503352746121827
ARID1A,V22,0
ARID1A,V23,0.0191828778579933
ARID1A,V24,0
ARID1A,V25,0
ARID1A,V26,0
ARID1A,V27,0.0487526477931909
ARID1A,V28,0
ARID1A,V29,0.0418042464384096
ARID1A,V30,0
ARID1A,V31,0
ARID1A,V32,0
ARID3A,(Intercept),0.0062173186855372
ARID3A,V1,0
ARID3A,V2,0
ARID3A,V3,0
ARID3A,V4,-0.0200727683581981
ARID3A,V5,-0.16367168553408
ARID3A,V6,0
ARID3A,V7,0
ARID3A,V8,-0.10293926492917
ARID3A,V9,-0.0476527587409444
ARID3A,V10,-0.0569544504417754
ARID3A,V11,0
ARID3A,V12,0
ARID3A,V13,-0.033691750049103
ARID3A,V14,-0.0684290149071615
ARID3A,V15,0.103148550731006
ARID3A,V16,0
ARID3A,V17,0.214650538635851
ARID3A,V18,0
ARID3A,V19,0.0623680262307376
ARID3A,V20,0
ARID3A,V21,0.0150504036098561
ARID3A,V22,0
ARID3A,V23,0
ARID3A,V24,-0.109245278675863
ARID3A,V25,0
ARID3A,V26,0
ARID3A,V27,0
ARID3A,V28,0.0744470441050476
ARID3A,V29,0
ARID3A,V30,0.0391083974648677
ARID3A,V31,0
ARID3A,V32,0.0938830517430345
ARNTL,(Intercept),0.0264929007738842
ARNTL,V1,0.0781421114537122
ARNTL,V2,-0.239326709223629
ARNTL,V3,0
ARNTL,V4,-0.0103046051522582
ARNTL,V5,0
ARNTL,V6,0.152254633046005
ARNTL,V7,-0.0508893258168432
ARNTL,V8,0.0280293747139334
ARNTL,V9,0
ARNTL,V10,0
ARNTL,V11,0
ARNTL,V12,-0.0665162073265409
ARNTL,V13,0
ARNTL,V14,0
ARNTL,V15,-0.120169773967491
ARNTL,V16,0
ARNTL,V17,-0.00598269813853384
ARNTL,V18,0
ARNTL,V19,0.341162966029562
ARNTL,V20,-0.154271443673403
ARNTL,V21,0.107719988254448
ARNTL,V22,0.0317998206231674
ARNTL,V23,0
ARNTL,V24,0
ARNTL,V25,0
ARNTL,V26,0
ARNTL,V27,0
ARNTL,V28,0
ARNTL,V29,0
ARNTL,V30,0
ARNTL,V31,0.227269184262296
ARNTL,V32,0
ATF3,(Intercept),-0.100474565781657
ATF3,V1,0.00852310645153293
ATF3,V2,0
ATF3,V3,-0.13956509013785
ATF3,V4,0.0317512027895355
ATF3,V5,0.112317884016659
ATF3,V6,0.0602760678234507
ATF3,V7,0.0126469343664054
ATF3,V8,0
ATF3,V9,0
ATF3,V10,0
ATF3,V11,0
ATF3,V12,-0.0630731786957692
ATF3,V13,0.190730994283831
ATF3,V14,0.14250302183705
ATF3,V15,-0.0309122636687835
ATF3,V16,0
ATF3,V17,0
ATF3,V18,0
ATF3,V19,0
ATF3,V20,-0.103903417958777
ATF3,V21,0
ATF3,V22,0
ATF3,V23,-0.0725950541026856
ATF3,V24,0.12925653708204
ATF3,V25,0
ATF3,V26,0
ATF3,V27,0
ATF3,V28,0
ATF3,V29,-0.143310771810385
ATF3,V30,0.0500916636095863
ATF3,V31,0
ATF3,V32,0
BARX1,(Intercept),0.00986600960829592
BARX1,V1,0
BARX1,V2,0
BARX1,V3,0.156270758868186
BARX1,V4,0
BARX1,V5,0
BARX1,V6,0.0309560659722256
BARX1,V7,0.046511922355009
BARX1,V8,-0.286656188585753
BARX1,V9,-0.0645891833544093
BARX1,V10,-0.0768282508990072
BARX1,V11,-0.0140405477792371
BARX1,V12,0
BARX1,V13,0
BARX1,V14,-0.0862101644511827
BARX1,V15,0.128440783587146
BARX1,V16,0
BARX1,V17,0.168066482474935
BARX1,V18,0.00484859082639918
BARX1,V19,0.10270310608324
BARX1,V20,0
BARX1,V21,0.00768461284789328
BARX1,V22,0
BARX1,V23,-0.00967552184245522
BARX1,V24,-0.00114331262569911
BARX1,V25,-0.126775960657605
BARX1,V26,0
BARX1,V27,0
BARX1,V28,0
BARX1,V29,0
BARX1,V30,-0.0374572966129057
BARX1,V31,0
BARX1,V32,0.0845270717394571
BBX,(Intercept),0.00416073823597789
BBX,V1,-0.00609915382441895
BBX,V2,0
BBX,V3,0
BBX,V4,0
BBX,V5,0
BBX,V6,0
BBX,V7,0
BBX,V8,0
BBX,V9,0
BBX,V10,0
BBX,V11,0.0179520339099715
BBX,V12,0
BBX,V13,0
BBX,V14,0
BBX,V15,0
BBX,V16,0
BBX,V17,0
BBX,V18,0
BBX,V19,0
BBX,V20,0
BBX,V21,0
BBX,V22,0
BBX,V23,0
BBX,V24,-0.025380963065222
BBX,V25,0
BBX,V26,0
BBX,V27,0
BBX,V28,0.0434122391872059
BBX,V29,0
BBX,V30,0
BBX,V31,0
BBX,V32,0
BCL11A,(Intercept),0.0254843084123822
BCL11A,V1,0
BCL11A,V2,0
BCL11A,V3,0
BCL11A,V4,0
BCL11A,V5,0
BCL11A,V6,-0.0186969053413558
BCL11A,V7,0
BCL11A,V8,0
BCL11A,V9,0.0658784085199455
BCL11A,V10,0
BCL11A,V11,0
BCL11A,V12,0
BCL11A,V13,0
BCL11A,V14,0.0677831315288084
BCL11A,V15,0
BCL11A,V16,0
BCL11A,V17,0
BCL11A,V18,-0.00660571120043517
BCL11A,V19,0.00141952121827407
BCL11A,V20,0.00562053730928797
BCL11A,V21,0
BCL11A,V22,0
BCL11A,V23,0
BCL11A,V24,0
BCL11A,V25,0
BCL11A,V26,0.0873156477251871
BCL11A,V27,0
BCL11A,V28,0
BCL11A,V29,0
BCL11A,V30,0
BCL11A,V31,0
BCL11A,V32,0
BCL11B,(Intercept),0.00889903388592225
BCL11B,V1,-0.0100950927642024
BCL11B,V2,0
BCL11B,V3,0
BCL11B,V4,0
BCL11B,V5,0
BCL11B,V6,0
BCL11B,V7,0
BCL11B,V8,0
BCL11B,V9,0
BCL11B,V10,0.10174307675039
BCL11B,V11,0
BCL11B,V12,0
BCL11B,V13,0
BCL11B,V14,0
BCL11B,V15,0
BCL11B,V16,0
BCL11B,V17,0
BCL11B,V18,0
BCL11B,V19,0.0700379899425667
BCL11B,V20,0
BCL11B,V21,0.0175018606101403
BCL11B,V22,-0.0281136181431172
BCL11B,V23,0
BCL11B,V24,0
BCL11B,V25,0
BCL11B,V26,0
BCL11B,V27,0
BCL11B,V28,0
BCL11B,V29,0
BCL11B,V30,0
BCL11B,V31,0
BCL11B,V32,0
BHLHE40,(Intercept),0.0191833913350055
BHLHE40,V1,0
BHLHE40,V2,0
BHLHE40,V3,-0.0934178898353488
BHLHE40,V4,0.0495691723382542
BHLHE40,V5,0.0908826260173942
BHLHE40,V6,0.149752681850755
BHLHE40,V7,0
BHLHE40,V8,0
BHLHE40,V9,0
BHLHE40,V10,0
BHLHE40,V11,0
BHLHE40,V12,0
BHLHE40,V13,0
BHLHE40,V14,0.17370404658038
BHLHE40,V15,0
BHLHE40,V16,0
BHLHE40,V17,0
BHLHE40,V18,0
BHLHE40,V19,0.109750763702541
BHLHE40,V20,0.0262723311794148
BHLHE40,V21,-0.0904135492737429
BHLHE40,V22,0.0416030137219741
BHLHE40,V23,0
BHLHE40,V24,0
BHLHE40,V25,0.0554953254338852
BHLHE40,V26,0
BHLHE40,V27,0
BHLHE40,V28,0.0176451698272056
BHLHE40,V29,0
BHLHE40,V30,0.0108143791589012
BHLHE40,V31,0.0975832636917345
BHLHE40,V32,0
BHLHE41,(Intercept),0.00946765093673404
BHLHE41,V1,0
BHLHE41,V2,0
BHLHE41,V3,0
BHLHE41,V4,-0.0452932342624401
BHLHE41,V5,0
BHLHE41,V6,0
BHLHE41,V7,0
BHLHE41,V8,0
BHLHE41,V9,0
BHLHE41,V10,0.0152029531950964
BHLHE41,V11,0
BHLHE41,V12,0
BHLHE41,V13,0
BHLHE41,V14,0
BHLHE41,V15,0
BHLHE41,V16,0
BHLHE41,V17,0
BHLHE41,V18,0
BHLHE41,V19,0
BHLHE41,V20,0
BHLHE41,V21,0
BHLHE41,V22,0
BHLHE41,V23,0
BHLHE41,V24,0
BHLHE41,V25,0
BHLHE41,V26,0
BHLHE41,V27,0
BHLHE41,V28,0
BHLHE41,V29,0
BHLHE41,V30,0
BHLHE41,V31,0
BHLHE41,V32,0.0980202443691337
BID,(Intercept),-0.0543649479302232
BID,V1,0
BID,V2,0
BID,V3,0
BID,V4,0.0682614090267017
BID,V5,0.0509133272899041
BID,V6,0.0229909748988591
BID,V7,0
BID,V8,0.156724168019855
BID,V9,0.0270761965815293
BID,V10,-0.0524609171602661
BID,V11,0.0831747678522623
BID,V12,-0.0404868499487422
BID,V13,0.0327306910236594
BID,V14,0
BID,V15,0
BID,V16,0
BID,V17,0
BID,V18,0.16211789030516
BID,V19,0
BID,V20,-0.0743206710089391
BID,V21,0
BID,V22,-0.0015246597947912
BID,V23,0.0220129497897788
BID,V24,0.032683846113418
BID,V25,0
BID,V26,0
BID,V27,0
BID,V28,-0.0134622153569019
BID,V29,-0.020740003892521
BID,V30,0
BID,V31,0.0905945106484796
BID,V32,0
BNC1,(Intercept),0.013304692634985
BNC1,V1,-0.0202911276850635
BNC1,V2,0
BNC1,V3,0
BNC1,V4,0
BNC1,V5,0
BNC1,V6,0
BNC1,V7,0
BNC1,V8,0
BNC1,V9,0
BNC1,V10,0
BNC1,V11,0
BNC1,V12,0
BNC1,V13,0
BNC1,V14,0
BNC1,V15,0
BNC1,V16,0
BNC1,V17,0
BNC1,V18,0
BNC1,V19,0
BNC1,V20,0
BNC1,V21,-0.0486014724083913
BNC1,V22,0
BNC1,V23,0
BNC1,V24,0
BNC1,V25,0
BNC1,V26,0.0936000847483752
BNC1,V27,0
BNC1,V28,0
BNC1,V29,0
BNC1,V30,0.0336106910503653
BNC1,V31,0
BNC1,V32,0.0552404596652032
BNC2,(Intercept),0.0310130501708586
BNC2,V1,-0.0767781321925998
BNC2,V2,0
BNC2,V3,0
BNC2,V4,0
BNC2,V5,0.039382500825562
BNC2,V6,0
BNC2,V7,0
BNC2,V8,0
BNC2,V9,0
BNC2,V10,0
BNC2,V11,0
BNC2,V12,0.0173638906857576
BNC2,V13,0
BNC2,V14,0
BNC2,V15,0
BNC2,V16,0
BNC2,V17,0
BNC2,V18,0
BNC2,V19,0
BNC2,V20,0.0399122408353377
BNC2,V21,0
BNC2,V22,0.0118811461139875
BNC2,V23,0
BNC2,V24,0
BNC2,V25,0
BNC2,V26,0
BNC2,V27,0
BNC2,V28,0
BNC2,V29,0
BNC2,V30,0.0405195686945496
BNC2,V31,0
BNC2,V32,0.102562524154847
BPTF,(Intercept),0.0761774718747135
BPTF,V1,0
BPTF,V2,0
BPTF,V3,0
BPTF,V4,0
BPTF,V5,-0.0310479438058935
BPTF,V6,0
BPTF,V7,-0.0597108470813694
BPTF,V8,-0.0412967719877147
BPTF,V9,0
BPTF,V10,0
BPTF,V11,0.0375130907908021
BPTF,V12,0.0922978076407495
BPTF,V13,0
BPTF,V14,0
BPTF,V15,0
BPTF,V16,0
BPTF,V17,0.0201018411449082
BPTF,V18,-0.0808951453225172
BPTF,V19,0
BPTF,V20,0
BPTF,V21,0
BPTF,V22,0
BPTF,V23,0.123738303615555
BPTF,V24,-0.0460549244958712
BPTF,V25,0
BPTF,V26,0
BPTF,V27,0.00290177297006476
BPTF,V28,-0.0739456607419215
BPTF,V29,0
BPTF,V30,0
BPTF,V31,0
BPTF,V32,0
BSX,(Intercept),-0.110678342356382
BSX,V1,-0.293769411821682
BSX,V2,-0.110176762469902
BSX,V3,0.252491083514011
BSX,V4,-0.0504746296580532
BSX,V5,-0.105940505259296
BSX,V6,0.0895944201262303
BSX,V7,0
BSX,V8,-0.236631276761951
BSX,V9,-0.0408426504025164
BSX,V10,-0.132490465246594
BSX,V11,-0.165460477501132
BSX,V12,-0.134628657266092
BSX,V13,0
BSX,V14,-0.287193968942623
BSX,V15,0.0952194256632878
BSX,V16,0
BSX,V17,0.159693624417782
BSX,V18,0
BSX,V19,0.314307637693938
BSX,V20,0
BSX,V21,0.0808336498758936
BSX,V22,0.0710595062551242
BSX,V23,-0.200162084516386
BSX,V24,-0.161395227774345
BSX,V25,-0.129595233894406
BSX,V26,0.0526082822262356
BSX,V27,0
BSX,V28,0
BSX,V29,0.103515515107141
BSX,V30,-0.23573756786803
BSX,V31,0.294040770247748
BSX,V32,0.0386732078704399
CARHSP1,(Intercept),0.029384048144752
CARHSP1,V1,0
CARHSP1,V2,0
CARHSP1,V3,0
CARHSP1,V4,0
CARHSP1,V5,0
CARHSP1,V6,0
CARHSP1,V7,0
CARHSP1,V8,0
CARHSP1,V9,0
CARHSP1,V10,0.0520943033279085
CARHSP1,V11,0
CARHSP1,V12,0
CARHSP1,V13,0
CARHSP1,V14,0
CARHSP1,V15,0
CARHSP1,V16,0.0203154499741641
CARHSP1,V17,0.0341977567962445
CARHSP1,V18,-0.178688570499959
CARHSP1,V19,0
CARHSP1,V20,0
CARHSP1,V21,0
CARHSP1,V22,0
CARHSP1,V23,0
CARHSP1,V24,-0.0717872923210927
CARHSP1,V25,0
CARHSP1,V26,0
CARHSP1,V27,0
CARHSP1,V28,0
CARHSP1,V29,0.016211656454718
CARHSP1,V30,0
CARHSP1,V31,-0.0147338828276352
CARHSP1,V32,0
CASZ1,(Intercept),0.0159845410056977
CASZ1,V1,0
CASZ1,V2,0
CASZ1,V3,0
CASZ1,V4,0.186834954965191
CASZ1,V5,0.275228518867899
CASZ1,V6,-0.0535673104220556
CASZ1,V7,0
CASZ1,V8,0
CASZ1,V9,0
CASZ1,V10,0
CASZ1,V11,0
CASZ1,V12,0
CASZ1,V13,0
CASZ1,V14,0
CASZ1,V15,-0.0235503524095561
CASZ1,V16,0.0414087388634645
CASZ1,V17,0
CASZ1,V18,0
CASZ1,V19,0
CASZ1,V20,-0.0665809716819715
CASZ1,V21,0
CASZ1,V22,0
CASZ1,V23,0.0245647711947115
CASZ1,V24,0
CASZ1,V25,0.0579557245658692
CASZ1,V26,0
CASZ1,V27,0
CASZ1,V28,-0.0439076971968628
CASZ1,V29,0
CASZ1,V30,0
CASZ1,V31,0
CASZ1,V32,0.0123527354725946
CDX2,(Intercept),0.0364248250073019
CDX2,V1,0
CDX2,V2,0
CDX2,V3,0.207196539382769
CDX2,V4,-0.195478317616407
CDX2,V5,-0.133543003479869
CDX2,V6,0
CDX2,V7,0
CDX2,V8,-0.0472948084851351
CDX2,V9,0
CDX2,V10,0
CDX2,V11,0
CDX2,V12,0
CDX2,V13,0
CDX2,V14,-0.114125100132068
CDX2,V15,0.133715587971651
CDX2,V16,0
CDX2,V17,0.0860100535821263
CDX2,V18,0
CDX2,V19,0.0522902595277741
CDX2,V20,0.105581435301934
CDX2,V21,-0.0497445253869678
CDX2,V22,0.155681182573444
CDX2,V23,0
CDX2,V24,-0.0222315602374731
CDX2,V25,0
CDX2,V26,0
CDX2,V27,0
CDX2,V28,0
CDX2,V29,0.0172933607937856
CDX2,V30,0.0302167586833982
CDX2,V31,0
CDX2,V32,0.0664976403514584
CEBPA,(Intercept),0.17584513834019
CEBPA,V1,0
CEBPA,V2,0
CEBPA,V3,0.182969901675169
CEBPA,V4,0.0139037532779556
CEBPA,V5,0
CEBPA,V6,0
CEBPA,V7,-0.164471415262805
CEBPA,V8,-0.0614158117765759
CEBPA,V9,0
CEBPA,V10,0
CEBPA,V11,0
CEBPA,V12,0
CEBPA,V13,-0.0493643192086019
CEBPA,V14,0
CEBPA,V15,-0.0381407955806047
CEBPA,V16,0
CEBPA,V17,0
CEBPA,V18,0
CEBPA,V19,0
CEBPA,V20,0
CEBPA,V21,0
CEBPA,V22,0
CEBPA,V23,0
CEBPA,V24,0
CEBPA,V25,0.0738224784734879
CEBPA,V26,0
CEBPA,V27,0.0184153981394732
CEBPA,V28,0
CEBPA,V29,0.143264366140864
CEBPA,V30,-0.0175536856190879
CEBPA,V31,0
CEBPA,V32,0
CEBPB,(Intercept),0.112283544001713
CEBPB,V1,0
CEBPB,V2,-0.00361897094428124
CEBPB,V3,0
CEBPB,V4,0
CEBPB,V5,0
CEBPB,V6,-0.0827126299473282
CEBPB,V7,-0.103212951017573
CEBPB,V8,0
CEBPB,V9,-0.0296075526872076
CEBPB,V10,0
CEBPB,V11,0
CEBPB,V12,0.0560370827484202
CEBPB,V13,0
CEBPB,V14,0
CEBPB,V15,0
CEBPB,V16,0
CEBPB,V17,0
CEBPB,V18,0
CEBPB,V19,0
CEBPB,V20,0
CEBPB,V21,0
CEBPB,V22,0
CEBPB,V23,0.171459151336769
CEBPB,V24,-0.0746404909768561
CEBPB,V25,0.0549894782640852
CEBPB,V26,0.0153161699686666
CEBPB,V27,0
CEBPB,V28,0
CEBPB,V29,0.100241484700689
CEBPB,V30,0
CEBPB,V31,0
CEBPB,V32,0
CREBBP,(Intercept),-0.0294678909546582
CREBBP,V1,0
CREBBP,V2,0
CREBBP,V3,0.0672415315724316
CREBBP,V4,0
CREBBP,V5,-0.0309613671537288
CREBBP,V6,0
CREBBP,V7,0
CREBBP,V8,-0.070061107490585
CREBBP,V9,-0.04249587405043
CREBBP,V10,-0.120727249574198
CREBBP,V11,-0.0361019528441154
CREBBP,V12,0
CREBBP,V13,0
CREBBP,V14,0
CREBBP,V15,0
CREBBP,V16,0.013211667257783
CREBBP,V17,0.0649797693400812
CREBBP,V18,-0.0633538358690237
CREBBP,V19,0
CREBBP,V20,0
CREBBP,V21,0
CREBBP,V22,0
CREBBP,V23,0
CREBBP,V24,-0.00373620471186062
CREBBP,V25,0
CREBBP,V26,0
CREBBP,V27,0.118185795659434
CREBBP,V28,0
CREBBP,V29,0.00871276896844253
CREBBP,V30,-0.22878102033047
CREBBP,V31,0
CREBBP,V32,0
DLX2,(Intercept),0.0329642999115446
DLX2,V1,0
DLX2,V2,0
DLX2,V3,0
DLX2,V4,0
DLX2,V5,0
DLX2,V6,-0.140726808708687
DLX2,V7,-0.0445644658290417
DLX2,V8,0
DLX2,V9,0
DLX2,V10,0.0558980703108206
DLX2,V11,0
DLX2,V12,0
DLX2,V13,0
DLX2,V14,0
DLX2,V15,0
DLX2,V16,0
DLX2,V17,0
DLX2,V18,0
DLX2,V19,0
DLX2,V20,0
DLX2,V21,0.134215746085949
DLX2,V22,-0.00927142857874774
DLX2,V23,0
DLX2,V24,0
DLX2,V25,0
DLX2,V26,0
DLX2,V27,0
DLX2,V28,0
DLX2,V29,0
DLX2,V30,0.00956116891859508
DLX2,V31,0
DLX2,V32,0
DLX3,(Intercept),0.0297153522621798
DLX3,V1,-0.00373694969864766
DLX3,V2,0
DLX3,V3,0.0427884313360326
DLX3,V4,0
DLX3,V5,-0.00553463226720071
DLX3,V6,-0.0129709399444098
DLX3,V7,-0.0750498375957396
DLX3,V8,-0.131875868665609
DLX3,V9,-0.0754054218039039
DLX3,V10,0
DLX3,V11,0
DLX3,V12,0
DLX3,V13,-0.114495098878799
DLX3,V14,-0.113342939530724
DLX3,V15,0
DLX3,V16,0.0288595884230816
DLX3,V17,0
DLX3,V18,-0.0065934518753492
DLX3,V19,0.109850920999293
DLX3,V20,0.104946904348759
DLX3,V21,0.0585670005884226
DLX3,V22,0
DLX3,V23,0
DLX3,V24,-0.0687162679238692
DLX3,V25,0
DLX3,V26,0.000243827874091589
DLX3,V27,0
DLX3,V28,0
DLX3,V29,0
DLX3,V30,0
DLX3,V31,0
DLX3,V32,0
DMRT1,(Intercept),0.0229269935525799
DMRT1,V1,0
DMRT1,V2,0
DMRT1,V3,0
DMRT1,V4,0
DMRT1,V5,0
DMRT1,V6,0
DMRT1,V7,0
DMRT1,V8,0
DMRT1,V9,0
DMRT1,V10,-0.0160250137249527
DMRT1,V11,0
DMRT1,V12,0
DMRT1,V13,0
DMRT1,V14,0
DMRT1,V15,0
DMRT1,V16,-0.0512124447312802
DMRT1,V17,0.0666671497270928
DMRT1,V18,0
DMRT1,V19,0
DMRT1,V20,0
DMRT1,V21,0
DMRT1,V22,0
DMRT1,V23,0
DMRT1,V24,0
DMRT1,V25,0
DMRT1,V26,0
DMRT1,V27,0
DMRT1,V28,0
DMRT1,V29,0
DMRT1,V30,0.0595559365204491
DMRT1,V31,0
DMRT1,V32,0
DNAJC1,(Intercept),-6.19350491032344e-18
DNAJC1,V1,0
DNAJC1,V2,0
DNAJC1,V3,0
DNAJC1,V4,0
DNAJC1,V5,0
DNAJC1,V6,0
DNAJC1,V7,0
DNAJC1,V8,0
DNAJC1,V9,0
DNAJC1,V10,0
DNAJC1,V11,0
DNAJC1,V12,0
DNAJC1,V13,0
DNAJC1,V14,0
DNAJC1,V15,0
DNAJC1,V16,0
DNAJC1,V17,0
DNAJC1,V18,0
DNAJC1,V19,0
DNAJC1,V20,0
DNAJC1,V21,0
DNAJC1,V22,0
DNAJC1,V23,0
DNAJC1,V24,0
DNAJC1,V25,0
DNAJC1,V26,0
DNAJC1,V27,0
DNAJC1,V28,0
DNAJC1,V29,0
DNAJC1,V30,0
DNAJC1,V31,0
DNAJC1,V32,0
EBF2,(Intercept),0.000850141836879749
EBF2,V1,0
EBF2,V2,0
EBF2,V3,-0.00571799522069242
EBF2,V4,0.173228644920313
EBF2,V5,0.0420300215302229
EBF2,V6,-0.0322175414915266
EBF2,V7,0
EBF2,V8,0
EBF2,V9,0
EBF2,V10,0.0974535931928706
EBF2,V11,0.103805736241104
EBF2,V12,0
EBF2,V13,0.0659483843377339
EBF2,V14,0
EBF2,V15,-0.062871271630205
EBF2,V16,0
EBF2,V17,-0.337478952277
EBF2,V18,-0.157505498199
EBF2,V19,0
EBF2,V20,-0.0678450551118651
EBF2,V21,0.105951709161039
EBF2,V22,-0.0347743614633142
EBF2,V23,-0.0655070081475307
EBF2,V24,0.067500298439675
EBF2,V25,-0.0149597398800513
EBF2,V26,0
EBF2,V27,0
EBF2,V28,0
EBF2,V29,0.125032386509635
EBF2,V30,-0.319482862116183
EBF2,V31,0.0208302229839134
EBF2,V32,0
EBF3,(Intercept),-0.0018418140283655
EBF3,V1,0
EBF3,V2,0
EBF3,V3,0
EBF3,V4,0
EBF3,V5,0
EBF3,V6,0
EBF3,V7,0
EBF3,V8,-0.229038939761821
EBF3,V9,0
EBF3,V10,0
EBF3,V11,0
EBF3,V12,0
EBF3,V13,0
EBF3,V14,0
EBF3,V15,-0.133661638499757
EBF3,V16,0
EBF3,V17,-0.0778635245868215
EBF3,V18,-0.122270932238176
EBF3,V19,0
EBF3,V20,0.0669695734739767
EBF3,V21,0
EBF3,V22,0
EBF3,V23,-0.130230493089563
EBF3,V24,-0.064319659709075
EBF3,V25,0
EBF3,V26,0
EBF3,V27,0
EBF3,V28,0
EBF3,V29,0
EBF3,V30,-0.239691060551881
EBF3,V31,0
EBF3,V32,0
EGR2,(Intercept),0.0991742353710342
EGR2,V1,0
EGR2,V2,0.0336679516935494
EGR2,V3,-0.0716309498957321
EGR2,V4,0.119322423882166
EGR2,V5,0.104210274287801
EGR2,V6,-0.10488558677834
EGR2,V7,-0.127235867209232
EGR2,V8,-0.00427885205042187
EGR2,V9,-0.0901099326024829
EGR2,V10,0.00174272789628577
EGR2,V11,0.000140484435041924
EGR2,V12,0
EGR2,V13,0
EGR2,V14,0.105170062068378
EGR2,V15,-0.21501824168557
EGR2,V16,0
EGR2,V17,-0.122836388754569
EGR2,V18,-0.0613117527570497
EGR2,V19,0
EGR2,V20,-0.0303782095008565
EGR2,V21,0.0220920474694065
EGR2,V22,0
EGR2,V23,0
EGR2,V24,0
EGR2,V25,0.0641096178706982
EGR2,V26,-0.00111212981327065
EGR2,V27,-0.0994813571382096
EGR2,V28,-0.115911910462373
EGR2,V29,0
EGR2,V30,0.0350460409322265
EGR2,V31,0
EGR2,V32,0
EGR3,(Intercept),0.151823542455807
EGR3,V1,0
EGR3,V2,0
EGR3,V3,0.0327594586752127
EGR3,V4,0
EGR3,V5,0
EGR3,V6,-0.145076182685169
EGR3,V7,-0.171870008069741
EGR3,V8,0
EGR3,V9,-0.00553378446033864
EGR3,V10,0.0763481999282175
EGR3,V11,0
EGR3,V12,0.0935468728666672
EGR3,V13,0
EGR3,V14,0
EGR3,V15,-0.0675674365855766
EGR3,V16,0
EGR3,V17,0
EGR3,V18,0
EGR3,V19,-0.0967181636737578
EGR3,V20,0.012900808827902
EGR3,V21,-0.0465538723523296
EGR3,V22,0
EGR3,V23,0
EGR3,V24,0
EGR3,V25,0.14123690752691
EGR3,V26,0
EGR3,V27,0
EGR3,V28,-0.0558744213120505
EGR3,V29,0.0647909939131915
EGR3,V30,0
EGR3,V31,0
EGR3,V32,0
ELF4,(Intercept),-0.049692593543825
ELF4,V1,0
ELF4,V2,0
ELF4,V3,0.0356131158184425
ELF4,V4,0
ELF4,V5,0.0247337579640112
ELF4,V6,0.15164870182558
ELF4,V7,0
ELF4,V8,0
ELF4,V9,0.114105308803847
ELF4,V10,-0.14392225178793
ELF4,V11,0
ELF4,V12,0
ELF4,V13,0
ELF4,V14,-0.026252001711947
ELF4,V15,0.201128654165128
ELF4,V16,0
ELF4,V17,0.267417852229094
ELF4,V18,0.118338541979563
ELF4,V19,0.0127383378692547
ELF4,V20,0.0410744493033384
ELF4,V21,0
ELF4,V22,0
ELF4,V23,0.0273922020967568
ELF4,V24,0
ELF4,V25,0
ELF4,V26,0
ELF4,V27,0
ELF4,V28,0
ELF4,V29,0
ELF4,V30,-0.0129668442982255
ELF4,V31,-0.0354774467260062
ELF4,V32,0.0153432514064888
ELK3,(Intercept),0.00891908186192108
ELK3,V1,0
ELK3,V2,0
ELK3,V3,0
ELK3,V4,0.0731506032736626
ELK3,V5,0
ELK3,V6,0
ELK3,V7,0.03590967468871
ELK3,V8,0.0855676629743633
ELK3,V9,0
ELK3,V10,0
ELK3,V11,0
ELK3,V12,0
ELK3,V13,0
ELK3,V14,0
ELK3,V15,0
ELK3,V16,-0.0515241846967594
ELK3,V17,-0.0646130856922889
ELK3,V18,0.114829206409402
ELK3,V19,0.0791930250355126
ELK3,V20,-0.29344264482917
ELK3,V21,0
ELK3,V22,0
ELK3,V23,0
ELK3,V24,0.216920899762937
ELK3,V25,0
ELK3,V26,0
ELK3,V27,0
ELK3,V28,0
ELK3,V29,0
ELK3,V30,0.047697805989315
ELK3,V31,0.129684351528633
ELK3,V32,0
EOMES,(Intercept),0.0430615023183515
EOMES,V1,0
EOMES,V2,0
EOMES,V3,0.0810234389878491
EOMES,V4,0.17151343462235
EOMES,V5,-0.02894578794378
EOMES,V6,-0.211422875003361
EOMES,V7,-0.0648796875310411
EOMES,V8,-0.278107145044567
EOMES,V9,-0.180323586617805
EOMES,V10,0.26071047023304
EOMES,V11,0.0776807586977445
EOMES,V12,0
EOMES,V13,0
EOMES,V14,-0.0914416699534229
EOMES,V15,-0.129475695042461
EOMES,V16,0.0630002375494523
EOMES,V17,-0.0939449677651614
EOMES,V18,-0.341846809296012
EOMES,V19,0
EOMES,V20,0.0436783673502847
EOMES,V21,0.205266402181445
EOMES,V22,-0.207201662626535
EOMES,V23,0
EOMES,V24,0
EOMES,V25,0
EOMES,V26,0.0459249393733672
EOMES,V27,0.044001651741419
EOMES,V28,-0.428394075978615
EOMES,V29,0.00669266433799537
EOMES,V30,-0.205833272482937
EOMES,V31,0.0346615627959718
EOMES,V32,-0.0102249111157073
EP300,(Intercept),-0.0685689365655423
EP300,V1,0.0214921132273051
EP300,V2,0
EP300,V3,-0.205235392912086
EP300,V4,0.28860080082743
EP300,V5,0.0404460123998545
EP300,V6,-0.144106862323876
EP300,V7,0.0986966647202937
EP300,V8,0
EP300,V9,-0.0110525121650792
EP300,V10,0
EP300,V11,0
EP300,V12,-0.181607045325398
EP300,V13,0
EP300,V14,0.110695353206868
EP300,V15,-0.104190164163165
EP300,V16,0.123492401524603
EP300,V17,-0.100020811314167
EP300,V18,-0.305920783673353
EP300,V19,0
EP300,V20,-0.122307221367165
EP300,V21,-0.168961098011255
EP300,V22,0.059620190329434
EP300,V23,-0.298763348189578
EP300,V24,0
EP300,V25,0.00621126637673692
EP300,V26,-0.102782842028286
EP300,V27,0
EP300,V28,0.0419532802574388
EP300,V29,0
EP300,V30,-0.279541375139502
EP300,V31,0.0405584868591333
EP300,V32,0
EPAS1,(Intercept),-0.0851996428876661
EPAS1,V1,-0.199620288294849
EPAS1,V2,0
EPAS1,V3,0.0119422564273153
EPAS1,V4,-0.0866345909297894
EPAS1,V5,0
EPAS1,V6,-0.0573143864974346
EPAS1,V7,0.0620240027453835
EPAS1,V8,-0.166880197249469
EPAS1,V9,0.25819654830676
EPAS1,V10,-0.176688957767784
EPAS1,V11,-0.140122629944452
EPAS1,V12,0
EPAS1,V13,0
EPAS1,V14,-0.256965607861832
EPAS1,V15,0
EPAS1,V16,0
EPAS1,V17,0.0492404488283403
EPAS1,V18,0
EPAS1,V19,0
EPAS1,V20,0.00456871749338845
EPAS1,V21,-0.0731652038365391
EPAS1,V22,0
EPAS1,V23,0
EPAS1,V24,-0.190134447881056
EPAS1,V25,-0.0796608575778015
EPAS1,V26,0
EPAS1,V27,0
EPAS1,V28,0.0673393263130569
EPAS1,V29,0
EPAS1,V30,-0.19335792154594
EPAS1,V31,-0.175289996878637
EPAS1,V32,0.0382082282192068
ESX1,(Intercept),0.0782112620719722
ESX1,V1,0
ESX1,V2,0
ESX1,V3,0
ESX1,V4,0
ESX1,V5,0
ESX1,V6,0
ESX1,V7,0
ESX1,V8,-0.198483823122903
ESX1,V9,0
ESX1,V10,0
ESX1,V11,0
ESX1,V12,0
ESX1,V13,0
ESX1,V14,0
ESX1,V15,0
ESX1,V16,0
ESX1,V17,0
ESX1,V18,-0.0418827834987798
ESX1,V19,0
ESX1,V20,0
ESX1,V21,0
ESX1,V22,0
ESX1,V23,0
ESX1,V24,0
ESX1,V25,0
ESX1,V26,0
ESX1,V27,0
ESX1,V28,0
ESX1,V29,0.0789303349801839
ESX1,V30,0
ESX1,V31,0
ESX1,V32,0
ETS1,(Intercept),0.0662529331493257
ETS1,V1,-0.023246409550838
ETS1,V2,0
ETS1,V3,0.370078722142854
ETS1,V4,-0.281584823483821
ETS1,V5,-0.209467740980102
ETS1,V6,0.23182944966721
ETS1,V7,0
ETS1,V8,-0.228430048014657
ETS1,V9,0.0341279575411696
ETS1,V10,-0.0716530049717109
ETS1,V11,-0.0508914269614015
ETS1,V12,0.026989461104499
ETS1,V13,-0.113348173403137
ETS1,V14,-0.212391935164476
ETS1,V15,0.447735770134884
ETS1,V16,0.00555929976963325
ETS1,V17,0
ETS1,V18,0.152043266370443
ETS1,V19,0.194767638818928
ETS1,V20,0.0119794233078501
ETS1,V21,0.0853204283194365
ETS1,V22,0.0773223550571161
ETS1,V23,0.0664125990546147
ETS1,V24,0
ETS1,V25,0
ETS1,V26,0.151475586338163
ETS1,V27,-0.0959103898076473
ETS1,V28,-0.0418987182226747
ETS1,V29,0.33920046471211
ETS1,V30,0.0623368421729262
ETS1,V31,0.0541981580371253
ETS1,V32,0.0112988718673723
FEZF2,(Intercept),0.20709001071258
FEZF2,V1,0
FEZF2,V2,-0.0813776577666459
FEZF2,V3,0.233724460057724
FEZF2,V4,-0.0708851882463953
FEZF2,V5,-0.027053178438803
FEZF2,V6,0.015927364559315
FEZF2,V7,0
FEZF2,V8,-0.264291580788897
FEZF2,V9,0
FEZF2,V10,0
FEZF2,V11,0.0996627295394923
FEZF2,V12,0.011567842662575
FEZF2,V13,0
FEZF2,V14,-0.153632162828093
FEZF2,V15,0
FEZF2,V16,0
FEZF2,V17,0
FEZF2,V18,0
FEZF2,V19,0.28012584209352
FEZF2,V20,0
FEZF2,V21,0
FEZF2,V22,0.028166570626035
FEZF2,V23,0
FEZF2,V24,-0.00341069399293188
FEZF2,V25,0
FEZF2,V26,0.0283507686472015
FEZF2,V27,0
FEZF2,V28,0
FEZF2,V29,0.214782080436039
FEZF2,V30,0
FEZF2,V31,-0.0386743955901414
FEZF2,V32,0
FLI1,(Intercept),0.093134009091974
FLI1,V1,-0.00847749228262008
FLI1,V2,-0.0157538335709921
FLI1,V3,0.183358309099324
FLI1,V4,-0.181467236415583
FLI1,V5,-0.0710095206619414
FLI1,V6,0
FLI1,V7,0.0245212277922377
FLI1,V8,-0.29932452579128
FLI1,V9,0
FLI1,V10,-0.0533796063430206
FLI1,V11,-0.173638572285877
FLI1,V12,0.145489725246607
FLI1,V13,0
FLI1,V14,-0.150515147382422
FLI1,V15,0.0853262129241599
FLI1,V16,0
FLI1,V17,0.0384709657756944
FLI1,V18,-0.0705461485585112
FLI1,V19,0.177115148946386
FLI1,V20,0.0377341354367681
FLI1,V21,-0.139083572466481
FLI1,V22,0.149266104777859
FLI1,V23,0
FLI1,V24,-0.0839366539029252
FLI1,V25,-0.346119431521237
FLI1,V26,0
FLI1,V27,0.0625114487055804
FLI1,V28,0
FLI1,V29,0
FLI1,V30,0.108226826684455
FLI1,V31,-0.0626871299264109
FLI1,V32,0.0651450382625967
FOSB,(Intercept),-0.0634040485985964
FOSB,V1,0.156288826168541
FOSB,V2,0
FOSB,V3,-0.464817808175147
FOSB,V4,0.233311689248445
FOSB,V5,0.0354844259263575
FOSB,V6,-0.0231778124796064
FOSB,V7,0.117630021439901
FOSB,V8,0.258630352820661
FOSB,V9,0.12265367378
FOSB,V10,-0.0257076782596988
FOSB,V11,0
FOSB,V12,-0.144360725718843
FOSB,V13,0
FOSB,V14,0.463180895882668
FOSB,V15,-0.269026039087826
FOSB,V16,0
FOSB,V17,0
FOSB,V18,0.0509793442198457
FOSB,V19,-0.0121049447794575
FOSB,V20,-0.206362807167984
FOSB,V21,-0.24123441623738
FOSB,V22,0
FOSB,V23,-0.104693208303775
FOSB,V24,0.301162461726839
FOSB,V25,0.08544614783034
FOSB,V26,-0.231837299298703
FOSB,V27,0.0111898769884407
FOSB,V28,0.144677486092438
FOSB,V29,-0.296702264909138
FOSB,V30,0
FOSB,V31,0
FOSB,V32,-0.0974188378324515
FOSL1,(Intercept),0.0289466073469711
FOSL1,V1,0.046608868916879
FOSL1,V2,0
FOSL1,V3,0
FOSL1,V4,0.0623335454621658
FOSL1,V5,0
FOSL1,V6,0.0231729719447214
FOSL1,V7,0
FOSL1,V8,0.0427983726836094
FOSL1,V9,0.0610042255627414
FOSL1,V10,-0.0577915240555554
FOSL1,V11,0
FOSL1,V12,-0.0217832627661091
FOSL1,V13,0
FOSL1,V14,0.116436986393252
FOSL1,V15,0
FOSL1,V16,0
FOSL1,V17,0
FOSL1,V18,0.0232479093458068
FOSL1,V19,0
FOSL1,V20,-0.0519870755957781
FOSL1,V21,0
FOSL1,V22,0
FOSL1,V23,0
FOSL1,V24,0.0442022212830607
FOSL1,V25,0
FOSL1,V26,-0.113148164058999
FOSL1,V27,0
FOSL1,V28,0.0960161532267953
FOSL1,V29,0
FOSL1,V30,0
FOSL1,V31,0
FOSL1,V32,-0.0138103881980381
FOSL2,(Intercept),-2.68882138776405e-17
FOSL2,V1,0
FOSL2,V2,0
FOSL2,V3,0
FOSL2,V4,0
FOSL2,V5,0
FOSL2,V6,0
FOSL2,V7,0
FOSL2,V8,0
FOSL2,V9,0
FOSL2,V10,0
FOSL2,V11,0
FOSL2,V12,0
FOSL2,V13,0
FOSL2,V14,0
FOSL2,V15,0
FOSL2,V16,0
FOSL2,V17,0
FOSL2,V18,0
FOSL2,V19,0
FOSL2,V20,0
FOSL2,V21,0
FOSL2,V22,0
FOSL2,V23,0
FOSL2,V24,0
FOSL2,V25,0
FOSL2,V26,0
FOSL2,V27,0
FOSL2,V28,0
FOSL2,V29,0
FOSL2,V30,0
FOSL2,V31,0
FOSL2,V32,0
FOXA3,(Intercept),-0.108737592294512
FOXA3,V1,0
FOXA3,V2,0
FOXA3,V3,0
FOXA3,V4,-0.135170310501863
FOXA3,V5,-0.127937777850988
FOXA3,V6,0
FOXA3,V7,0
FOXA3,V8,-0.192428225256001
FOXA3,V9,-0.0110053595997956
FOXA3,V10,0
FOXA3,V11,-0.0439583136463368
FOXA3,V12,-0.130519196569977
FOXA3,V13,0
FOXA3,V14,-0.306704596298902
FOXA3,V15,0
FOXA3,V16,0
FOXA3,V17,0.0781765731873576
FOXA3,V18,0
FOXA3,V19,0.0658429604777924
FOXA3,V20,0
FOXA3,V21,-0.0706993444385429
FOXA3,V22,0.0418187443229853
FOXA3,V23,0
FOXA3,V24,0
FOXA3,V25,0
FOXA3,V26,0.0280949322104842
FOXA3,V27,0.0232163980310907
FOXA3,V28,0
FOXA3,V29,-0.0916926897041154
FOXA3,V30,0
FOXA3,V31,0
FOXA3,V32,0
FOXC1,(Intercept),-0.0248868477826779
FOXC1,V1,0
FOXC1,V2,0
FOXC1,V3,0
FOXC1,V4,0
FOXC1,V5,0
FOXC1,V6,0
FOXC1,V7,0
FOXC1,V8,0
FOXC1,V9,0
FOXC1,V10,0.0280294378187828
FOXC1,V11,0
FOXC1,V12,0
FOXC1,V13,0
FOXC1,V14,-0.00977032728956734
FOXC1,V15,0
FOXC1,V16,0.0385340310493271
FOXC1,V17,-0.070062369262198
FOXC1,V18,0
FOXC1,V19,-0.166652456882953
FOXC1,V20,0
FOXC1,V21,0
FOXC1,V22,-0.0147051868525209
FOXC1,V23,0
FOXC1,V24,0
FOXC1,V25,0
FOXC1,V26,0
FOXC1,V27,0
FOXC1,V28,-0.00193994365928019
FOXC1,V29,0
FOXC1,V30,0
FOXC1,V31,0
FOXC1,V32,0
FOXC2,(Intercept),0.0174185143034481
FOXC2,V1,0
FOXC2,V2,-0.0210374880599609
FOXC2,V3,0
FOXC2,V4,0
FOXC2,V5,0
FOXC2,V6,0
FOXC2,V7,0
FOXC2,V8,-0.0189456790195987
FOXC2,V9,0
FOXC2,V10,0
FOXC2,V11,0.0728974818165917
FOXC2,V12,0
FOXC2,V13,0
FOXC2,V14,-0.0474940402988299
FOXC2,V15,-0.159289011996381
FOXC2,V16,0
FOXC2,V17,-0.14877841567682
FOXC2,V18,0
FOXC2,V19,0
FOXC2,V20,0
FOXC2,V21,0
FOXC2,V22,-0.0553204592987516
FOXC2,V23,0
FOXC2,V24,0
FOXC2,V25,0
FOXC2,V26,0
FOXC2,V27,0
FOXC2,V28,-0.0120684382402112
FOXC2,V29,0
FOXC2,V30,0
FOXC2,V31,0.0589719949783515
FOXC2,V32,0
FOXD1,(Intercept),0.13549371908776
FOXD1,V1,0
FOXD1,V2,0
FOXD1,V3,0
FOXD1,V4,0
FOXD1,V5,0
FOXD1,V6,0
FOXD1,V7,0
FOXD1,V8,0
FOXD1,V9,0
FOXD1,V10,-0.0281767336382701
FOXD1,V11,0
FOXD1,V12,0.0847167098675056
FOXD1,V13,0
FOXD1,V14,-0.0731184547228017
FOXD1,V15,0.0940714245792914
FOXD1,V16,0
FOXD1,V17,0.0895258589844778
FOXD1,V18,0.00908962773231302
FOXD1,V19,0.10224970572309
FOXD1,V20,0.0291905750261491
FOXD1,V21,-0.0229025092008794
FOXD1,V22,0.188586709435645
FOXD1,V23,0
FOXD1,V24,0
FOXD1,V25,-0.0594765971032871
FOXD1,V26,0.0242550847635998
FOXD1,V27,0
FOXD1,V28,0
FOXD1,V29,0.138843621777794
FOXD1,V30,0.126590153668424
FOXD1,V31,0
FOXD1,V32,0
FOXD2,(Intercept),-0.0330357790883377
FOXD2,V1,0
FOXD2,V2,0
FOXD2,V3,0.12036534588069
FOXD2,V4,-0.0860189190316468
FOXD2,V5,-0.0920789466656819
FOXD2,V6,0.0971866182062789
FOXD2,V7,0
FOXD2,V8,-0.0393174581191297
FOXD2,V9,0
FOXD2,V10,-0.25520089408042
FOXD2,V11,-0.247539155164877
FOXD2,V12,0
FOXD2,V13,0
FOXD2,V14,-0.0227813060436322
FOXD2,V15,0.0155184767230024
FOXD2,V16,0
FOXD2,V17,0.226324301804747
FOXD2,V18,0.121033874702024
FOXD2,V19,0.0932063556149799
FOXD2,V20,0
FOXD2,V21,0
FOXD2,V22,0.0175229272936762
FOXD2,V23,0
FOXD2,V24,0
FOXD2,V25,-0.0255836012015353
FOXD2,V26,0
FOXD2,V27,0
FOXD2,V28,0
FOXD2,V29,0.0681843768552111
FOXD2,V30,0
FOXD2,V31,0
FOXD2,V32,0
FOXD3,(Intercept),0.0167728256928343
FOXD3,V1,0
FOXD3,V2,0
FOXD3,V3,0
FOXD3,V4,0.0370328651537128
FOXD3,V5,0
FOXD3,V6,0.0258121937847702
FOXD3,V7,0
FOXD3,V8,0
FOXD3,V9,0.0714234285032991
FOXD3,V10,-0.0239707684652515
FOXD3,V11,0
FOXD3,V12,0
FOXD3,V13,0
FOXD3,V14,0
FOXD3,V15,0
FOXD3,V16,-0.0094185400879656
FOXD3,V17,0.0894906661066631
FOXD3,V18,0.0452001022254063
FOXD3,V19,0
FOXD3,V20,0
FOXD3,V21,0
FOXD3,V22,0
FOXD3,V23,0
FOXD3,V24,0
FOXD3,V25,-0.0212362003421506
FOXD3,V26,0
FOXD3,V27,0
FOXD3,V28,0
FOXD3,V29,0
FOXD3,V30,0.008939151364918
FOXD3,V31,0
FOXD3,V32,0
FOXE1,(Intercept),-0.148566193295131
FOXE1,V1,-0.136760260503853
FOXE1,V2,-0.111419720571688
FOXE1,V3,0
FOXE1,V4,-0.132781408905773
FOXE1,V5,-0.211566016791971
FOXE1,V6,0.127475000940544
FOXE1,V7,0.0469195007101407
FOXE1,V8,0
FOXE1,V9,0
FOXE1,V10,-0.105026934710513
FOXE1,V11,-0.05356306075484
FOXE1,V12,-0.140670133321553
FOXE1,V13,0.178719515780783
FOXE1,V14,-0.000977453314526815
FOXE1,V15,0.0508650140401373
FOXE1,V16,0.126630550608025
FOXE1,V17,0.0131892202030256
FOXE1,V18,0
FOXE1,V19,0.00781567438027661
FOXE1,V20,-0.0856899961191844
FOXE1,V21,0.089296151017316
FOXE1,V22,0.106680077410743
FOXE1,V23,-0.0693109817032356
FOXE1,V24,0
FOXE1,V25,0.00542411016905351
FOXE1,V26,-0.0040039449746251
FOXE1,V27,0.192053808869855
FOXE1,V28,0.0449364169837149
FOXE1,V29,-0.0671100012770872
FOXE1,V30,0.0848776073386586
FOXE1,V31,0.207720509938184
FOXE1,V32,0.0566318534905729
FOXE3,(Intercept),-0.0444393737792356
FOXE3,V1,0
FOXE3,V2,0
FOXE3,V3,0
FOXE3,V4,0
FOXE3,V5,0
FOXE3,V6,0
FOXE3,V7,0.0942370349426306
FOXE3,V8,-0.0371316092778966
FOXE3,V9,0
FOXE3,V10,-0.0764940797464439
FOXE3,V11,0
FOXE3,V12,0
FOXE3,V13,0.0881329250142478
FOXE3,V14,0
FOXE3,V15,0.0528101982739056
FOXE3,V16,0
FOXE3,V17,0
FOXE3,V18,0
FOXE3,V19,0.00100197599826178
FOXE3,V20,0
FOXE3,V21,0
FOXE3,V22,0.0165814878893055
FOXE3,V23,0
FOXE3,V24,0
FOXE3,V25,-0.00248064435552939
FOXE3,V26,0
FOXE3,V27,0
FOXE3,V28,0
FOXE3,V29,0
FOXE3,V30,0.110904518076764
FOXE3,V31,0
FOXE3,V32,0
FOXF1,(Intercept),-0.133983059620855
FOXF1,V1,0.157020361046349
FOXF1,V2,0.101979503330864
FOXF1,V3,-0.290284505210341
FOXF1,V4,0.37109131885984
FOXF1,V5,0.00133103578287705
FOXF1,V6,0
FOXF1,V7,0.227008618000674
FOXF1,V8,0
FOXF1,V9,0.0122040771162124
FOXF1,V10,0
FOXF1,V11,0
FOXF1,V12,-0.121234068910542
FOXF1,V13,0.0720759616770991
FOXF1,V14,0.249738665103074
FOXF1,V15,0
FOXF1,V16,0
FOXF1,V17,0
FOXF1,V18,0.0791480636028205
FOXF1,V19,0
FOXF1,V20,0
FOXF1,V21,0
FOXF1,V22,0.0154409661848862
FOXF1,V23,0
FOXF1,V24,0.225977819545533
FOXF1,V25,-0.0828651566779348
FOXF1,V26,-0.228082454914781
FOXF1,V27,0.141902753274863
FOXF1,V28,0
FOXF1,V29,-0.0987140623170603
FOXF1,V30,0
FOXF1,V31,0.158805405828357
FOXF1,V32,-0.0881143220046026
FOXF2,(Intercept),-0.0646347043877686
FOXF2,V1,0.154377700128122
FOXF2,V2,0
FOXF2,V3,-0.367764048601534
FOXF2,V4,0.430674399682226
FOXF2,V5,0
FOXF2,V6,-0.0370672664626104
FOXF2,V7,0.207018834434224
FOXF2,V8,0
FOXF2,V9,0.0896553255191144
FOXF2,V10,0.0410608106100967
FOXF2,V11,0.0190065492055384
FOXF2,V12,-0.0766585969465521
FOXF2,V13,0.0640063393325082
FOXF2,V14,0.241719123532407
FOXF2,V15,0
FOXF2,V16,0
FOXF2,V17,0
FOXF2,V18,0.0731050210196508
FOXF2,V19,0
FOXF2,V20,-0.022544924682826
FOXF2,V21,-0.0335933237037943
FOXF2,V22,0
FOXF2,V23,-0.0623091062620562
FOXF2,V24,0.26541205064044
FOXF2,V25,0
FOXF2,V26,-0.17950777641484
FOXF2,V27,0.170538229937407
FOXF2,V28,0.0381765388156654
FOXF2,V29,-0.0642413968295105
FOXF2,V30,0
FOXF2,V31,0.0993611622968788
FOXF2,V32,-0.0388681283968003
FOXI3,(Intercept),-0.0106524337226407
FOXI3,V1,0.0439796226434022
FOXI3,V2,0.0483080400110411
FOXI3,V3,-0.517121537205504
FOXI3,V4,0.4343382008567
FOXI3,V5,0.19989079814372
FOXI3,V6,0
FOXI3,V7,0.151052064154946
FOXI3,V8,0.0170480630348117
FOXI3,V9,0.00720034251237691
FOXI3,V10,0.166804656010769
FOXI3,V11,0.0750370564262828
FOXI3,V12,-0.0117870743151192
FOXI3,V13,0.00678346241928622
FOXI3,V14,0.381448749004498
FOXI3,V15,-0.0730628116136329
FOXI3,V16,-0.0679105865623141
FOXI3,V17,-0.0602371405675407
FOXI3,V18,0.0339526943304162
FOXI3,V19,0.206874849632896
FOXI3,V20,-0.177718267071187
FOXI3,V21,0
FOXI3,V22,-0.0378362085698776
FOXI3,V23,0.0362074667470592
FOXI3,V24,0.260116545768607
FOXI3,V25,0.0964855108452491
FOXI3,V26,-0.264150773315415
FOXI3,V27,0.220901613978046
FOXI3,V28,-0.152041442603991
FOXI3,V29,-0.107813837203399
FOXI3,V30,-0.0769359580295608
FOXI3,V31,0.123843168584851
FOXI3,V32,-0.0456929385910237
FOXJ1,(Intercept),0.0421013798824189
FOXJ1,V1,-0.021988416769383
FOXJ1,V2,0
FOXJ1,V3,0.119567593931447
FOXJ1,V4,-0.106620515190686
FOXJ1,V5,-0.0044900889883568
FOXJ1,V6,0
FOXJ1,V7,-0.0192686694728946
FOXJ1,V8,-0.0977197730542019
FOXJ1,V9,-0.104703430784605
FOXJ1,V10,0
FOXJ1,V11,-0.0190832371743032
FOXJ1,V12,0
FOXJ1,V13,-0.0111704039133642
FOXJ1,V14,0
FOXJ1,V15,0
FOXJ1,V16,0.00689368007382125
FOXJ1,V17,0
FOXJ1,V18,0
FOXJ1,V19,0.024800594493506
FOXJ1,V20,0.047332260046319
FOXJ1,V21,-0.0198347438933729
FOXJ1,V22,0
FOXJ1,V23,0
FOXJ1,V24,0
FOXJ1,V25,-0.0296717625847817
FOXJ1,V26,0
FOXJ1,V27,0
FOXJ1,V28,0.161524372924649
FOXJ1,V29,0
FOXJ1,V30,0
FOXJ1,V31,0
FOXJ1,V32,0.0277395497480618
FOXL2,(Intercept),-0.128411328982508
FOXL2,V1,0.147893494277109
FOXL2,V2,0.0951217692673125
FOXL2,V3,-0.374498016208149
FOXL2,V4,0.367823900936477
FOXL2,V5,0
FOXL2,V6,-0.0946867171644713
FOXL2,V7,0.10022632051151
FOXL2,V8,0
FOXL2,V9,0.0237846733309469
FOXL2,V10,0
FOXL2,V11,0
FOXL2,V12,-0.16120440699431
FOXL2,V13,0.0809218321646845
FOXL2,V14,0.22866469221943
FOXL2,V15,0
FOXL2,V16,0.0681428063808657
FOXL2,V17,-0.141224578784861
FOXL2,V18,0.242926953070176
FOXL2,V19,0
FOXL2,V20,-0.182383001792596
FOXL2,V21,0
FOXL2,V22,0
FOXL2,V23,-0.0225586488788702
FOXL2,V24,0.475997090038283
FOXL2,V25,-0.0196449693441999
FOXL2,V26,-0.17584595530286
FOXL2,V27,0.0644667099595202
FOXL2,V28,-0.220727591443528
FOXL2,V29,-0.0876573116841187
FOXL2,V30,0
FOXL2,V31,0.31004809905689
FOXL2,V32,-0.0208481313348605
FOXP4,(Intercept),0.206804108024189
FOXP4,V1,-0.117115161889071
FOXP4,V2,-0.146662060907039
FOXP4,V3,0.189773275576702
FOXP4,V4,-0.0790580768500454
FOXP4,V5,0
FOXP4,V6,0
FOXP4,V7,-0.137318790083337
FOXP4,V8,0
FOXP4,V9,0
FOXP4,V10,0
FOXP4,V11,0.0979482109381718
FOXP4,V12,0.0825976788094652
FOXP4,V13,-0.00175182098789439
FOXP4,V14,-0.220917666788925
FOXP4,V15,0.0157513831734087
FOXP4,V16,0
FOXP4,V17,0.0216572804947184
FOXP4,V18,-0.154526627241726
FOXP4,V19,0
FOXP4,V20,0.00034198699149334
FOXP4,V21,0
FOXP4,V22,0
FOXP4,V23,0
FOXP4,V24,-0.128550426835222
FOXP4,V25,0
FOXP4,V26,0.219628577285544
FOXP4,V27,0
FOXP4,V28,-0.0288679344922714
FOXP4,V29,0.259892265816061
FOXP4,V30,0
FOXP4,V31,-0.00638036436418946
FOXP4,V32,0
GATA2,(Intercept),0.0546250979973094
GATA2,V1,0.032814203745737
GATA2,V2,0.192132067956128
GATA2,V3,-0.201628603828119
GATA2,V4,0.386188672023123
GATA2,V5,0.37931272746269
GATA2,V6,0
GATA2,V7,0.0241282036147276
GATA2,V8,0
GATA2,V9,0.0990988191975238
GATA2,V10,0.0047663370879674
GATA2,V11,0.137151055910926
GATA2,V12,0
GATA2,V13,0
GATA2,V14,0.184638269313717
GATA2,V15,0.108011920876037
GATA2,V16,-0.0607655907371717
GATA2,V17,0
GATA2,V18,0.000155262670409067
GATA2,V19,0
GATA2,V20,-0.0843421180123764
GATA2,V21,-0.13911424796593
GATA2,V22,0.032770303768625
GATA2,V23,0.127503189421416
GATA2,V24,0.0293464995750512
GATA2,V25,0.00916446816960447
GATA2,V26,0
GATA2,V27,0.0169204894440375
GATA2,V28,-0.00311267074979627
GATA2,V29,0
GATA2,V30,0
GATA2,V31,0
GATA2,V32,0
GATA3,(Intercept),-0.0228867551445605
GATA3,V1,0.403485788278343
GATA3,V2,0.061898031658157
GATA3,V3,-0.334741272228565
GATA3,V4,0.396110859171281
GATA3,V5,0.128225212392849
GATA3,V6,0
GATA3,V7,0.135748996150226
GATA3,V8,0.184423732202616
GATA3,V9,0.202335140037837
GATA3,V10,0.059575859716264
GATA3,V11,0.065990504875104
GATA3,V12,-0.0173286094240883
GATA3,V13,0
GATA3,V14,0.427026962504876
GATA3,V15,0.101754352480056
GATA3,V16,0
GATA3,V17,0
GATA3,V18,0.143398492839456
GATA3,V19,0.165708378891751
GATA3,V20,-0.223923059758057
GATA3,V21,-0.0655986652862493
GATA3,V22,0.132677629008977
GATA3,V23,0.0810616312940986
GATA3,V24,0.220354382061596
GATA3,V25,0
GATA3,V26,-0.251993708485859
GATA3,V27,0.0832258002252554
GATA3,V28,0.0131123050630257
GATA3,V29,-0.167526611901751
GATA3,V30,0.118261197178585
GATA3,V31,0.246514220119839
GATA3,V32,-0.0418999462642993
GATA4,(Intercept),0.0465380520383526
GATA4,V1,0.0932967015893636
GATA4,V2,0.216020084523456
GATA4,V3,-0.310997003168547
GATA4,V4,0.191441746323523
GATA4,V5,0.349543257297534
GATA4,V6,-0.0953494951937233
GATA4,V7,0.0650443291442014
GATA4,V8,0.17537015180676
GATA4,V9,0.0276054190551012
GATA4,V10,0.00024436484897023
GATA4,V11,0.22961053553905
GATA4,V12,-0.0826190544266607
GATA4,V13,0.0791438444019113
GATA4,V14,0.317498927868221
GATA4,V15,0
GATA4,V16,0
GATA4,V17,0.0858089641731405
GATA4,V18,0.0483722344998686
GATA4,V19,0.161411931351907
GATA4,V20,-0.0641889104862698
GATA4,V21,-0.145095162880866
GATA4,V22,0.158836884203398
GATA4,V23,0.158388084554777
GATA4,V24,0
GATA4,V25,0.189431711667703
GATA4,V26,-0.0743191606908573
GATA4,V27,0
GATA4,V28,0.00546572005401215
GATA4,V29,-0.0643301752488029
GATA4,V30,0.064809011527318
GATA4,V31,0.0987267991759631
GATA4,V32,0
GATA6,(Intercept),0.0987413866442894
GATA6,V1,0
GATA6,V2,0.248191454776911
GATA6,V3,-0.188431393158519
GATA6,V4,0.198853802864736
GATA6,V5,0.19579690024807
GATA6,V6,-0.0305441460374472
GATA6,V7,0
GATA6,V8,0
GATA6,V9,0
GATA6,V10,0
GATA6,V11,0.130265921164437
GATA6,V12,0
GATA6,V13,0
GATA6,V14,0.345054823934876
GATA6,V15,0
GATA6,V16,-0.01880217455181
GATA6,V17,0
GATA6,V18,0
GATA6,V19,0.00748721176116468
GATA6,V20,0
GATA6,V21,-0.0714968113047504
GATA6,V22,0.121555034137781
GATA6,V23,0
GATA6,V24,0
GATA6,V25,0.128120631242266
GATA6,V26,0
GATA6,V27,0
GATA6,V28,0
GATA6,V29,0
GATA6,V30,0
GATA6,V31,0
GATA6,V32,0
GFI1,(Intercept),-0.0517648025671861
GFI1,V1,0
GFI1,V2,-0.031176144195431
GFI1,V3,0.21706419033204
GFI1,V4,-0.138060721338181
GFI1,V5,0.0223553302105901
GFI1,V6,0.230528328903638
GFI1,V7,0.0168232053000938
GFI1,V8,0.0746655758978585
GFI1,V9,0.0971558567169031
GFI1,V10,-0.0338997620594093
GFI1,V11,0
GFI1,V12,-0.0191878107541533
GFI1,V13,0.0182595587570429
GFI1,V14,-0.0567297735980892
GFI1,V15,0.167295354550638
GFI1,V16,-0.0757668191689509
GFI1,V17,0.0395272224143323
GFI1,V18,0.130640058360834
GFI1,V19,0
GFI1,V20,0
GFI1,V21,-0.134382077611396
GFI1,V22,0.122211939306499
GFI1,V23,0.0140440780760317
GFI1,V24,0
GFI1,V25,-0.114508201088667
GFI1,V26,0
GFI1,V27,0
GFI1,V28,0
GFI1,V29,0
GFI1,V30,0
GFI1,V31,0
GFI1,V32,-0.0223832767599182
GLI1,(Intercept),0.0364843956147601
GLI1,V1,0
GLI1,V2,-0.0407715919551794
GLI1,V3,0
GLI1,V4,0.185747533128559
GLI1,V5,0
GLI1,V6,-0.0741701418663519
GLI1,V7,-0.0938787706116102
GLI1,V8,0
GLI1,V9,-0.00758580184518024
GLI1,V10,0.357648843724455
GLI1,V11,0
GLI1,V12,-0.00320570103926065
GLI1,V13,0
GLI1,V14,0
GLI1,V15,-0.0746815373536213
GLI1,V16,0
GLI1,V17,-0.222401845511375
GLI1,V18,-0.225104168972023
GLI1,V19,0
GLI1,V20,-0.00186055342102049
GLI1,V21,0.157363808389227
GLI1,V22,-0.0147862358459449
GLI1,V23,0
GLI1,V24,0
GLI1,V25,0
GLI1,V26,0
GLI1,V27,0.0610600287367153
GLI1,V28,-0.31205665242793
GLI1,V29,0.00437587090518122
GLI1,V30,-0.0921517998055144
GLI1,V31,0.0798745806672198
GLI1,V32,0
GLIS3,(Intercept),0.108246531766836
GLIS3,V1,0.0459604249271475
GLIS3,V2,0
GLIS3,V3,-0.252171588051292
GLIS3,V4,0.358933570010937
GLIS3,V5,0.286711624478547
GLIS3,V6,-0.12793124737915
GLIS3,V7,0
GLIS3,V8,0.0756671472739294
GLIS3,V9,0
GLIS3,V10,0.173960003982519
GLIS3,V11,0.261793917661716
GLIS3,V12,0
GLIS3,V13,0.0560646100519654
GLIS3,V14,0.208497195141542
GLIS3,V15,-0.0585814627884136
GLIS3,V16,0.0980468061789893
GLIS3,V17,-0.341361781318347
GLIS3,V18,-0.100046293003119
GLIS3,V19,0
GLIS3,V20,-0.141033969781957
GLIS3,V21,-0.0227474785375184
GLIS3,V22,-0.126393060260733
GLIS3,V23,0
GLIS3,V24,0.345916279232216
GLIS3,V25,0.0248743959825351
GLIS3,V26,-0.0624837447649862
GLIS3,V27,0
GLIS3,V28,0
GLIS3,V29,-0.0101052943304076
GLIS3,V30,0
GLIS3,V31,0.0599812191627115
GLIS3,V32,-0.0457279509942314
GSC,(Intercept),0.0309644410374903
GSC,V1,-0.110618869130313
GSC,V2,-0.199918106276559
GSC,V3,0.00331726359415924
GSC,V4,-0.115559416290805
GSC,V5,-0.0923585011306255
GSC,V6,0.0346280106870421
GSC,V7,0
GSC,V8,-0.147535752763369
GSC,V9,-0.0806475212971399
GSC,V10,-0.114195931720788
GSC,V11,-0.0751129582055611
GSC,V12,0
GSC,V13,-0.054180614992745
GSC,V14,-0.126201192401629
GSC,V15,0.254890199494347
GSC,V16,0
GSC,V17,0.0574577638083094
GSC,V18,0.065467444212511
GSC,V19,0.158647013380841
GSC,V20,0
GSC,V21,0.0776576125693824
GSC,V22,0.0569173444298682
GSC,V23,0.144456371904611
GSC,V24,0
GSC,V25,0
GSC,V26,0
GSC,V27,0
GSC,V28,0
GSC,V29,0.148993952114982
GSC,V30,-0.0163155671245753
GSC,V31,0.0486022358711396
GSC,V32,0.114006327184559
GSX2,(Intercept),0.0629019479361735
GSX2,V1,-0.0762783337641204
GSX2,V2,-0.0326847749713552
GSX2,V3,0.275643763397817
GSX2,V4,-0.0775254894835657
GSX2,V5,0
GSX2,V6,0.0567881630007278
GSX2,V7,0
GSX2,V8,-0.190138752661863
GSX2,V9,-0.0405905123820632
GSX2,V10,-0.0398800513787721
GSX2,V11,-0.0520683525281711
GSX2,V12,0
GSX2,V13,0
GSX2,V14,-0.0642722961541019
GSX2,V15,0.0287366502975229
GSX2,V16,0
GSX2,V17,0.0836147845401576
GSX2,V18,0
GSX2,V19,0.0871342939947306
GSX2,V20,0
GSX2,V21,0.148795099819901
GSX2,V22,0
GSX2,V23,0
GSX2,V24,-0.0518801170631165
GSX2,V25,-0.134858784046011
GSX2,V26,0
GSX2,V27,0.0750059890109467
GSX2,V28,-0.133611982962834
GSX2,V29,0.116691846926229
GSX2,V30,-0.0697867952480486
GSX2,V31,0.0995801320046978
GSX2,V32,0.0847107871786742
GTF2B,(Intercept),0.0314994439326773
GTF2B,V1,0.0795614508020298
GTF2B,V2,0
GTF2B,V3,-0.1160997529241
GTF2B,V4,0.086562180683277
GTF2B,V5,0
GTF2B,V6,0
GTF2B,V7,0
GTF2B,V8,0
GTF2B,V9,0.114501062524062
GTF2B,V10,0
GTF2B,V11,0
GTF2B,V12,0
GTF2B,V13,0
GTF2B,V14,0.124285027680079
GTF2B,V15,0
GTF2B,V16,-0.00294012284626236
GTF2B,V17,0
GTF2B,V18,0
GTF2B,V19,0
GTF2B,V20,0
GTF2B,V21,0
GTF2B,V22,0
GTF2B,V23,0
GTF2B,V24,0.0417333978008626
GTF2B,V25,0
GTF2B,V26,0
GTF2B,V27,0
GTF2B,V28,0
GTF2B,V29,0
GTF2B,V30,0
GTF2B,V31,-0.00365767763290337
GTF2B,V32,0
HAND1,(Intercept),0.0141629682778329
HAND1,V1,0
HAND1,V2,0
HAND1,V3,0
HAND1,V4,0
HAND1,V5,0.0304710158381327
HAND1,V6,-0.089797130176954
HAND1,V7,0
HAND1,V8,0
HAND1,V9,0
HAND1,V10,0.0664611009296803
HAND1,V11,0
HAND1,V12,0
HAND1,V13,0
HAND1,V14,0
HAND1,V15,-0.0621785116242311
HAND1,V16,0
HAND1,V17,-0.132668415215493
HAND1,V18,-0.136900657821502
HAND1,V19,0
HAND1,V20,-0.0178061390604646
HAND1,V21,0
HAND1,V22,0
HAND1,V23,0
HAND1,V24,0
HAND1,V25,0
HAND1,V26,0
HAND1,V27,0
HAND1,V28,0
HAND1,V29,0
HAND1,V30,-0.100545239098614
HAND1,V31,0.0188719582342231
HAND1,V32,0
HELZ2,(Intercept),0.042720360270502
HELZ2,V1,-0.185251202796512
HELZ2,V2,-0.276197877788498
HELZ2,V3,0.465729765547485
HELZ2,V4,-0.432845894372973
HELZ2,V5,-0.318291449810759
HELZ2,V6,0.14152677917572
HELZ2,V7,-0.171433019077082
HELZ2,V8,-0.274815375725142
HELZ2,V9,-0.344502616601732
HELZ2,V10,0.000448649064779518
HELZ2,V11,-0.00906497145526455
HELZ2,V12,0
HELZ2,V13,0
HELZ2,V14,-0.489523403271754
HELZ2,V15,0.0704383918823535
HELZ2,V16,0
HELZ2,V17,0
HELZ2,V18,0
HELZ2,V19,0.210082821248318
HELZ2,V20,0
HELZ2,V21,0.468751712240197
HELZ2,V22,0
HELZ2,V23,0
HELZ2,V24,-0.19005501850801
HELZ2,V25,-0.132787948198999
HELZ2,V26,0.0628513338092559
HELZ2,V27,0
HELZ2,V28,0.0263592949729844
HELZ2,V29,0.209088022052677
HELZ2,V30,0.00559543266842947
HELZ2,V31,0.108209287694605
HELZ2,V32,0.0365991969915852
HES4,(Intercept),-3.87602276663568e-18
HES4,V1,0
HES4,V2,0
HES4,V3,0
HES4,V4,0
HES4,V5,0
HES4,V6,0
HES4,V7,0
HES4,V8,0
HES4,V9,0
HES4,V10,0
HES4,V11,0
HES4,V12,0
HES4,V13,0
HES4,V14,0
HES4,V15,0
HES4,V16,0
HES4,V17,0
HES4,V18,0
HES4,V19,0
HES4,V20,0
HES4,V21,0
HES4,V22,0
HES4,V23,0
HES4,V24,0
HES4,V25,0
HES4,V26,0
HES4,V27,0
HES4,V28,0
HES4,V29,0
HES4,V30,0
HES4,V31,0
HES4,V32,0
HES5,(Intercept),-0.0639031263028786
HES5,V1,0
HES5,V2,0
HES5,V3,-0.17099418812425
HES5,V4,0
HES5,V5,0
HES5,V6,-0.0142386814310398
HES5,V7,0.0953363273060975
HES5,V8,0
HES5,V9,0
HES5,V10,0
HES5,V11,-0.0946454252806516
HES5,V12,0
HES5,V13,0
HES5,V14,0
HES5,V15,0
HES5,V16,0
HES5,V17,0
HES5,V18,0.00407398176445135
HES5,V19,0
HES5,V20,-0.0144657696236661
HES5,V21,0.148391197401414
HES5,V22,-0.00703222877689225
HES5,V23,0
HES5,V24,0.304163309380078
HES5,V25,0
HES5,V26,0
HES5,V27,-0.107899935242745
HES5,V28,0.119224460859234
HES5,V29,-0.110724404439359
HES5,V30,0.0565469145017936
HES5,V31,0.0198362170058749
HES5,V32,0
HES7,(Intercept),0.108345427096644
HES7,V1,0
HES7,V2,0
HES7,V3,-0.329653676014541
HES7,V4,0.378165985968891
HES7,V5,0.235293102121585
HES7,V6,-0.28110414330479
HES7,V7,-0.0103099434709405
HES7,V8,0
HES7,V9,0.249696114517308
HES7,V10,-0.226679239672389
HES7,V11,0.103419148174327
HES7,V12,0
HES7,V13,0.0929505013528954
HES7,V14,0.194351567656268
HES7,V15,-0.0949654430164964
HES7,V16,0
HES7,V17,-0.0961952552167382
HES7,V18,0
HES7,V19,0.0364415665736781
HES7,V20,-0.0129354433782631
HES7,V21,0
HES7,V22,0
HES7,V23,0
HES7,V24,0.2850260234142
HES7,V25,0.097352283530727
HES7,V26,-0.0512281549729424
HES7,V27,0
HES7,V28,-0.0939317471759919
HES7,V29,-0.0506695123409539
HES7,V30,0.0981931644103662
HES7,V31,0.191233151630284
HES7,V32,-0.016667752587859
HHEX,(Intercept),0.0688007626413805
HHEX,V1,-0.0225629852171831
HHEX,V2,-0.174721897499996
HHEX,V3,0.381738038011609
HHEX,V4,-0.39417259527777
HHEX,V5,-0.160814593007333
HHEX,V6,0.186040871153381
HHEX,V7,0
HHEX,V8,-0.148435911346376
HHEX,V9,0.0255681286388064
HHEX,V10,-0.2484890312021
HHEX,V11,0
HHEX,V12,-0.0969954292223131
HHEX,V13,0.00266544755182999
HHEX,V14,-0.445312530310566
HHEX,V15,0.126717957511497
HHEX,V16,0
HHEX,V17,0.153500848997043
HHEX,V18,0.0797457310489565
HHEX,V19,0.319213131738476
HHEX,V20,0
HHEX,V21,0
HHEX,V22,0.0568124094282742
HHEX,V23,-0.0307366601923132
HHEX,V24,-0.127990614035354
HHEX,V25,-0.0721761259324871
HHEX,V26,0.0144097355738757
HHEX,V27,-0.0974601881170087
HHEX,V28,0.316589217533919
HHEX,V29,0.29392364029399
HHEX,V30,0.0513181177597668
HHEX,V31,0.109203405653207
HHEX,V32,0.0473105820285927
HIC1,(Intercept),-0.00386829515510768
HIC1,V1,0
HIC1,V2,0
HIC1,V3,0
HIC1,V4,0
HIC1,V5,0
HIC1,V6,0
HIC1,V7,0
HIC1,V8,0
HIC1,V9,0
HIC1,V10,0
HIC1,V11,0
HIC1,V12,0
HIC1,V13,0
HIC1,V14,0
HIC1,V15,0
HIC1,V16,0
HIC1,V17,0
HIC1,V18,0
HIC1,V19,0
HIC1,V20,0
HIC1,V21,0
HIC1,V22,-0.0174111294096112
HIC1,V23,0
HIC1,V24,0
HIC1,V25,0
HIC1,V26,0
HIC1,V27,0
HIC1,V28,0
HIC1,V29,0
HIC1,V30,0
HIC1,V31,0
HIC1,V32,0
HIVEP1,(Intercept),0.00758513058611817
HIVEP1,V1,0.159297745364784
HIVEP1,V2,-0.097596337372878
HIVEP1,V3,-0.232594202056129
HIVEP1,V4,0.0028984040716895
HIVEP1,V5,0.141403807827692
HIVEP1,V6,0.0200531767661965
HIVEP1,V7,0.176546802118313
HIVEP1,V8,0.195458514387581
HIVEP1,V9,0.269844613012971
HIVEP1,V10,0
HIVEP1,V11,0.18106180347595
HIVEP1,V12,-0.0451259866899728
HIVEP1,V13,0
HIVEP1,V14,0.224398441491176
HIVEP1,V15,-0.0356307897941321
HIVEP1,V16,0
HIVEP1,V17,0.0941466430870397
HIVEP1,V18,0.0889863044066103
HIVEP1,V19,0
HIVEP1,V20,-0.184410462919966
HIVEP1,V21,0
HIVEP1,V22,0.018010339277328
HIVEP1,V23,0.0292757659890852
HIVEP1,V24,0.222213148699732
HIVEP1,V25,0.00812400140423724
HIVEP1,V26,0
HIVEP1,V27,0
HIVEP1,V28,0.0332512096269734
HIVEP1,V29,-0.16700291940481
HIVEP1,V30,0.156842459671947
HIVEP1,V31,0.245244094960572
HIVEP1,V32,0
HMGA1,(Intercept),0.0482205730442907
HMGA1,V1,0
HMGA1,V2,0.0189485269554335
HMGA1,V3,0.0618541299788802
HMGA1,V4,0.112901646262646
HMGA1,V5,0.212521410834167
HMGA1,V6,0
HMGA1,V7,0
HMGA1,V8,-0.0639314558207253
HMGA1,V9,0
HMGA1,V10,0.0760075728898338
HMGA1,V11,0
HMGA1,V12,0.225121360878868
HMGA1,V13,0
HMGA1,V14,0
HMGA1,V15,0
HMGA1,V16,0
HMGA1,V17,0
HMGA1,V18,0.175515939916821
HMGA1,V19,0
HMGA1,V20,-0.0113216182403833
HMGA1,V21,-0.0238545156041153
HMGA1,V22,-0.0235927770188393
HMGA1,V23,0
HMGA1,V24,0
HMGA1,V25,0
HMGA1,V26,0
HMGA1,V27,0
HMGA1,V28,-0.145292718897089
HMGA1,V29,0
HMGA1,V30,0
HMGA1,V31,0
HMGA1,V32,0
HMGN2,(Intercept),-0.140459911918429
HMGN2,V1,0.110699687759965
HMGN2,V2,0.0712351968165473
HMGN2,V3,0
HMGN2,V4,0
HMGN2,V5,0.130036225955745
HMGN2,V6,-0.0216598248233703
HMGN2,V7,0.261718056701926
HMGN2,V8,-0.0207770199607358
HMGN2,V9,0.0932076579549209
HMGN2,V10,0
HMGN2,V11,0
HMGN2,V12,0.0942930811068692
HMGN2,V13,0
HMGN2,V14,-0.272448546645954
HMGN2,V15,-0.0495134713445839
HMGN2,V16,-0.0218984463228837
HMGN2,V17,-0.00873654445410978
HMGN2,V18,-0.0255425510839524
HMGN2,V19,-0.251213205664978
HMGN2,V20,0.0291660731771106
HMGN2,V21,-0.134448924765117
HMGN2,V22,-0.0640188564802836
HMGN2,V23,0.0298175140839582
HMGN2,V24,0
HMGN2,V25,0
HMGN2,V26,0
HMGN2,V27,0.225513102681105
HMGN2,V28,-0.0348201660579829
HMGN2,V29,0
HMGN2,V30,-0.143843525414993
HMGN2,V31,-0.178954105149885
HMGN2,V32,-0.0514452414368001
HMX3,(Intercept),-0.0298979729470964
HMX3,V1,0
HMX3,V2,0
HMX3,V3,0
HMX3,V4,0.0912868955210919
HMX3,V5,0.0362132778640721
HMX3,V6,0
HMX3,V7,0.139952349178409
HMX3,V8,0
HMX3,V9,0
HMX3,V10,-0.0429601369795773
HMX3,V11,0
HMX3,V12,0
HMX3,V13,0
HMX3,V14,0.0252282016539008
HMX3,V15,0
HMX3,V16,0
HMX3,V17,0.085589826571268
HMX3,V18,0
HMX3,V19,0.0584860116080485
HMX3,V20,0
HMX3,V21,0
HMX3,V22,0
HMX3,V23,0
HMX3,V24,0
HMX3,V25,0
HMX3,V26,-0.00196242738056151
HMX3,V27,0.00479842319755639
HMX3,V28,0
HMX3,V29,0
HMX3,V30,-0.0411040987355543
HMX3,V31,0
HMX3,V32,0
HNF1B,(Intercept),0.00595230324375698
HNF1B,V1,0
HNF1B,V2,0
HNF1B,V3,0
HNF1B,V4,0.00363238823990139
HNF1B,V5,0
HNF1B,V6,0
HNF1B,V7,0
HNF1B,V8,0
HNF1B,V9,0
HNF1B,V10,0
HNF1B,V11,0
HNF1B,V12,0
HNF1B,V13,0
HNF1B,V14,0
HNF1B,V15,0
HNF1B,V16,0
HNF1B,V17,0
HNF1B,V18,0
HNF1B,V19,0
HNF1B,V20,0
HNF1B,V21,0
HNF1B,V22,0
HNF1B,V23,0
HNF1B,V24,0.0280205356707886
HNF1B,V25,0
HNF1B,V26,0
HNF1B,V27,0
HNF1B,V28,0
HNF1B,V29,0
HNF1B,V30,0
HNF1B,V31,0
HNF1B,V32,0
HNRNPAB,(Intercept),-0.0525039826137928
HNRNPAB,V1,0
HNRNPAB,V2,0
HNRNPAB,V3,0
HNRNPAB,V4,0
HNRNPAB,V5,0
HNRNPAB,V6,0
HNRNPAB,V7,0.0072301273003398
HNRNPAB,V8,-0.0457649812877752
HNRNPAB,V9,0.027392569317112
HNRNPAB,V10,0
HNRNPAB,V11,0
HNRNPAB,V12,0
HNRNPAB,V13,0.0528580386290066
HNRNPAB,V14,-0.0780200362660607
HNRNPAB,V15,0.0119529390003882
HNRNPAB,V16,-0.0912754070057114
HNRNPAB,V17,0
HNRNPAB,V18,0.245832421070675
HNRNPAB,V19,0.215081821989168
HNRNPAB,V20,0.0297226867376652
HNRNPAB,V21,0
HNRNPAB,V22,0.0170273372131398
HNRNPAB,V23,0
HNRNPAB,V24,-0.13263338912122
HNRNPAB,V25,0
HNRNPAB,V26,0.061332271483997
HNRNPAB,V27,0
HNRNPAB,V28,0.024771950215126
HNRNPAB,V29,0
HNRNPAB,V30,0.107717403361759
HNRNPAB,V31,0
HNRNPAB,V32,-0.0273736007363743
HOXA13,(Intercept),0.0649438168708946
HOXA13,V1,0.0152697570161281
HOXA13,V2,0
HOXA13,V3,0.0171824805604436
HOXA13,V4,-0.0642776255998314
HOXA13,V5,-0.0951830599676735
HOXA13,V6,0
HOXA13,V7,-0.024807002242858
HOXA13,V8,0
HOXA13,V9,-0.0535104659466322
HOXA13,V10,0.0741109068769385
HOXA13,V11,0
HOXA13,V12,0
HOXA13,V13,-0.0687155597449077
HOXA13,V14,0
HOXA13,V15,0
HOXA13,V16,0
HOXA13,V17,0.0934119634164396
HOXA13,V18,0.0928505017206036
HOXA13,V19,0.183528358949863
HOXA13,V20,0.00335815246316461
HOXA13,V21,-0.156328601473156
HOXA13,V22,0.057766766584832
HOXA13,V23,0
HOXA13,V24,0
HOXA13,V25,0.0854809001518022
HOXA13,V26,0
HOXA13,V27,0
HOXA13,V28,0
HOXA13,V29,0
HOXA13,V30,0.0543752721246158
HOXA13,V31,0.0884442335395754
HOXA13,V32,0
HOXC9,(Intercept),0.13053393388502
HOXC9,V1,-0.0479321547145325
HOXC9,V2,0.00362458091820726
HOXC9,V3,0.144366346956896
HOXC9,V4,-0.123026421276239
HOXC9,V5,-0.0597560676639401
HOXC9,V6,-0.0491245655435441
HOXC9,V7,-0.0545575761383773
HOXC9,V8,0
HOXC9,V9,0
HOXC9,V10,-0.092071163162394
HOXC9,V11,-0.0343992579226346
HOXC9,V12,0.175728302342941
HOXC9,V13,0
HOXC9,V14,-0.0203107198597923
HOXC9,V15,0
HOXC9,V16,0
HOXC9,V17,0.0681093511042108
HOXC9,V18,0.0721339549065448
HOXC9,V19,0.0219550968342355
HOXC9,V20,0
HOXC9,V21,-0.0214537629693547
HOXC9,V22,0.0487628479818244
HOXC9,V23,0
HOXC9,V24,0
HOXC9,V25,-0.0152607898671486
HOXC9,V26,0
HOXC9,V27,0.0634855073056638
HOXC9,V28,0
HOXC9,V29,0
HOXC9,V30,0.184684239416652
HOXC9,V31,0
HOXC9,V32,0.0753903491266095
HOXC13,(Intercept),0.00344593934602058
HOXC13,V1,0
HOXC13,V2,0
HOXC13,V3,0
HOXC13,V4,0
HOXC13,V5,0
HOXC13,V6,0
HOXC13,V7,0
HOXC13,V8,0
HOXC13,V9,0
HOXC13,V10,0.0125418468508499
HOXC13,V11,0
HOXC13,V12,0
HOXC13,V13,-0.000551966712743042
HOXC13,V14,0
HOXC13,V15,0
HOXC13,V16,0
HOXC13,V17,0
HOXC13,V18,0
HOXC13,V19,0
HOXC13,V20,0
HOXC13,V21,0
HOXC13,V22,0
HOXC13,V23,0
HOXC13,V24,0
HOXC13,V25,0
HOXC13,V26,0
HOXC13,V27,0
HOXC13,V28,0
HOXC13,V29,0.00366293882335562
HOXC13,V30,0
HOXC13,V31,0
HOXC13,V32,0
IFI16,(Intercept),0.0318733284274354
IFI16,V1,0
IFI16,V2,0
IFI16,V3,0
IFI16,V4,0
IFI16,V5,0
IFI16,V6,0
IFI16,V7,0
IFI16,V8,0
IFI16,V9,0
IFI16,V10,0
IFI16,V11,0
IFI16,V12,0
IFI16,V13,0
IFI16,V14,0
IFI16,V15,0
IFI16,V16,0
IFI16,V17,0
IFI16,V18,0
IFI16,V19,0
IFI16,V20,0
IFI16,V21,0
IFI16,V22,0
IFI16,V23,0
IFI16,V24,0
IFI16,V25,0
IFI16,V26,0
IFI16,V27,0
IFI16,V28,0
IFI16,V29,0.0625658269231669
IFI16,V30,0
IFI16,V31,0
IFI16,V32,0
IKZF2,(Intercept),0.0118040615253484
IKZF2,V1,0
IKZF2,V2,0
IKZF2,V3,0
IKZF2,V4,0
IKZF2,V5,0
IKZF2,V6,0.0789045446489567
IKZF2,V7,-0.0408810551510142
IKZF2,V8,0
IKZF2,V9,0
IKZF2,V10,0
IKZF2,V11,0
IKZF2,V12,0
IKZF2,V13,0
IKZF2,V14,0
IKZF2,V15,0
IKZF2,V16,0
IKZF2,V17,0
IKZF2,V18,-0.069001417086684
IKZF2,V19,0
IKZF2,V20,0
IKZF2,V21,-0.10221900324481
IKZF2,V22,0
IKZF2,V23,0
IKZF2,V24,0
IKZF2,V25,0.074377818885992
IKZF2,V26,0
IKZF2,V27,0
IKZF2,V28,0
IKZF2,V29,0
IKZF2,V30,0
IKZF2,V31,0
IKZF2,V32,0
IKZF5,(Intercept),-0.0416193279276585
IKZF5,V1,0
IKZF5,V2,-0.0234988444106495
IKZF5,V3,0.051260018140979
IKZF5,V4,-0.0426968087661973
IKZF5,V5,0
IKZF5,V6,0
IKZF5,V7,0
IKZF5,V8,0
IKZF5,V9,-0.256557398812849
IKZF5,V10,0.100578874598783
IKZF5,V11,-0.139447759180595
IKZF5,V12,0
IKZF5,V13,-0.0322420712307122
IKZF5,V14,-0.0167501205401896
IKZF5,V15,0
IKZF5,V16,0
IKZF5,V17,0
IKZF5,V18,0
IKZF5,V19,-0.0211866542956099
IKZF5,V20,0
IKZF5,V21,0.0605897551774685
IKZF5,V22,-0.032821249644188
IKZF5,V23,0
IKZF5,V24,0
IKZF5,V25,0.0117896873190106
IKZF5,V26,-0.13279027448476
IKZF5,V27,0
IKZF5,V28,0
IKZF5,V29,0.0310270550048576
IKZF5,V30,0
IKZF5,V31,0
IKZF5,V32,0
INSM2,(Intercept),0.125574555306134
INSM2,V1,0
INSM2,V2,-0.169591750246539
INSM2,V3,0.0118843103596605
INSM2,V4,-0.121355783471575
INSM2,V5,0
INSM2,V6,0
INSM2,V7,-0.0198702648510498
INSM2,V8,0
INSM2,V9,0
INSM2,V10,0
INSM2,V11,0
INSM2,V12,0
INSM2,V13,-0.0529647697381804
INSM2,V14,0
INSM2,V15,0
INSM2,V16,0
INSM2,V17,0
INSM2,V18,-0.0333107741805288
INSM2,V19,0
INSM2,V20,0
INSM2,V21,0
INSM2,V22,0.0968823732697379
INSM2,V23,0
INSM2,V24,0
INSM2,V25,0
INSM2,V26,0.00728847649511036
INSM2,V27,0
INSM2,V28,0
INSM2,V29,0.11806142721048
INSM2,V30,0
INSM2,V31,0
INSM2,V32,0.0171555920018261
IRF1,(Intercept),-0.177192757164106
IRF1,V1,-0.434730808453265
IRF1,V2,0
IRF1,V3,0.241762787867531
IRF1,V4,-0.244594470054301
IRF1,V5,-0.112597906783517
IRF1,V6,0.137180678874253
IRF1,V7,0
IRF1,V8,-0.169502298273701
IRF1,V9,0
IRF1,V10,-0.274699806554023
IRF1,V11,-0.0658047460951362
IRF1,V12,-0.361570223659173
IRF1,V13,-0.101775568354137
IRF1,V14,-0.147054103052576
IRF1,V15,0.499370730390852
IRF1,V16,-0.0441876162754325
IRF1,V17,0.0317269681536178
IRF1,V18,-0.054939600975266
IRF1,V19,0.428165180441771
IRF1,V20,0.127968701103755
IRF1,V21,0.143249674519928
IRF1,V22,0.372270928295477
IRF1,V23,-0.216960250078302
IRF1,V24,0
IRF1,V25,-0.0965963686927344
IRF1,V26,0.0901931746713305
IRF1,V27,0.154933073521262
IRF1,V28,-0.0483859464067273
IRF1,V29,0.105158129223021
IRF1,V30,-0.437393153762373
IRF1,V31,0
IRF1,V32,0.0468682162637743
IRF4,(Intercept),-0.0031755897320863
IRF4,V1,-0.134642562908864
IRF4,V2,0
IRF4,V3,0.287719825677674
IRF4,V4,-0.0632964451429552
IRF4,V5,0
IRF4,V6,0.030685181135119
IRF4,V7,-0.0160189541333406
IRF4,V8,-0.293444229370383
IRF4,V9,-0.0881369822889575
IRF4,V10,-0.160312721222245
IRF4,V11,-0.0789955748925393
IRF4,V12,0
IRF4,V13,-0.0802724575119457
IRF4,V14,-0.063214998827248
IRF4,V15,0.289762613710128
IRF4,V16,0.0963949397672659
IRF4,V17,0.123329637219995
IRF4,V18,-0.130650475302622
IRF4,V19,0.00408958284761509
IRF4,V20,0
IRF4,V21,0
IRF4,V22,0.0304978918062125
IRF4,V23,0
IRF4,V24,-0.0656271645277501
IRF4,V25,0.0674611404293813
IRF4,V26,0.0787369557001005
IRF4,V27,0.0140528661163127
IRF4,V28,-0.0480133519864953
IRF4,V29,0.0187492249879345
IRF4,V30,0
IRF4,V31,0.153004098660498
IRF4,V32,0.118625884571181
IRX3,(Intercept),0.0687747137216917
IRX3,V1,-0.0994715982623966
IRX3,V2,-0.159025479600702
IRX3,V3,0.0154986740127073
IRX3,V4,-0.0483215937739255
IRX3,V5,0.00764308005177347
IRX3,V6,0.0339346759582753
IRX3,V7,0
IRX3,V8,0
IRX3,V9,0
IRX3,V10,-0.113670429101537
IRX3,V11,0
IRX3,V12,0.0182704643227722
IRX3,V13,0
IRX3,V14,0
IRX3,V15,0.0829285229299561
IRX3,V16,0
IRX3,V17,0.179741000751536
IRX3,V18,0
IRX3,V19,-0.0548835286736212
IRX3,V20,-0.00747866134609683
IRX3,V21,-0.0110390517798612
IRX3,V22,0.0613943113809419
IRX3,V23,0
IRX3,V24,-0.0142477237623565
IRX3,V25,0
IRX3,V26,0.0278600885761979
IRX3,V27,-0.174403016609519
IRX3,V28,0
IRX3,V29,0.0763060231915672
IRX3,V30,0
IRX3,V31,-0.000437552845892537
IRX3,V32,0
JDP2,(Intercept),-0.124359122065474
JDP2,V1,0
JDP2,V2,0
JDP2,V3,0
JDP2,V4,0
JDP2,V5,0
JDP2,V6,0
JDP2,V7,0.0400475304047165
JDP2,V8,0
JDP2,V9,-0.0215768191387003
JDP2,V10,0
JDP2,V11,0
JDP2,V12,-0.161295056636274
JDP2,V13,0.0433021781369768
JDP2,V14,0
JDP2,V15,0
JDP2,V16,0
JDP2,V17,0
JDP2,V18,0
JDP2,V19,0.142509408762911
JDP2,V20,-0.065976399956741
JDP2,V21,0.00655054638221978
JDP2,V22,-0.0531195537311596
JDP2,V23,0
JDP2,V24,0
JDP2,V25,0
JDP2,V26,-0.107742128978077
JDP2,V27,0
JDP2,V28,0
JDP2,V29,-0.101656977365335
JDP2,V30,0
JDP2,V31,0.0652526097807128
JDP2,V32,0
JUN,(Intercept),-0.0842814242163788
JUN,V1,0.184782235626104
JUN,V2,-0.0734027334129
JUN,V3,-0.136097884470746
JUN,V4,0.0904712969464786
JUN,V5,0.0270259067056856
JUN,V6,0
JUN,V7,0.128473265355089
JUN,V8,0.0335258255944678
JUN,V9,0
JUN,V10,-0.0110584324498351
JUN,V11,0
JUN,V12,0
JUN,V13,0
JUN,V14,0
JUN,V15,-0.0906085098888559
JUN,V16,0.127015396151703
JUN,V17,0
JUN,V18,0.0163454839607948
JUN,V19,0
JUN,V20,-0.209174234408354
JUN,V21,0.0907181295379748
JUN,V22,0.0297362062251571
JUN,V23,-0.204348103597808
JUN,V24,0.170080564591146
JUN,V25,-0.00156506392901144
JUN,V26,-0.042526409110829
JUN,V27,-0.0421072493020769
JUN,V28,0.168092168287205
JUN,V29,-0.0948616739611492
JUN,V30,0
JUN,V31,0.135442221740064
JUN,V32,-0.0223212435653827
JUNB,(Intercept),-0.022723963572495
JUNB,V1,0
JUNB,V2,-0.0264152270892533
JUNB,V3,0
JUNB,V4,0
JUNB,V5,-0.0955786039753019
JUNB,V6,0
JUNB,V7,-0.0375894625854721
JUNB,V8,-0.0161677761537851
JUNB,V9,0
JUNB,V10,-0.11621272876031
JUNB,V11,0
JUNB,V12,0.0232817236948511
JUNB,V13,-0.00520166682651878
JUNB,V14,-0.158781658986178
JUNB,V15,0
JUNB,V16,0.0304204730128736
JUNB,V17,0
JUNB,V18,0
JUNB,V19,0.182504402434109
JUNB,V20,0.108355012667881
JUNB,V21,0.067722174729459
JUNB,V22,0.0371447288596481
JUNB,V23,0
JUNB,V24,-0.0669404257886568
JUNB,V25,-0.0107320547395431
JUNB,V26,0.00703733909632868
JUNB,V27,0
JUNB,V28,0
JUNB,V29,0.00344391886503921
JUNB,V30,0.0336502476527281
JUNB,V31,0.0102487545293252
JUNB,V32,0.00553904832333499
KLF2,(Intercept),-0.132414118499976
KLF2,V1,-0.061167423112942
KLF2,V2,0
KLF2,V3,0
KLF2,V4,0
KLF2,V5,0
KLF2,V6,0.0295015907158177
KLF2,V7,0
KLF2,V8,0
KLF2,V9,-0.0295760370138696
KLF2,V10,-0.0765551420944441
KLF2,V11,0
KLF2,V12,-0.12174474312114
KLF2,V13,0
KLF2,V14,0
KLF2,V15,0.086100321923376
KLF2,V16,0
KLF2,V17,0
KLF2,V18,0
KLF2,V19,0
KLF2,V20,0
KLF2,V21,0
KLF2,V22,0
KLF2,V23,0
KLF2,V24,0
KLF2,V25,0
KLF2,V26,-0.141083100212678
KLF2,V27,0
KLF2,V28,0
KLF2,V29,-0.0989744099017613
KLF2,V30,-0.0950812800879877
KLF2,V31,0
KLF2,V32,0
KLF3,(Intercept),0.0150632284399585
KLF3,V1,0
KLF3,V2,0
KLF3,V3,0
KLF3,V4,0
KLF3,V5,0.26965747431131
KLF3,V6,-0.120192693536258
KLF3,V7,0.0614797403285755
KLF3,V8,0.229231215383203
KLF3,V9,0.100493322972056
KLF3,V10,0
KLF3,V11,0.198402699803442
KLF3,V12,0.174387863470627
KLF3,V13,0
KLF3,V14,-0.185291208345034
KLF3,V15,0.16402047664617
KLF3,V16,0
KLF3,V17,-0.178226324595298
KLF3,V18,0.221756050052998
KLF3,V19,0
KLF3,V20,0
KLF3,V21,0.0265808082780796
KLF3,V22,0
KLF3,V23,0
KLF3,V24,0
KLF3,V25,-0.104358089246761
KLF3,V26,0.0393369079097455
KLF3,V27,-0.0594169618311184
KLF3,V28,0.0917876888298815
KLF3,V29,0.0127915261635442
KLF3,V30,0.335060386087039
KLF3,V31,-0.0548504008549324
KLF3,V32,0.0499368816939033
KLF5,(Intercept),-0.0523284939500822
KLF5,V1,0
KLF5,V2,-0.0229459155774773
KLF5,V3,0
KLF5,V4,-0.0230258486799541
KLF5,V5,0
KLF5,V6,0.0265729415881678
KLF5,V7,0
KLF5,V8,0
KLF5,V9,0
KLF5,V10,-0.117063197471724
KLF5,V11,-0.00191323163845403
KLF5,V12,-0.154076198737862
KLF5,V13,0
KLF5,V14,0
KLF5,V15,0
KLF5,V16,0
KLF5,V17,0.0605944999979847
KLF5,V18,0
KLF5,V19,0.0284185333723588
KLF5,V20,-0.163383588824682
KLF5,V21,0
KLF5,V22,0
KLF5,V23,0
KLF5,V24,0
KLF5,V25,0
KLF5,V26,0
KLF5,V27,0
KLF5,V28,0.120444700931492
KLF5,V29,-0.043875188062083
KLF5,V30,0
KLF5,V31,0
KLF5,V32,0
KLF8,(Intercept),-0.0433996694279332
KLF8,V1,0.109923656446081
KLF8,V2,0
KLF8,V3,0
KLF8,V4,0.0230863931142067
KLF8,V5,0.167529668320653
KLF8,V6,0
KLF8,V7,0
KLF8,V8,0.292726104397795
KLF8,V9,0.0532493253290391
KLF8,V10,0
KLF8,V11,0.0643146270517623
KLF8,V12,0
KLF8,V13,0.309935442698397
KLF8,V14,0
KLF8,V15,0.0355440893774988
KLF8,V16,-0.0565148557527412
KLF8,V17,-0.0385465486876258
KLF8,V18,0.0765215177429025
KLF8,V19,0.0258400993821516
KLF8,V20,0
KLF8,V21,0
KLF8,V22,0.124759967899099
KLF8,V23,0
KLF8,V24,0.111303223787254
KLF8,V25,-0.0214797301475337
KLF8,V26,0.00880440444093951
KLF8,V27,0
KLF8,V28,0.0313768046002113
KLF8,V29,0
KLF8,V30,0.211837627364592
KLF8,V31,0
KLF8,V32,0
KLF15,(Intercept),0.032930195468415
KLF15,V1,-0.0485100952081766
KLF15,V2,-0.0540268157562824
KLF15,V3,0.255252975930244
KLF15,V4,-0.128377939129981
KLF15,V5,0
KLF15,V6,0
KLF15,V7,-0.0405640192657653
KLF15,V8,-0.119723314773844
KLF15,V9,-0.0332318798501316
KLF15,V10,0
KLF15,V11,-0.0576761101827224
KLF15,V12,0
KLF15,V13,0
KLF15,V14,0
KLF15,V15,0
KLF15,V16,0.0232972172622587
KLF15,V17,0
KLF15,V18,0.0246609907919407
KLF15,V19,0
KLF15,V20,-0.0249838561246558
KLF15,V21,0.00424869598083155
KLF15,V22,0
KLF15,V23,0
KLF15,V24,-0.0495191489624367
KLF15,V25,0
KLF15,V26,0
KLF15,V27,0.0184805243005357
KLF15,V28,0
KLF15,V29,0.00510447273217796
KLF15,V30,-0.0887919876824658
KLF15,V31,0
KLF15,V32,0.0620944789498728
KLF16,(Intercept),-0.0250938423699564
KLF16,V1,0
KLF16,V2,0
KLF16,V3,0
KLF16,V4,0
KLF16,V5,0
KLF16,V6,0
KLF16,V7,0
KLF16,V8,0
KLF16,V9,0
KLF16,V10,-0.219065468349811
KLF16,V11,0
KLF16,V12,0
KLF16,V13,0
KLF16,V14,0
KLF16,V15,0
KLF16,V16,0
KLF16,V17,0
KLF16,V18,0
KLF16,V19,0
KLF16,V20,0
KLF16,V21,0
KLF16,V22,0
KLF16,V23,0
KLF16,V24,0
KLF16,V25,0
KLF16,V26,0
KLF16,V27,0
KLF16,V28,0
KLF16,V29,0
KLF16,V30,0
KLF16,V31,0
KLF16,V32,0
LBX1,(Intercept),-5.86011274228415e-17
LBX1,V1,0
LBX1,V2,0
LBX1,V3,0
LBX1,V4,0
LBX1,V5,0
LBX1,V6,0
LBX1,V7,0
LBX1,V8,0
LBX1,V9,0
LBX1,V10,0
LBX1,V11,0
LBX1,V12,0
LBX1,V13,0
LBX1,V14,0
LBX1,V15,0
LBX1,V16,0
LBX1,V17,0
LBX1,V18,0
LBX1,V19,0
LBX1,V20,0
LBX1,V21,0
LBX1,V22,0
LBX1,V23,0
LBX1,V24,0
LBX1,V25,0
LBX1,V26,0
LBX1,V27,0
LBX1,V28,0
LBX1,V29,0
LBX1,V30,0
LBX1,V31,0
LBX1,V32,0
LHX2,(Intercept),0.0570689972413277
LHX2,V1,0
LHX2,V2,0
LHX2,V3,0
LHX2,V4,-0.0979877983912195
LHX2,V5,-0.00508268277625037
LHX2,V6,-0.117815120418666
LHX2,V7,0
LHX2,V8,-0.0510184637922161
LHX2,V9,0
LHX2,V10,0
LHX2,V11,-0.0129853007304893
LHX2,V12,0.0507705828775453
LHX2,V13,0
LHX2,V14,0
LHX2,V15,0
LHX2,V16,0
LHX2,V17,0
LHX2,V18,0
LHX2,V19,0
LHX2,V20,0.159290788470583
LHX2,V21,-0.131580055118703
LHX2,V22,0.0138165794460377
LHX2,V23,0
LHX2,V24,0
LHX2,V25,0
LHX2,V26,0.0283663026289425
LHX2,V27,0
LHX2,V28,0
LHX2,V29,0
LHX2,V30,0
LHX2,V31,-0.195404874870613
LHX2,V32,0
LHX4,(Intercept),0.0686228518421371
LHX4,V1,0
LHX4,V2,-0.145499075442673
LHX4,V3,0
LHX4,V4,-0.212637111374603
LHX4,V5,-0.0836685680698199
LHX4,V6,0
LHX4,V7,0
LHX4,V8,0.0110186556011488
LHX4,V9,0.00253201198861906
LHX4,V10,-0.0317997318420816
LHX4,V11,0
LHX4,V12,0
LHX4,V13,0
LHX4,V14,0
LHX4,V15,0.109570244184737
LHX4,V16,0
LHX4,V17,0.147861729359227
LHX4,V18,0.197379663455707
LHX4,V19,0.12404749197134
LHX4,V20,-0.00631502025721642
LHX4,V21,0
LHX4,V22,0.0479087496982025
LHX4,V23,0.00123928692902494
LHX4,V24,0.16239792474758
LHX4,V25,0
LHX4,V26,0.0226196678043912
LHX4,V27,-0.157557454962592
LHX4,V28,0.0284566204664306
LHX4,V29,0
LHX4,V30,0.206202549874777
LHX4,V31,0
LHX4,V32,0
LHX6,(Intercept),-6.05459150697374e-18
LHX6,V1,0
LHX6,V2,0
LHX6,V3,0
LHX6,V4,0
LHX6,V5,0
LHX6,V6,0
LHX6,V7,0
LHX6,V8,0
LHX6,V9,0
LHX6,V10,0
LHX6,V11,0
LHX6,V12,0
LHX6,V13,0
LHX6,V14,0
LHX6,V15,0
LHX6,V16,0
LHX6,V17,0
LHX6,V18,0
LHX6,V19,0
LHX6,V20,0
LHX6,V21,0
LHX6,V22,0
LHX6,V23,0
LHX6,V24,0
LHX6,V25,0
LHX6,V26,0
LHX6,V27,0
LHX6,V28,0
LHX6,V29,0
LHX6,V30,0
LHX6,V31,0
LHX6,V32,0
LHX9,(Intercept),0.0141123689590537
LHX9,V1,0
LHX9,V2,0
LHX9,V3,0
LHX9,V4,0
LHX9,V5,0
LHX9,V6,0
LHX9,V7,0
LHX9,V8,0
LHX9,V9,0
LHX9,V10,0
LHX9,V11,0
LHX9,V12,0
LHX9,V13,0
LHX9,V14,0
LHX9,V15,0
LHX9,V16,0
LHX9,V17,0
LHX9,V18,0
LHX9,V19,0
LHX9,V20,0
LHX9,V21,0
LHX9,V22,0.0635195279496258
LHX9,V23,0
LHX9,V24,0
LHX9,V25,0
LHX9,V26,0
LHX9,V27,0
LHX9,V28,0
LHX9,V29,0
LHX9,V30,0
LHX9,V31,0
LHX9,V32,0
LYL1,(Intercept),0.102451108048494
LYL1,V1,-0.10571164519339
LYL1,V2,0
LYL1,V3,0
LYL1,V4,-0.0672799574287192
LYL1,V5,0
LYL1,V6,0
LYL1,V7,0
LYL1,V8,-0.0514067780641539
LYL1,V9,0
LYL1,V10,-0.12102394934563
LYL1,V11,0
LYL1,V12,0
LYL1,V13,0
LYL1,V14,0
LYL1,V15,0
LYL1,V16,0
LYL1,V17,0.172319926673925
LYL1,V18,0
LYL1,V19,0.162389168974365
LYL1,V20,0
LYL1,V21,0
LYL1,V22,0.200693210523837
LYL1,V23,0
LYL1,V24,0
LYL1,V25,0
LYL1,V26,0.0544343318379537
LYL1,V27,0
LYL1,V28,0
LYL1,V29,0
LYL1,V30,0.0771976135382426
LYL1,V31,0
LYL1,V32,0.00970745057640285
MBD4,(Intercept),0.00767692991379248
MBD4,V1,0
MBD4,V2,0
MBD4,V3,0
MBD4,V4,0
MBD4,V5,-0.050173093995935
MBD4,V6,0
MBD4,V7,0
MBD4,V8,0
MBD4,V9,0
MBD4,V10,0
MBD4,V11,0.037000173045861
MBD4,V12,0
MBD4,V13,0
MBD4,V14,0
MBD4,V15,0
MBD4,V16,0
MBD4,V17,0
MBD4,V18,-0.00502119211156264
MBD4,V19,0
MBD4,V20,0
MBD4,V21,0
MBD4,V22,0
MBD4,V23,-0.0260728122578635
MBD4,V24,0
MBD4,V25,0
MBD4,V26,0
MBD4,V27,0
MBD4,V28,0
MBD4,V29,0
MBD4,V30,0
MBD4,V31,0
MBD4,V32,0
MECOM,(Intercept),-0.00238385262667209
MECOM,V1,0
MECOM,V2,0
MECOM,V3,0
MECOM,V4,0
MECOM,V5,0
MECOM,V6,0
MECOM,V7,0.007743910119208
MECOM,V8,0
MECOM,V9,0
MECOM,V10,0
MECOM,V11,0
MECOM,V12,0
MECOM,V13,0
MECOM,V14,0
MECOM,V15,0
MECOM,V16,0
MECOM,V17,0
MECOM,V18,0
MECOM,V19,0
MECOM,V20,0
MECOM,V21,0
MECOM,V22,0
MECOM,V23,0
MECOM,V24,0
MECOM,V25,0
MECOM,V26,0
MECOM,V27,0
MECOM,V28,0
MECOM,V29,0
MECOM,V30,0
MECOM,V31,0
MECOM,V32,0
MESP1,(Intercept),-0.00569331672154007
MESP1,V1,0.0060379863160393
MESP1,V2,0
MESP1,V3,0
MESP1,V4,0
MESP1,V5,0
MESP1,V6,0
MESP1,V7,0
MESP1,V8,0.103551446079874
MESP1,V9,0
MESP1,V10,0
MESP1,V11,0
MESP1,V12,0
MESP1,V13,0
MESP1,V14,0.0337332799806528
MESP1,V15,0
MESP1,V16,-0.0531733035365024
MESP1,V17,0
MESP1,V18,0
MESP1,V19,0.0504798567398875
MESP1,V20,-0.0566505379861623
MESP1,V21,0.0216636823259498
MESP1,V22,0
MESP1,V23,0
MESP1,V24,0
MESP1,V25,0
MESP1,V26,0
MESP1,V27,0
MESP1,V28,0
MESP1,V29,0
MESP1,V30,0
MESP1,V31,0
MESP1,V32,0
MKX,(Intercept),-0.0348402471325028
MKX,V1,0.0647515824596856
MKX,V2,-0.123941819244523
MKX,V3,0
MKX,V4,-0.230716561536265
MKX,V5,0
MKX,V6,0.205640171739584
MKX,V7,0
MKX,V8,0.142182660903694
MKX,V9,0
MKX,V10,0.000394381841915475
MKX,V11,-0.0764005519225816
MKX,V12,-0.157802351792329
MKX,V13,0
MKX,V14,0.0382063702971344
MKX,V15,0
MKX,V16,-0.0703873161325473
MKX,V17,0.143365070690014
MKX,V18,0.241551332116035
MKX,V19,0.0590181572571962
MKX,V20,-0.159990201892424
MKX,V21,0
MKX,V22,0.115091017645078
MKX,V23,0.120019757220532
MKX,V24,0.0649277070995276
MKX,V25,0.120134802419916
MKX,V26,0
MKX,V27,-0.00883757655805261
MKX,V28,0.372726031489926
MKX,V29,-0.0692887716711807
MKX,V30,0.127572608371493
MKX,V31,0
MKX,V32,0
MLXIP,(Intercept),0.0244979595629343
MLXIP,V1,0
MLXIP,V2,0.0025994734595545
MLXIP,V3,0
MLXIP,V4,0
MLXIP,V5,0.0409165007690267
MLXIP,V6,-0.107524137605993
MLXIP,V7,0
MLXIP,V8,0
MLXIP,V9,-0.0246701049097664
MLXIP,V10,0.00529150195306369
MLXIP,V11,0
MLXIP,V12,0
MLXIP,V13,0
MLXIP,V14,0
MLXIP,V15,-0.0954055391120309
MLXIP,V16,0
MLXIP,V17,0
MLXIP,V18,-0.105245845293164
MLXIP,V19,-0.268809471491612
MLXIP,V20,0
MLXIP,V21,-0.0938002109934614
MLXIP,V22,0
MLXIP,V23,0
MLXIP,V24,-0.00457502958397702
MLXIP,V25,0.0700990047471094
MLXIP,V26,-0.0570666643670726
MLXIP,V27,0
MLXIP,V28,-0.122996612756878
MLXIP,V29,0
MLXIP,V30,-0.0652354939278853
MLXIP,V31,-0.0246320576492842
MLXIP,V32,0
MMP3,(Intercept),2.57498015965307e-19
MMP3,V1,0
MMP3,V2,0
MMP3,V3,0
MMP3,V4,0
MMP3,V5,0
MMP3,V6,0
MMP3,V7,0
MMP3,V8,0
MMP3,V9,0
MMP3,V10,0
MMP3,V11,0
MMP3,V12,0
MMP3,V13,0
MMP3,V14,0
MMP3,V15,0
MMP3,V16,0
MMP3,V17,0
MMP3,V18,0
MMP3,V19,0
MMP3,V20,0
MMP3,V21,0
MMP3,V22,0
MMP3,V23,0
MMP3,V24,0
MMP3,V25,0
MMP3,V26,0
MMP3,V27,0
MMP3,V28,0
MMP3,V29,0
MMP3,V30,0
MMP3,V31,0
MMP3,V32,0
MNX1,(Intercept),-0.208403828510654
MNX1,V1,-0.0299689794388742
MNX1,V2,-0.00652701754411106
MNX1,V3,0.0154629326259533
MNX1,V4,0
MNX1,V5,-0.0397143999237583
MNX1,V6,0.0853298236411152
MNX1,V7,0.156865373223356
MNX1,V8,-0.10397785479545
MNX1,V9,-0.080830142882351
MNX1,V10,-0.0180848419537773
MNX1,V11,-0.224506921511987
MNX1,V12,-0.159735781157166
MNX1,V13,0
MNX1,V14,0
MNX1,V15,0
MNX1,V16,0.131505974997775
MNX1,V17,0.035734657402893
MNX1,V18,0
MNX1,V19,0
MNX1,V20,-0.139041371263055
MNX1,V21,0.217613299803351
MNX1,V22,0
MNX1,V23,-0.182794761151091
MNX1,V24,0
MNX1,V25,-0.154477879699797
MNX1,V26,-0.0172897311734809
MNX1,V27,-0.0280644476565061
MNX1,V28,0
MNX1,V29,0.0599676666837695
MNX1,V30,-0.24373864691826
MNX1,V31,0.115032393267254
MNX1,V32,0
MXI1,(Intercept),0.0504275888454044
MXI1,V1,-0.0663194923874707
MXI1,V2,-0.178043055231695
MXI1,V3,0.485221294775702
MXI1,V4,-0.352824822032414
MXI1,V5,-0.161696894911386
MXI1,V6,0.0224212704810193
MXI1,V7,-0.0283784571613126
MXI1,V8,-0.446885883061302
MXI1,V9,-0.167379280848029
MXI1,V10,0
MXI1,V11,-0.0455077245015149
MXI1,V12,0.091315250344028
MXI1,V13,0
MXI1,V14,-0.455422714875232
MXI1,V15,0.122010092927623
MXI1,V16,0
MXI1,V17,0
MXI1,V18,-0.0160914832479344
MXI1,V19,0
MXI1,V20,0.168300062102912
MXI1,V21,0.374724126893493
MXI1,V22,0
MXI1,V23,0
MXI1,V24,-0.229516191264919
MXI1,V25,-0.136423303062785
MXI1,V26,0.0443186852807867
MXI1,V27,0
MXI1,V28,0.0360535066911246
MXI1,V29,0.207355963908146
MXI1,V30,0
MXI1,V31,0
MXI1,V32,0.0416249499383556
MYBL1,(Intercept),-0.0402029210456946
MYBL1,V1,-0.162466716478574
MYBL1,V2,-0.0733594520818841
MYBL1,V3,0.299834527585883
MYBL1,V4,-0.33396333927614
MYBL1,V5,-0.155785907574716
MYBL1,V6,0
MYBL1,V7,0
MYBL1,V8,-0.371932114064577
MYBL1,V9,0
MYBL1,V10,0
MYBL1,V11,-0.0888455588099316
MYBL1,V12,0
MYBL1,V13,0
MYBL1,V14,-0.476077695583849
MYBL1,V15,0.061488142388402
MYBL1,V16,0
MYBL1,V17,0.000906817227641572
MYBL1,V18,0
MYBL1,V19,0.105067097088577
MYBL1,V20,0
MYBL1,V21,0.0532958375871423
MYBL1,V22,0
MYBL1,V23,0
MYBL1,V24,0
MYBL1,V25,0
MYBL1,V26,0.102281954418336
MYBL1,V27,0
MYBL1,V28,0
MYBL1,V29,0.014168810584522
MYBL1,V30,-0.0906700643591452
MYBL1,V31,0.0304284657622338
MYBL1,V32,0.117075637521675
MYC,(Intercept),0.191341144889471
MYC,V1,0.269665660139059
MYC,V2,0.276650279170615
MYC,V3,-0.376808096055314
MYC,V4,0.472164030422852
MYC,V5,0.603956557008558
MYC,V6,-0.178931657974658
MYC,V7,0
MYC,V8,0.431118891334626
MYC,V9,0.247005980781095
MYC,V10,-0.00772646735882721
MYC,V11,0.330153604196693
MYC,V12,0.164094624796512
MYC,V13,0
MYC,V14,0.567746272318091
MYC,V15,-0.0324758337407947
MYC,V16,0
MYC,V17,0.0420325095784358
MYC,V18,0.109249822475267
MYC,V19,-0.201739973120551
MYC,V20,-0.121660066248173
MYC,V21,-0.667728112607255
MYC,V22,-0.0161923605980733
MYC,V23,0.0729384617339869
MYC,V24,0.296856589736369
MYC,V25,0.302573075440776
MYC,V26,0
MYC,V27,0.00153433676564926
MYC,V28,-0.137119137668922
MYC,V29,-0.173572412571561
MYC,V30,0.154220891687449
MYC,V31,-0.109166829717883
MYC,V32,-0.0179906829079365
MYCN,(Intercept),0.163089543565353
MYCN,V1,0.194306161709928
MYCN,V2,0.17923564493415
MYCN,V3,-0.144155687028458
MYCN,V4,0.307959775907583
MYCN,V5,0.500522270970237
MYCN,V6,-0.0756576251486734
MYCN,V7,0
MYCN,V8,0.167445642811874
MYCN,V9,0.194890553833357
MYCN,V10,0
MYCN,V11,0.183358463593242
MYCN,V12,0.107498154526322
MYCN,V13,0.00737893721416063
MYCN,V14,0.34375198735607
MYCN,V15,0
MYCN,V16,0
MYCN,V17,0.0113880702111506
MYCN,V18,0.0350653735744638
MYCN,V19,-0.0988149125600338
MYCN,V20,-0.0188319956585062
MYCN,V21,-0.381135868169297
MYCN,V22,-0.0808187429933467
MYCN,V23,0.315142697405623
MYCN,V24,0.160599108155729
MYCN,V25,0.315542298382081
MYCN,V26,-0.0712466294624146
MYCN,V27,0
MYCN,V28,-0.187054541401155
MYCN,V29,-0.0376051995424769
MYCN,V30,0.143562889119694
MYCN,V31,0
MYCN,V32,-0.118632087991275
MYOD1,(Intercept),0.0644662542645926
MYOD1,V1,0
MYOD1,V2,-0.141960903547403
MYOD1,V3,0
MYOD1,V4,0
MYOD1,V5,0
MYOD1,V6,0
MYOD1,V7,-0.0182709559845541
MYOD1,V8,0
MYOD1,V9,0
MYOD1,V10,0
MYOD1,V11,0
MYOD1,V12,0
MYOD1,V13,0
MYOD1,V14,0.0378370342807909
MYOD1,V15,0
MYOD1,V16,0.0119977028741678
MYOD1,V17,0
MYOD1,V18,0
MYOD1,V19,0
MYOD1,V20,0
MYOD1,V21,0
MYOD1,V22,0
MYOD1,V23,0.0361795769441258
MYOD1,V24,0
MYOD1,V25,0
MYOD1,V26,0
MYOD1,V27,0
MYOD1,V28,0
MYOD1,V29,0.0568093391103022
MYOD1,V30,0
MYOD1,V31,0
MYOD1,V32,0
MYRF,(Intercept),0.00875684718065938
MYRF,V1,0
MYRF,V2,0.0166178958004895
MYRF,V3,0
MYRF,V4,0
MYRF,V5,0
MYRF,V6,0
MYRF,V7,0
MYRF,V8,0
MYRF,V9,0
MYRF,V10,0
MYRF,V11,0
MYRF,V12,0
MYRF,V13,0
MYRF,V14,0
MYRF,V15,0
MYRF,V16,0
MYRF,V17,0
MYRF,V18,0
MYRF,V19,0
MYRF,V20,0
MYRF,V21,0
MYRF,V22,0
MYRF,V23,0
MYRF,V24,0
MYRF,V25,0
MYRF,V26,0
MYRF,V27,0
MYRF,V28,0
MYRF,V29,0
MYRF,V30,0.0539470312114952
MYRF,V31,0
MYRF,V32,0
NCOA3,(Intercept),0.017884218180731
NCOA3,V1,0
NCOA3,V2,0
NCOA3,V3,0
NCOA3,V4,0
NCOA3,V5,0.009055759587662
NCOA3,V6,0
NCOA3,V7,-0.0335233109928467
NCOA3,V8,0
NCOA3,V9,0
NCOA3,V10,0.211697557822491
NCOA3,V11,0
NCOA3,V12,0
NCOA3,V13,0
NCOA3,V14,0
NCOA3,V15,-0.0641021662820094
NCOA3,V16,0
NCOA3,V17,-0.065052429987509
NCOA3,V18,0
NCOA3,V19,-0.0469448907022242
NCOA3,V20,0
NCOA3,V21,0
NCOA3,V22,0
NCOA3,V23,0
NCOA3,V24,0
NCOA3,V25,0
NCOA3,V26,0
NCOA3,V27,0
NCOA3,V28,-0.0172730288297151
NCOA3,V29,0
NCOA3,V30,-0.100977426489009
NCOA3,V31,0
NCOA3,V32,0
NEUROD1,(Intercept),-0.100047322512188
NEUROD1,V1,0.151956114456516
NEUROD1,V2,-0.062486502614304
NEUROD1,V3,-0.168552830949782
NEUROD1,V4,0.361251626350173
NEUROD1,V5,0
NEUROD1,V6,0
NEUROD1,V7,0.0337485746827073
NEUROD1,V8,0.289040736201304
NEUROD1,V9,0
NEUROD1,V10,0.0131219527171396
NEUROD1,V11,0
NEUROD1,V12,-0.145910094996288
NEUROD1,V13,0.118867135348046
NEUROD1,V14,0.508071183655946
NEUROD1,V15,-0.220370788645366
NEUROD1,V16,0.0285203303420576
NEUROD1,V17,-0.108081193858952
NEUROD1,V18,0.00098633908448351
NEUROD1,V19,0
NEUROD1,V20,-0.147475891012742
NEUROD1,V21,0.243382703412888
NEUROD1,V22,0
NEUROD1,V23,-0.125445193844858
NEUROD1,V24,0.244303290265918
NEUROD1,V25,0
NEUROD1,V26,-0.264591661610609
NEUROD1,V27,-0.034792865988782
NEUROD1,V28,0
NEUROD1,V29,-0.258668207515949
NEUROD1,V30,0
NEUROD1,V31,0.196806643776817
NEUROD1,V32,0
NEUROD2,(Intercept),0.0646417456540956
NEUROD2,V1,0.0233403333301538
NEUROD2,V2,0
NEUROD2,V3,0
NEUROD2,V4,0.285548167283932
NEUROD2,V5,0.0695011223075974
NEUROD2,V6,-0.0790208346257058
NEUROD2,V7,0
NEUROD2,V8,0.169295123825578
NEUROD2,V9,0
NEUROD2,V10,0
NEUROD2,V11,0
NEUROD2,V12,-0.0272568224118565
NEUROD2,V13,0.0845206394945428
NEUROD2,V14,0.400889899465119
NEUROD2,V15,-0.212427137844069
NEUROD2,V16,0
NEUROD2,V17,-0.0698992313083324
NEUROD2,V18,0
NEUROD2,V19,0
NEUROD2,V20,-0.00750699823262811
NEUROD2,V21,0.000340541358838529
NEUROD2,V22,-0.0696262589956234
NEUROD2,V23,-0.0345232310541485
NEUROD2,V24,0.103610956576464
NEUROD2,V25,0
NEUROD2,V26,-0.0580462986381834
NEUROD2,V27,-0.148337751339863
NEUROD2,V28,-0.0577385983567006
NEUROD2,V29,-0.0759073924626212
NEUROD2,V30,0
NEUROD2,V31,0
NEUROD2,V32,0
NFATC1,(Intercept),4.90330432506569e-17
NFATC1,V1,0
NFATC1,V2,0
NFATC1,V3,0
NFATC1,V4,0
NFATC1,V5,0
NFATC1,V6,0
NFATC1,V7,0
NFATC1,V8,0
NFATC1,V9,0
NFATC1,V10,0
NFATC1,V11,0
NFATC1,V12,0
NFATC1,V13,0
NFATC1,V14,0
NFATC1,V15,0
NFATC1,V16,0
NFATC1,V17,0
NFATC1,V18,0
NFATC1,V19,0
NFATC1,V20,0
NFATC1,V21,0
NFATC1,V22,0
NFATC1,V23,0
NFATC1,V24,0
NFATC1,V25,0
NFATC1,V26,0
NFATC1,V27,0
NFATC1,V28,0
NFATC1,V29,0
NFATC1,V30,0
NFATC1,V31,0
NFATC1,V32,0
NFE2,(Intercept),0.122147016724438
NFE2,V1,0.0569403464802755
NFE2,V2,0.0205054415812806
NFE2,V3,0
NFE2,V4,0.164436872292283
NFE2,V5,0.0203415865577499
NFE2,V6,-0.134915343672473
NFE2,V7,0
NFE2,V8,0
NFE2,V9,0
NFE2,V10,0
NFE2,V11,0
NFE2,V12,0.0329406988265136
NFE2,V13,0
NFE2,V14,0
NFE2,V15,0
NFE2,V16,0
NFE2,V17,0.0856669364795126
NFE2,V18,0
NFE2,V19,0
NFE2,V20,0.0160766675052554
NFE2,V21,-0.00630313567760429
NFE2,V22,0.0881128368546203
NFE2,V23,0
NFE2,V24,0
NFE2,V25,0
NFE2,V26,0.00770658016195899
NFE2,V27,0.0361724811864482
NFE2,V28,-0.101150256990028
NFE2,V29,0.131119207237138
NFE2,V30,0
NFE2,V31,-0.0508403362989298
NFE2,V32,0
NFE2L2,(Intercept),-0.04042718699845
NFE2L2,V1,0.224716657100874
NFE2L2,V2,0
NFE2L2,V3,-0.0627401518434288
NFE2L2,V4,0.120280784727302
NFE2L2,V5,0
NFE2L2,V6,0
NFE2L2,V7,0.0619604393206618
NFE2L2,V8,-0.0491010792985764
NFE2L2,V9,0
NFE2L2,V10,0
NFE2L2,V11,0
NFE2L2,V12,0
NFE2L2,V13,0
NFE2L2,V14,0
NFE2L2,V15,0
NFE2L2,V16,0
NFE2L2,V17,0
NFE2L2,V18,0
NFE2L2,V19,0
NFE2L2,V20,0
NFE2L2,V21,0
NFE2L2,V22,0
NFE2L2,V23,0
NFE2L2,V24,0.00450522440810089
NFE2L2,V25,0
NFE2L2,V26,0
NFE2L2,V27,0
NFE2L2,V28,0
NFE2L2,V29,0
NFE2L2,V30,0
NFE2L2,V31,0
NFE2L2,V32,0
NFKBIA,(Intercept),-0.00580158719198315
NFKBIA,V1,0
NFKBIA,V2,0
NFKBIA,V3,0
NFKBIA,V4,0
NFKBIA,V5,0
NFKBIA,V6,0.00493166500874959
NFKBIA,V7,0
NFKBIA,V8,0.0329907920098096
NFKBIA,V9,-0.0188379571280232
NFKBIA,V10,-0.0787985305518796
NFKBIA,V11,-0.024031297230762
NFKBIA,V12,0
NFKBIA,V13,0
NFKBIA,V14,0
NFKBIA,V15,0
NFKBIA,V16,0
NFKBIA,V17,0
NFKBIA,V18,-0.173936382551395
NFKBIA,V19,0
NFKBIA,V20,-0.0497243047538857
NFKBIA,V21,0
NFKBIA,V22,0
NFKBIA,V23,0
NFKBIA,V24,0
NFKBIA,V25,0
NFKBIA,V26,0
NFKBIA,V27,0
NFKBIA,V28,0
NFKBIA,V29,0
NFKBIA,V30,-0.0277806348538272
NFKBIA,V31,0
NFKBIA,V32,0
NHP2,(Intercept),0.0237383478222577
NHP2,V1,0
NHP2,V2,0
NHP2,V3,0
NHP2,V4,0
NHP2,V5,0
NHP2,V6,0
NHP2,V7,0
NHP2,V8,0
NHP2,V9,0
NHP2,V10,-0.0563663673450738
NHP2,V11,0
NHP2,V12,0
NHP2,V13,0
NHP2,V14,0
NHP2,V15,0
NHP2,V16,-0.02777672326101
NHP2,V17,0.0420066199009572
NHP2,V18,0
NHP2,V19,0
NHP2,V20,0
NHP2,V21,0
NHP2,V22,0.00818070329099345
NHP2,V23,0
NHP2,V24,0
NHP2,V25,0
NHP2,V26,0
NHP2,V27,0
NHP2,V28,0
NHP2,V29,0.0397622537205872
NHP2,V30,0
NHP2,V31,0
NHP2,V32,0
NKX1-2,(Intercept),-0.0254446272826944
NKX1-2,V1,0
NKX1-2,V2,0.047732710021949
NKX1-2,V3,0
NKX1-2,V4,0.0385308779942002
NKX1-2,V5,0.00674905657897717
NKX1-2,V6,0
NKX1-2,V7,0.120049276208693
NKX1-2,V8,0
NKX1-2,V9,0.0692829069490053
NKX1-2,V10,-0.00508909907660946
NKX1-2,V11,0
NKX1-2,V12,0
NKX1-2,V13,0
NKX1-2,V14,0.0239995096228059
NKX1-2,V15,0
NKX1-2,V16,0
NKX1-2,V17,0
NKX1-2,V18,0
NKX1-2,V19,0
NKX1-2,V20,0
NKX1-2,V21,-0.0485891471360662
NKX1-2,V22,0
NKX1-2,V23,0
NKX1-2,V24,0
NKX1-2,V25,0
NKX1-2,V26,-0.0686655557045199
NKX1-2,V27,0
NKX1-2,V28,0
NKX1-2,V29,0
NKX1-2,V30,0
NKX1-2,V31,-0.00277192870824587
NKX1-2,V32,-0.0595188391229889
NKX3-1,(Intercept),-0.0721760949559474
NKX3-1,V1,-0.0695900512354423
NKX3-1,V2,-0.257583324537842
NKX3-1,V3,0.321707777215177
NKX3-1,V4,-0.318977215063634
NKX3-1,V5,-0.229459644550483
NKX3-1,V6,0.335506404743827
NKX3-1,V7,0.25337653835186
NKX3-1,V8,-0.237605135907437
NKX3-1,V9,-0.0434959712190078
NKX3-1,V10,0
NKX3-1,V11,-0.0240136673564586
NKX3-1,V12,-0.244342249940991
NKX3-1,V13,0
NKX3-1,V14,-0.195737281163587
NKX3-1,V15,0.0729294698271273
NKX3-1,V16,0.0170592486640567
NKX3-1,V17,0.0576115141732917
NKX3-1,V18,0
NKX3-1,V19,0.200939954157426
NKX3-1,V20,-0.0319883515004893
NKX3-1,V21,0.118163786128019
NKX3-1,V22,0.157026524844473
NKX3-1,V23,0
NKX3-1,V24,0
NKX3-1,V25,-0.147114869288466
NKX3-1,V26,-0.03107907329012
NKX3-1,V27,0.149733177848673
NKX3-1,V28,0.0207365127557845
NKX3-1,V29,0.0802323414318589
NKX3-1,V30,-0.0498893925754429
NKX3-1,V31,0.133480315215239
NKX3-1,V32,0.111821611708506
NKX3-2,(Intercept),-0.0557828195603676
NKX3-2,V1,-0.0381692061760913
NKX3-2,V2,-0.00631052229939283
NKX3-2,V3,0.162075743257549
NKX3-2,V4,-0.131990082973746
NKX3-2,V5,-0.0489143439457053
NKX3-2,V6,0.0054277155165952
NKX3-2,V7,0.0274133925929439
NKX3-2,V8,0
NKX3-2,V9,-0.055466629561357
NKX3-2,V10,0
NKX3-2,V11,0
NKX3-2,V12,0
NKX3-2,V13,0
NKX3-2,V14,-0.21067628063079
NKX3-2,V15,0.142352591406529
NKX3-2,V16,0
NKX3-2,V17,0.094146887634736
NKX3-2,V18,0
NKX3-2,V19,0.0801947693638174
NKX3-2,V20,0
NKX3-2,V21,0
NKX3-2,V22,0.0229797598060944
NKX3-2,V23,0
NKX3-2,V24,0
NKX3-2,V25,-0.084788334715058
NKX3-2,V26,0.0684530147816677
NKX3-2,V27,0
NKX3-2,V28,0
NKX3-2,V29,0
NKX3-2,V30,0
NKX3-2,V31,0
NKX3-2,V32,0
NKX6-2,(Intercept),-0.101516540233893
NKX6-2,V1,0
NKX6-2,V2,-0.0742459351445853
NKX6-2,V3,0
NKX6-2,V4,-0.0113325850964242
NKX6-2,V5,-0.031249242446801
NKX6-2,V6,0.177585199878444
NKX6-2,V7,0.129915351664325
NKX6-2,V8,-0.104497965605441
NKX6-2,V9,0.0540616239475649
NKX6-2,V10,-0.0465414974727444
NKX6-2,V11,0
NKX6-2,V12,-0.254916560890851
NKX6-2,V13,0.0584333402908039
NKX6-2,V14,0
NKX6-2,V15,0
NKX6-2,V16,0.121917474677501
NKX6-2,V17,0.0545427447322277
NKX6-2,V18,0
NKX6-2,V19,0.193436549320358
NKX6-2,V20,-0.102545282043171
NKX6-2,V21,0.0403699789406982
NKX6-2,V22,0.184903983544391
NKX6-2,V23,-0.320017964866097
NKX6-2,V24,0.0562914530861864
NKX6-2,V25,-0.0786842801111008
NKX6-2,V26,-0.013981116283518
NKX6-2,V27,0.0359894491468003
NKX6-2,V28,0.0328160877459383
NKX6-2,V29,0.0610385292723882
NKX6-2,V30,-0.133197646623107
NKX6-2,V31,0.277257878780801
NKX6-2,V32,0.052743709898001
NME2,(Intercept),0.0205435582557588
NME2,V1,0
NME2,V2,0
NME2,V3,0
NME2,V4,0
NME2,V5,0
NME2,V6,0
NME2,V7,-0.0286681518733768
NME2,V8,0
NME2,V9,0
NME2,V10,0
NME2,V11,0
NME2,V12,0.0484944607335613
NME2,V13,0
NME2,V14,0
NME2,V15,0
NME2,V16,0
NME2,V17,0
NME2,V18,0
NME2,V19,-0.0237324978126051
NME2,V20,0
NME2,V21,0
NME2,V22,0
NME2,V23,0
NME2,V24,0
NME2,V25,0
NME2,V26,0
NME2,V27,0
NME2,V28,0
NME2,V29,0
NME2,V30,0
NME2,V31,0
NME2,V32,0
NOTO,(Intercept),0.0489605777834619
NOTO,V1,0
NOTO,V2,0
NOTO,V3,0.420508363673193
NOTO,V4,-0.0796058344498866
NOTO,V5,-0.0970287801922539
NOTO,V6,0.143262695018754
NOTO,V7,-0.0245998080604781
NOTO,V8,-0.0976238953717402
NOTO,V9,-0.108962270379365
NOTO,V10,0
NOTO,V11,0
NOTO,V12,0
NOTO,V13,0
NOTO,V14,-0.212663796462021
NOTO,V15,0.0853532826522619
NOTO,V16,-0.0163309960357342
NOTO,V17,0.0176958134614244
NOTO,V18,-0.0175974030862668
NOTO,V19,0.0311224381655959
NOTO,V20,-0.0568188904255319
NOTO,V21,0.0485697590476426
NOTO,V22,0.0165708723794283
NOTO,V23,-0.14749965282211
NOTO,V24,-0.176111730036964
NOTO,V25,0
NOTO,V26,0.0417383129743773
NOTO,V27,0
NOTO,V28,-0.0663778974156973
NOTO,V29,0.262757011028451
NOTO,V30,0
NOTO,V31,0.0853186051489126
NOTO,V32,0.121471562009769
NR2F2,(Intercept),-0.00138997525832035
NR2F2,V1,0
NR2F2,V2,0
NR2F2,V3,-0.148702602370822
NR2F2,V4,0.190556589504221
NR2F2,V5,0.158626106713883
NR2F2,V6,0
NR2F2,V7,0.0160279185643292
NR2F2,V8,0.235721820547606
NR2F2,V9,0
NR2F2,V10,0
NR2F2,V11,0.0904298496582403
NR2F2,V12,0.0237594720975393
NR2F2,V13,0.083941603377275
NR2F2,V14,0.212986650334806
NR2F2,V15,0
NR2F2,V16,0
NR2F2,V17,-0.0354407564740444
NR2F2,V18,0.0412131523793679
NR2F2,V19,0
NR2F2,V20,0
NR2F2,V21,-0.0970150978679814
NR2F2,V22,0.000540791104963516
NR2F2,V23,0
NR2F2,V24,0
NR2F2,V25,0.0206794294534703
NR2F2,V26,0.00181248538706313
NR2F2,V27,-0.0400927431794575
NR2F2,V28,0.0360289944696325
NR2F2,V29,-0.0209215152857195
NR2F2,V30,0.108641932952623
NR2F2,V31,0
NR2F2,V32,-0.103903573241124
NR4A1,(Intercept),0.0238810180051325
NR4A1,V1,0
NR4A1,V2,-0.0700569723591027
NR4A1,V3,0.00849175559936587
NR4A1,V4,0
NR4A1,V5,0
NR4A1,V6,0
NR4A1,V7,-0.0582952248798556
NR4A1,V8,0
NR4A1,V9,-0.0486040488736795
NR4A1,V10,0
NR4A1,V11,0.0163607679539905
NR4A1,V12,-0.0218123358326481
NR4A1,V13,0
NR4A1,V14,0.0209737887922646
NR4A1,V15,0
NR4A1,V16,0
NR4A1,V17,0
NR4A1,V18,0
NR4A1,V19,0.0627172987878303
NR4A1,V20,-0.107096252804977
NR4A1,V21,0.0059391027953193
NR4A1,V22,0
NR4A1,V23,0
NR4A1,V24,0
NR4A1,V25,0
NR4A1,V26,0
NR4A1,V27,0
NR4A1,V28,0
NR4A1,V29,0
NR4A1,V30,0
NR4A1,V31,0.0887677731371964
NR4A1,V32,0
NR4A3,(Intercept),0.00553377527034997
NR4A3,V1,0
NR4A3,V2,0
NR4A3,V3,0
NR4A3,V4,0
NR4A3,V5,0
NR4A3,V6,0
NR4A3,V7,0
NR4A3,V8,0
NR4A3,V9,0
NR4A3,V10,0
NR4A3,V11,0
NR4A3,V12,0
NR4A3,V13,0
NR4A3,V14,0
NR4A3,V15,0
NR4A3,V16,0
NR4A3,V17,0
NR4A3,V18,0
NR4A3,V19,0
NR4A3,V20,0
NR4A3,V21,0
NR4A3,V22,0
NR4A3,V23,0.039294444274652
NR4A3,V24,0
NR4A3,V25,0
NR4A3,V26,0
NR4A3,V27,0
NR4A3,V28,0
NR4A3,V29,0
NR4A3,V30,0
NR4A3,V31,0
NR4A3,V32,0
NSD2,(Intercept),0.101698488740424
NSD2,V1,0.065121594830421
NSD2,V2,0
NSD2,V3,-0.257995056351719
NSD2,V4,0.16141473653474
NSD2,V5,0.135002019262952
NSD2,V6,-0.114178187297803
NSD2,V7,0.0550170101299085
NSD2,V8,0.178497066764855
NSD2,V9,0.0794245070009247
NSD2,V10,0.0865576441356331
NSD2,V11,0.308250170493648
NSD2,V12,0.0988723934279565
NSD2,V13,0
NSD2,V14,0.274028128693266
NSD2,V15,0
NSD2,V16,-0.0210439000182128
NSD2,V17,-0.00611938659431544
NSD2,V18,0.0184855590825693
NSD2,V19,-0.112709986871104
NSD2,V20,0
NSD2,V21,-0.163087648783363
NSD2,V22,0.0300463417660621
NSD2,V23,0.133476152525958
NSD2,V24,-0.209363310180499
NSD2,V25,0.097839715889954
NSD2,V26,0.0451869296030093
NSD2,V27,0
NSD2,V28,0
NSD2,V29,0
NSD2,V30,0
NSD2,V31,0.0408511175068955
NSD2,V32,-0.0495021100212091
ONECUT3,(Intercept),-0.0956968372471067
ONECUT3,V1,0.128075769130445
ONECUT3,V2,0
ONECUT3,V3,-0.231719615183242
ONECUT3,V4,0.0579691547455409
ONECUT3,V5,0
ONECUT3,V6,0
ONECUT3,V7,0.0772273481239514
ONECUT3,V8,0.0672224391050044
ONECUT3,V9,0.036515647370907
ONECUT3,V10,-0.020685471883462
ONECUT3,V11,0
ONECUT3,V12,-0.174520959313917
ONECUT3,V13,0.0355665442536408
ONECUT3,V14,0.430309816764423
ONECUT3,V15,0
ONECUT3,V16,0
ONECUT3,V17,0
ONECUT3,V18,0.0418986800471173
ONECUT3,V19,-0.122965071019014
ONECUT3,V20,-0.225068438939219
ONECUT3,V21,0
ONECUT3,V22,0
ONECUT3,V23,-0.0277156272439486
ONECUT3,V24,0.0747343075747802
ONECUT3,V25,0.0199125455234313
ONECUT3,V26,-0.0734938778504852
ONECUT3,V27,0
ONECUT3,V28,0
ONECUT3,V29,-0.143085194796026
ONECUT3,V30,0
ONECUT3,V31,0
ONECUT3,V32,-0.015517714140103
OSR1,(Intercept),-0.0058025698546257
OSR1,V1,0
OSR1,V2,0
OSR1,V3,0
OSR1,V4,0
OSR1,V5,0
OSR1,V6,0
OSR1,V7,0
OSR1,V8,0
OSR1,V9,0
OSR1,V10,0.0336329843115741
OSR1,V11,-0.00126884030719231
OSR1,V12,-0.0121902986531327
OSR1,V13,0
OSR1,V14,0
OSR1,V15,0
OSR1,V16,0
OSR1,V17,0
OSR1,V18,0
OSR1,V19,0
OSR1,V20,-0.108997154328557
OSR1,V21,0
OSR1,V22,0
OSR1,V23,0
OSR1,V24,0
OSR1,V25,0
OSR1,V26,0
OSR1,V27,0
OSR1,V28,0
OSR1,V29,0
OSR1,V30,-0.0461304657275285
OSR1,V31,0
OSR1,V32,0
OSR2,(Intercept),0.0393995555606192
OSR2,V1,0
OSR2,V2,0
OSR2,V3,0.030904834179704
OSR2,V4,0
OSR2,V5,0.0473173693934143
OSR2,V6,0
OSR2,V7,0
OSR2,V8,-0.0557519165538417
OSR2,V9,-0.0322993274033504
OSR2,V10,0.0391940019523504
OSR2,V11,-0.0270857411248265
OSR2,V12,0
OSR2,V13,0
OSR2,V14,0
OSR2,V15,0
OSR2,V16,0
OSR2,V17,0
OSR2,V18,0
OSR2,V19,-0.0126519401204807
OSR2,V20,0
OSR2,V21,0
OSR2,V22,-0.000571069039820084
OSR2,V23,0
OSR2,V24,0
OSR2,V25,0
OSR2,V26,0
OSR2,V27,0
OSR2,V28,0
OSR2,V29,0.11333871470339
OSR2,V30,-0.118008288243515
OSR2,V31,0
OSR2,V32,0
OVOL1,(Intercept),0.229737668095981
OVOL1,V1,0
OVOL1,V2,0.141300219863722
OVOL1,V3,-0.0342649927862694
OVOL1,V4,0.147283124729685
OVOL1,V5,0.28017139698495
OVOL1,V6,0
OVOL1,V7,-0.127355939129931
OVOL1,V8,0.110051541997327
OVOL1,V9,0.219174283572404
OVOL1,V10,-0.217744188969297
OVOL1,V11,0.0610085830293457
OVOL1,V12,0.12416654339186
OVOL1,V13,0.00941987408737994
OVOL1,V14,0.154568947610625
OVOL1,V15,0.0379103600497442
OVOL1,V16,0
OVOL1,V17,0.244823768726668
OVOL1,V18,0.287916846430869
OVOL1,V19,-0.0136091575997287
OVOL1,V20,0.0255738490382543
OVOL1,V21,-0.296530755992522
OVOL1,V22,0.0583899122742104
OVOL1,V23,0.182462625306542
OVOL1,V24,-0.20264079778078
OVOL1,V25,0.225781044304007
OVOL1,V26,0.163508757873083
OVOL1,V27,0.0131045753300966
OVOL1,V28,0
OVOL1,V29,0.167008389513885
OVOL1,V30,0.306068638814092
OVOL1,V31,0
OVOL1,V32,0.0127498360629801
OVOL2,(Intercept),0.0989682775481458
OVOL2,V1,0
OVOL2,V2,0.0449477081488896
OVOL2,V3,-0.0667208178345234
OVOL2,V4,0.100487200324974
OVOL2,V5,0.148704745839326
OVOL2,V6,0
OVOL2,V7,0.0160101380684927
OVOL2,V8,0.0460263712250123
OVOL2,V9,0.208027365785306
OVOL2,V10,-0.155141595773331
OVOL2,V11,0
OVOL2,V12,0.0847806576095344
OVOL2,V13,0
OVOL2,V14,0
OVOL2,V15,0
OVOL2,V16,-0.0602349221378307
OVOL2,V17,0.291383242534486
OVOL2,V18,0.214728946663727
OVOL2,V19,-0.106123836946225
OVOL2,V20,0
OVOL2,V21,-0.532907512942382
OVOL2,V22,0.0132827829168492
OVOL2,V23,0.165809951743467
OVOL2,V24,0
OVOL2,V25,0.30464437706852
OVOL2,V26,0
OVOL2,V27,0.00695306267064319
OVOL2,V28,0
OVOL2,V29,0
OVOL2,V30,0.121901599548501
OVOL2,V31,0
OVOL2,V32,0
PARP1,(Intercept),-5.09575021068187e-18
PARP1,V1,0
PARP1,V2,0
PARP1,V3,0
PARP1,V4,0
PARP1,V5,0
PARP1,V6,0
PARP1,V7,0
PARP1,V8,0
PARP1,V9,0
PARP1,V10,0
PARP1,V11,0
PARP1,V12,0
PARP1,V13,0
PARP1,V14,0
PARP1,V15,0
PARP1,V16,0
PARP1,V17,0
PARP1,V18,0
PARP1,V19,0
PARP1,V20,0
PARP1,V21,0
PARP1,V22,0
PARP1,V23,0
PARP1,V24,0
PARP1,V25,0
PARP1,V26,0
PARP1,V27,0
PARP1,V28,0
PARP1,V29,0
PARP1,V30,0
PARP1,V31,0
PARP1,V32,0
PAX2,(Intercept),-0.143551293545381
PAX2,V1,0.0198875194341465
PAX2,V2,0.101936043250186
PAX2,V3,-0.344453672736739
PAX2,V4,0.104727422044751
PAX2,V5,-0.0461711440547277
PAX2,V6,-0.0457811100743772
PAX2,V7,0.135865092853241
PAX2,V8,-0.0300791540477417
PAX2,V9,0.0602917256359578
PAX2,V10,0
PAX2,V11,-0.0285873374610071
PAX2,V12,-0.315310942728631
PAX2,V13,0
PAX2,V14,0.391714498634918
PAX2,V15,-0.155749569539816
PAX2,V16,0
PAX2,V17,0
PAX2,V18,-0.090367771731444
PAX2,V19,-0.0386332157133719
PAX2,V20,0.0389685014061154
PAX2,V21,-0.253136903481447
PAX2,V22,0.0326881842728567
PAX2,V23,0.0154575251420395
PAX2,V24,0.18782464306402
PAX2,V25,0.0842858544890726
PAX2,V26,-0.0995973020432548
PAX2,V27,0.240123636332714
PAX2,V28,-0.0825897270982972
PAX2,V29,-0.327577408712671
PAX2,V30,-0.0701229349241758
PAX2,V31,0.00529696509939282
PAX2,V32,0
PAX3,(Intercept),-0.0370246896439496
PAX3,V1,0
PAX3,V2,0
PAX3,V3,0
PAX3,V4,0
PAX3,V5,0
PAX3,V6,0
PAX3,V7,0
PAX3,V8,0
PAX3,V9,0
PAX3,V10,0
PAX3,V11,0
PAX3,V12,-0.0671652104527951
PAX3,V13,0
PAX3,V14,0.0434226513834122
PAX3,V15,-0.181187834484484
PAX3,V16,0
PAX3,V17,-0.222713864725997
PAX3,V18,0
PAX3,V19,0
PAX3,V20,-0.0198192322608942
PAX3,V21,0.0254403039645353
PAX3,V22,-0.126904109605964
PAX3,V23,0
PAX3,V24,0.151825325817676
PAX3,V25,0
PAX3,V26,-0.129556135917945
PAX3,V27,0.125594874084559
PAX3,V28,0
PAX3,V29,-0.0788524272719094
PAX3,V30,-0.0592218195629537
PAX3,V31,0
PAX3,V32,0
PAX5,(Intercept),-0.0908175792477251
PAX5,V1,0
PAX5,V2,0
PAX5,V3,-0.409377776807066
PAX5,V4,0.0616884034862337
PAX5,V5,0
PAX5,V6,-0.030714123039248
PAX5,V7,0.0299778385021132
PAX5,V8,0
PAX5,V9,0
PAX5,V10,0
PAX5,V11,0
PAX5,V12,-0.353496349992144
PAX5,V13,0
PAX5,V14,0.515840184268456
PAX5,V15,-0.121419416310587
PAX5,V16,0
PAX5,V17,-0.0471232944676279
PAX5,V18,0.0116662570388354
PAX5,V19,-0.0861195689498755
PAX5,V20,-0.0731449561163912
PAX5,V21,-0.109579614713955
PAX5,V22,0.137003930778868
PAX5,V23,0.175651902440617
PAX5,V24,0.158508887418775
PAX5,V25,0.128482706916243
PAX5,V26,-0.213735460562721
PAX5,V27,0.279412712707128
PAX5,V28,-0.0906004326916763
PAX5,V29,-0.324290319187229
PAX5,V30,-0.00597500892533707
PAX5,V31,0.129747485294114
PAX5,V32,0
PDX1,(Intercept),0.121968385629348
PDX1,V1,0
PDX1,V2,0
PDX1,V3,0
PDX1,V4,0
PDX1,V5,0
PDX1,V6,-0.0846272888934449
PDX1,V7,0
PDX1,V8,0
PDX1,V9,0.13039830047372
PDX1,V10,-0.0543968798101094
PDX1,V11,0
PDX1,V12,0.227856245731421
PDX1,V13,0
PDX1,V14,-0.00763382218532847
PDX1,V15,0
PDX1,V16,0
PDX1,V17,0.0604561744859337
PDX1,V18,0
PDX1,V19,0
PDX1,V20,0.0449561331026311
PDX1,V21,0
PDX1,V22,0.120640903416492
PDX1,V23,0
PDX1,V24,0
PDX1,V25,0
PDX1,V26,0
PDX1,V27,0
PDX1,V28,0
PDX1,V29,0
PDX1,V30,0
PDX1,V31,-0.0137478032033488
PDX1,V32,0
PHOX2A,(Intercept),0.0657957006232002
PHOX2A,V1,0.0812628672176432
PHOX2A,V2,0.200658721740275
PHOX2A,V3,0
PHOX2A,V4,0.0707707117506899
PHOX2A,V5,0.0312006928744031
PHOX2A,V6,0
PHOX2A,V7,0
PHOX2A,V8,0
PHOX2A,V9,0.0916421183664724
PHOX2A,V10,0.0742134239266958
PHOX2A,V11,0
PHOX2A,V12,0
PHOX2A,V13,0
PHOX2A,V14,0.222890777018879
PHOX2A,V15,0
PHOX2A,V16,0
PHOX2A,V17,0
PHOX2A,V18,0
PHOX2A,V19,0
PHOX2A,V20,0
PHOX2A,V21,-0.00726703814260666
PHOX2A,V22,0
PHOX2A,V23,0
PHOX2A,V24,0.0838617756326226
PHOX2A,V25,0.0825448052256136
PHOX2A,V26,0
PHOX2A,V27,0.0529090461370815
PHOX2A,V28,0
PHOX2A,V29,-0.0482236891246753
PHOX2A,V30,0.162954747136687
PHOX2A,V31,0
PHOX2A,V32,0
PITX1,(Intercept),0.058328881847372
PITX1,V1,0
PITX1,V2,0
PITX1,V3,0
PITX1,V4,0
PITX1,V5,0
PITX1,V6,-0.0806385542235754
PITX1,V7,0
PITX1,V8,0
PITX1,V9,0
PITX1,V10,0.0852741108986411
PITX1,V11,0
PITX1,V12,0
PITX1,V13,0
PITX1,V14,0
PITX1,V15,-0.0430227688684599
PITX1,V16,0
PITX1,V17,0
PITX1,V18,-0.114651182860079
PITX1,V19,0
PITX1,V20,0
PITX1,V21,-0.0137890339997457
PITX1,V22,0
PITX1,V23,0.0458867515728227
PITX1,V24,0
PITX1,V25,0
PITX1,V26,0
PITX1,V27,0
PITX1,V28,0
PITX1,V29,0
PITX1,V30,0
PITX1,V31,0
PITX1,V32,0
PLAG1,(Intercept),0.0496381526370155
PLAG1,V1,0
PLAG1,V2,0
PLAG1,V3,0.145565191408749
PLAG1,V4,0
PLAG1,V5,0
PLAG1,V6,0
PLAG1,V7,-0.0274211165636517
PLAG1,V8,0
PLAG1,V9,0
PLAG1,V10,0
PLAG1,V11,0
PLAG1,V12,0
PLAG1,V13,-0.00806111776427029
PLAG1,V14,-0.0849169692202107
PLAG1,V15,0
PLAG1,V16,0.0607764582987258
PLAG1,V17,0
PLAG1,V18,0
PLAG1,V19,0
PLAG1,V20,0
PLAG1,V21,0
PLAG1,V22,0
PLAG1,V23,0.0274777617147911
PLAG1,V24,-0.0979462171619945
PLAG1,V25,0
PLAG1,V26,0
PLAG1,V27,0
PLAG1,V28,0
PLAG1,V29,0.12683210248993
PLAG1,V30,-0.0380712983030643
PLAG1,V31,0
PLAG1,V32,0
PLAGL1,(Intercept),0.0764772592875101
PLAGL1,V1,-0.0145415956001233
PLAGL1,V2,0
PLAGL1,V3,0.0348169898417081
PLAGL1,V4,0
PLAGL1,V5,0
PLAGL1,V6,0
PLAGL1,V7,-0.0200165968215761
PLAGL1,V8,0
PLAGL1,V9,0
PLAGL1,V10,0
PLAGL1,V11,0
PLAGL1,V12,0
PLAGL1,V13,-0.00842961525040961
PLAGL1,V14,0
PLAGL1,V15,0
PLAGL1,V16,0.0341687863580786
PLAGL1,V17,0.0356259876625398
PLAGL1,V18,-0.0634382276347917
PLAGL1,V19,-0.0160352433817945
PLAGL1,V20,0
PLAGL1,V21,-0.155137555190336
PLAGL1,V22,0.00393851014664985
PLAGL1,V23,0
PLAGL1,V24,0
PLAGL1,V25,0
PLAGL1,V26,0.0124806174521931
PLAGL1,V27,0
PLAGL1,V28,-0.0431857972260335
PLAGL1,V29,0.0789386928078057
PLAGL1,V30,0
PLAGL1,V31,0
PLAGL1,V32,0
POU4F2,(Intercept),-0.00588433635150803
POU4F2,V1,0.0129904408229806
POU4F2,V2,-0.0878224121379322
POU4F2,V3,0.0871576229813286
POU4F2,V4,-0.0606397429518093
POU4F2,V5,-0.0238836517835104
POU4F2,V6,-0.0229231615061008
POU4F2,V7,0
POU4F2,V8,0
POU4F2,V9,0
POU4F2,V10,0
POU4F2,V11,-0.149385540273707
POU4F2,V12,0
POU4F2,V13,0
POU4F2,V14,0
POU4F2,V15,0
POU4F2,V16,0
POU4F2,V17,0.000693498762861427
POU4F2,V18,0.0690700971287484
POU4F2,V19,0
POU4F2,V20,0
POU4F2,V21,-0.0196123400980945
POU4F2,V22,0.0268251881497425
POU4F2,V23,0.0918703233057806
POU4F2,V24,0
POU4F2,V25,0
POU4F2,V26,0.00197084891874361
POU4F2,V27,0
POU4F2,V28,0
POU4F2,V29,0
POU4F2,V30,0.00884733351679551
POU4F2,V31,0.0203089681249437
POU4F2,V32,0.0127734638572078
PPARGC1A,(Intercept),0.0617373171550903
PPARGC1A,V1,-0.0790106990862592
PPARGC1A,V2,-0.227344577160586
PPARGC1A,V3,0
PPARGC1A,V4,-0.418522037283965
PPARGC1A,V5,-0.0662261383777223
PPARGC1A,V6,0.115369101366541
PPARGC1A,V7,0.0429765586109152
PPARGC1A,V8,-0.0737787170067829
PPARGC1A,V9,0
PPARGC1A,V10,-0.290659318655493
PPARGC1A,V11,-0.0306634434466905
PPARGC1A,V12,0.13253247816106
PPARGC1A,V13,0.0621419200312551
PPARGC1A,V14,-0.330750959219668
PPARGC1A,V15,-0.0610319124328772
PPARGC1A,V16,-0.0269322669347961
PPARGC1A,V17,0.237276180936711
PPARGC1A,V18,0.260466591402989
PPARGC1A,V19,0.562292006030875
PPARGC1A,V20,0
PPARGC1A,V21,0.0725770339024463
PPARGC1A,V22,0.368724155723141
PPARGC1A,V23,0.041145402889677
PPARGC1A,V24,0
PPARGC1A,V25,0.104229344965676
PPARGC1A,V26,0.0834616852122263
PPARGC1A,V27,0
PPARGC1A,V28,0.0153135620884599
PPARGC1A,V29,0
PPARGC1A,V30,0.170774392798094
PPARGC1A,V31,0.131400845003977
PPARGC1A,V32,0.0314669566960182
PRDM1,(Intercept),0.0319903543009837
PRDM1,V1,0
PRDM1,V2,-0.0088578263184097
PRDM1,V3,0.375057744848554
PRDM1,V4,-0.27452137363085
PRDM1,V5,-0.242765574794987
PRDM1,V6,0.240339473647864
PRDM1,V7,0
PRDM1,V8,0
PRDM1,V9,-0.119792664171284
PRDM1,V10,-0.205745230628015
PRDM1,V11,-0.106422283415274
PRDM1,V12,0
PRDM1,V13,-0.053109791495258
PRDM1,V14,-0.375038852862684
PRDM1,V15,0.222725856013324
PRDM1,V16,0.0586677665246523
PRDM1,V17,0.134985058697951
PRDM1,V18,0.275027510782065
PRDM1,V19,0.344174889617531
PRDM1,V20,-0.0396386597040121
PRDM1,V21,0.0706569090030253
PRDM1,V22,0.118713717864838
PRDM1,V23,0.14746721558211
PRDM1,V24,-0.063559654329499
PRDM1,V25,-0.124316343428969
PRDM1,V26,0.124362728975681
PRDM1,V27,0
PRDM1,V28,0.233976080539454
PRDM1,V29,0.278754688377955
PRDM1,V30,0.192183444634768
PRDM1,V31,0.0480149356950889
PRDM1,V32,0
PRDM16,(Intercept),-0.00438096558308515
PRDM16,V1,0
PRDM16,V2,0.0242987245039989
PRDM16,V3,0
PRDM16,V4,0.0458031606749452
PRDM16,V5,0.030317571848385
PRDM16,V6,0
PRDM16,V7,0
PRDM16,V8,0
PRDM16,V9,0
PRDM16,V10,0
PRDM16,V11,0
PRDM16,V12,0
PRDM16,V13,0
PRDM16,V14,0
PRDM16,V15,0
PRDM16,V16,0
PRDM16,V17,0
PRDM16,V18,0
PRDM16,V19,0
PRDM16,V20,-0.0121344947912276
PRDM16,V21,0
PRDM16,V22,0
PRDM16,V23,0
PRDM16,V24,0.015641569116717
PRDM16,V25,0
PRDM16,V26,0
PRDM16,V27,0
PRDM16,V28,0
PRDM16,V29,0
PRDM16,V30,0
PRDM16,V31,0.0846646353250336
PRDM16,V32,0
PROX1,(Intercept),-0.122345604820512
PROX1,V1,-0.0847526777454642
PROX1,V2,0.0231642891249506
PROX1,V3,0
PROX1,V4,0.158539123885124
PROX1,V5,0.0704985657017421
PROX1,V6,0
PROX1,V7,0.153664674531799
PROX1,V8,0.158748127393281
PROX1,V9,0.0323667245474194
PROX1,V10,0.136381197223353
PROX1,V11,0
PROX1,V12,0
PROX1,V13,-0.00715276687515673
PROX1,V14,0.254827218423751
PROX1,V15,-0.18722427822063
PROX1,V16,0.0970925288605465
PROX1,V17,-0.0635461896025389
PROX1,V18,0
PROX1,V19,0
PROX1,V20,-0.0463622057858742
PROX1,V21,-0.0321658712146333
PROX1,V22,-0.0909857092325763
PROX1,V23,-0.0854477387948169
PROX1,V24,0.0737981086813639
PROX1,V25,-0.105686921513713
PROX1,V26,-0.172944439335968
PROX1,V27,-0.0515285261216394
PROX1,V28,-0.0325271881193721
PROX1,V29,-0.222137215962163
PROX1,V30,-0.276969313371885
PROX1,V31,0.124104231694831
PROX1,V32,-0.0495953284759029
PRRX2,(Intercept),-0.0656075680048506
PRRX2,V1,0
PRRX2,V2,0
PRRX2,V3,0.0244989178421856
PRRX2,V4,0
PRRX2,V5,-0.147332327444321
PRRX2,V6,0.0721597323536384
PRRX2,V7,0
PRRX2,V8,0
PRRX2,V9,0
PRRX2,V10,0
PRRX2,V11,-0.111590840669934
PRRX2,V12,-0.0772269748990922
PRRX2,V13,-0.0668451814144538
PRRX2,V14,-0.0794146666778688
PRRX2,V15,0
PRRX2,V16,0.0187105832065472
PRRX2,V17,0
PRRX2,V18,-0.0237677398292252
PRRX2,V19,0.182564075816891
PRRX2,V20,-0.0395690330538892
PRRX2,V21,0.0665782089867033
PRRX2,V22,0
PRRX2,V23,0
PRRX2,V24,0
PRRX2,V25,0.0298122016371061
PRRX2,V26,0
PRRX2,V27,0.00234998018823041
PRRX2,V28,0
PRRX2,V29,0
PRRX2,V30,-0.0434531633809604
PRRX2,V31,0.0295735340381764
PRRX2,V32,0
PSAP,(Intercept),-0.00950568090431094
PSAP,V1,0
PSAP,V2,0
PSAP,V3,0
PSAP,V4,0
PSAP,V5,0
PSAP,V6,0
PSAP,V7,0.0503940756456529
PSAP,V8,-0.0448694729773014
PSAP,V9,0
PSAP,V10,-0.00456061748557066
PSAP,V11,0
PSAP,V12,0
PSAP,V13,0
PSAP,V14,0
PSAP,V15,0
PSAP,V16,0
PSAP,V17,0
PSAP,V18,0
PSAP,V19,0
PSAP,V20,0.0291803783888594
PSAP,V21,0
PSAP,V22,0
PSAP,V23,0
PSAP,V24,0
PSAP,V25,0
PSAP,V26,0
PSAP,V27,0
PSAP,V28,0
PSAP,V29,0
PSAP,V30,0
PSAP,V31,0
PSAP,V32,0
PTF1A,(Intercept),0.0157165551103557
PTF1A,V1,0
PTF1A,V2,0
PTF1A,V3,0
PTF1A,V4,0
PTF1A,V5,0
PTF1A,V6,0
PTF1A,V7,0
PTF1A,V8,-0.0107038829571061
PTF1A,V9,0
PTF1A,V10,0
PTF1A,V11,0
PTF1A,V12,0
PTF1A,V13,0.00757152113812044
PTF1A,V14,0
PTF1A,V15,0
PTF1A,V16,0
PTF1A,V17,0
PTF1A,V18,0
PTF1A,V19,0
PTF1A,V20,0.0865428403100704
PTF1A,V21,0
PTF1A,V22,0
PTF1A,V23,0
PTF1A,V24,0
PTF1A,V25,0
PTF1A,V26,0
PTF1A,V27,0
PTF1A,V28,0
PTF1A,V29,0
PTF1A,V30,0.0387297117426479
PTF1A,V31,0
PTF1A,V32,0.122911057251335
RBMS1,(Intercept),-0.0753595580165519
RBMS1,V1,0.0338259429372598
RBMS1,V2,0
RBMS1,V3,0
RBMS1,V4,0
RBMS1,V5,0
RBMS1,V6,0
RBMS1,V7,0.0482388477164951
RBMS1,V8,0
RBMS1,V9,0
RBMS1,V10,0
RBMS1,V11,0
RBMS1,V12,0
RBMS1,V13,0
RBMS1,V14,0
RBMS1,V15,0
RBMS1,V16,0
RBMS1,V17,0
RBMS1,V18,0.114272953222994
RBMS1,V19,0
RBMS1,V20,0
RBMS1,V21,0.0239402969181126
RBMS1,V22,0
RBMS1,V23,0
RBMS1,V24,0
RBMS1,V25,0
RBMS1,V26,0
RBMS1,V27,0
RBMS1,V28,0
RBMS1,V29,-0.0747420522840735
RBMS1,V30,0
RBMS1,V31,0.0251007520902581
RBMS1,V32,-0.00303773921343463
RBPJ,(Intercept),-2.62919026827735e-18
RBPJ,V1,0
RBPJ,V2,0
RBPJ,V3,0
RBPJ,V4,0
RBPJ,V5,0
RBPJ,V6,0
RBPJ,V7,0
RBPJ,V8,0
RBPJ,V9,0
RBPJ,V10,0
RBPJ,V11,0
RBPJ,V12,0
RBPJ,V13,0
RBPJ,V14,0
RBPJ,V15,0
RBPJ,V16,0
RBPJ,V17,0
RBPJ,V18,0
RBPJ,V19,0
RBPJ,V20,0
RBPJ,V21,0
RBPJ,V22,0
RBPJ,V23,0
RBPJ,V24,0
RBPJ,V25,0
RBPJ,V26,0
RBPJ,V27,0
RBPJ,V28,0
RBPJ,V29,0
RBPJ,V30,0
RBPJ,V31,0
RBPJ,V32,0
RERE,(Intercept),0.00291290497533383
RERE,V1,0
RERE,V2,0
RERE,V3,-0.0600591063920178
RERE,V4,0.0170024927648177
RERE,V5,0
RERE,V6,0
RERE,V7,0
RERE,V8,-0.0702775901628436
RERE,V9,0
RERE,V10,-0.0251080848004786
RERE,V11,0
RERE,V12,0
RERE,V13,0
RERE,V14,0
RERE,V15,0
RERE,V16,0
RERE,V17,0.02280328490804
RERE,V18,0.0455440617436458
RERE,V19,-0.0147196558670688
RERE,V20,0.0465481321475138
RERE,V21,0
RERE,V22,0
RERE,V23,0
RERE,V24,0
RERE,V25,-0.103627722175927
RERE,V26,0
RERE,V27,0
RERE,V28,0
RERE,V29,0
RERE,V30,0
RERE,V31,0
RERE,V32,0
REXO1,(Intercept),-0.000187666826252428
REXO1,V1,-0.0486366899104253
REXO1,V2,0
REXO1,V3,0
REXO1,V4,0
REXO1,V5,0
REXO1,V6,0
REXO1,V7,0
REXO1,V8,0
REXO1,V9,0
REXO1,V10,0
REXO1,V11,0
REXO1,V12,0
REXO1,V13,0
REXO1,V14,0
REXO1,V15,0
REXO1,V16,0
REXO1,V17,0
REXO1,V18,0.113978806526241
REXO1,V19,0.0550568653509937
REXO1,V20,0
REXO1,V21,0
REXO1,V22,0
REXO1,V23,0
REXO1,V24,0
REXO1,V25,0
REXO1,V26,0
REXO1,V27,0
REXO1,V28,0
REXO1,V29,0
REXO1,V30,0.00660091656519922
REXO1,V31,0.00945304611181453
REXO1,V32,0.069632986977012
RREB1,(Intercept),-0.00443319531319563
RREB1,V1,0
RREB1,V2,0.0279550851279818
RREB1,V3,0
RREB1,V4,0.231769170336487
RREB1,V5,0.134111596531821
RREB1,V6,0.0162042579426874
RREB1,V7,0.0703779686707391
RREB1,V8,0.00581264259427781
RREB1,V9,0
RREB1,V10,-0.0741947297266557
RREB1,V11,0.0466142635299427
RREB1,V12,0.00569218008383164
RREB1,V13,0.0283327587277659
RREB1,V14,0.263287704473996
RREB1,V15,-0.00593596884279708
RREB1,V16,0
RREB1,V17,0
RREB1,V18,0.0833206711080007
RREB1,V19,0
RREB1,V20,-0.060958542332663
RREB1,V21,0
RREB1,V22,0
RREB1,V23,0
RREB1,V24,0
RREB1,V25,0.141513947733323
RREB1,V26,-0.297610239676097
RREB1,V27,0.186793327534251
RREB1,V28,0
RREB1,V29,-0.0547228121295597
RREB1,V30,0.00313268028751865
RREB1,V31,0.042390549875836
RREB1,V32,-0.109093180947775
RUNX1,(Intercept),0.0774766529948096
RUNX1,V1,0
RUNX1,V2,0
RUNX1,V3,0.0361989379969608
RUNX1,V4,0
RUNX1,V5,0.0678861140026632
RUNX1,V6,0.0306576025737017
RUNX1,V7,-0.0736679162218134
RUNX1,V8,0
RUNX1,V9,0
RUNX1,V10,0
RUNX1,V11,0
RUNX1,V12,0
RUNX1,V13,0
RUNX1,V14,0
RUNX1,V15,0
RUNX1,V16,0
RUNX1,V17,0
RUNX1,V18,-0.0602572035929866
RUNX1,V19,0
RUNX1,V20,0
RUNX1,V21,-0.141623182280635
RUNX1,V22,0.0242158733451515
RUNX1,V23,0
RUNX1,V24,-0.0776390061819296
RUNX1,V25,0
RUNX1,V26,0
RUNX1,V27,0
RUNX1,V28,0
RUNX1,V29,0.0914690433185288
RUNX1,V30,0
RUNX1,V31,-0.0112110035785287
RUNX1,V32,0
RUNX2,(Intercept),0.0217018250517035
RUNX2,V1,0
RUNX2,V2,-0.0399345876148569
RUNX2,V3,0
RUNX2,V4,0
RUNX2,V5,0
RUNX2,V6,0
RUNX2,V7,0
RUNX2,V8,0
RUNX2,V9,0
RUNX2,V10,-0.0230968655155881
RUNX2,V11,0
RUNX2,V12,0
RUNX2,V13,0
RUNX2,V14,0
RUNX2,V15,0
RUNX2,V16,0
RUNX2,V17,0.0557261396893871
RUNX2,V18,0
RUNX2,V19,-0.0137680023245342
RUNX2,V20,0.0348019146821022
RUNX2,V21,-0.152970843668901
RUNX2,V22,0
RUNX2,V23,0
RUNX2,V24,0
RUNX2,V25,0
RUNX2,V26,0
RUNX2,V27,0
RUNX2,V28,0
RUNX2,V29,0
RUNX2,V30,0
RUNX2,V31,0
RUNX2,V32,0
SALL1,(Intercept),0.0881823402609631
SALL1,V1,-0.00446357919035411
SALL1,V2,0
SALL1,V3,0
SALL1,V4,0.118466767107483
SALL1,V5,0
SALL1,V6,-0.199009301236694
SALL1,V7,0
SALL1,V8,0
SALL1,V9,0
SALL1,V10,0
SALL1,V11,0.0873524403636122
SALL1,V12,0
SALL1,V13,0
SALL1,V14,0
SALL1,V15,0
SALL1,V16,0
SALL1,V17,0
SALL1,V18,0
SALL1,V19,0
SALL1,V20,0
SALL1,V21,-0.0529848345521412
SALL1,V22,0.0291406019989667
SALL1,V23,0
SALL1,V24,0
SALL1,V25,0
SALL1,V26,0
SALL1,V27,0
SALL1,V28,-0.00426816924386826
SALL1,V29,0.031703714419453
SALL1,V30,0
SALL1,V31,0
SALL1,V32,0.0212701477323857
SALL3,(Intercept),0.0527857470840424
SALL3,V1,0
SALL3,V2,0
SALL3,V3,0
SALL3,V4,0
SALL3,V5,-0.0316289066539577
SALL3,V6,0
SALL3,V7,0
SALL3,V8,0
SALL3,V9,0
SALL3,V10,0
SALL3,V11,0
SALL3,V12,0
SALL3,V13,0
SALL3,V14,0
SALL3,V15,0
SALL3,V16,0.0339757975608906
SALL3,V17,0
SALL3,V18,-0.00779881553534756
SALL3,V19,0
SALL3,V20,0
SALL3,V21,0
SALL3,V22,0
SALL3,V23,0
SALL3,V24,0
SALL3,V25,0
SALL3,V26,0
SALL3,V27,0
SALL3,V28,-0.0207106028507348
SALL3,V29,0.0996456243149268
SALL3,V30,0
SALL3,V31,0
SALL3,V32,0.0384512513543674
SATB2,(Intercept),1.32543715586353e-17
SATB2,V1,0
SATB2,V2,0
SATB2,V3,0
SATB2,V4,0
SATB2,V5,0
SATB2,V6,0
SATB2,V7,0
SATB2,V8,0
SATB2,V9,0
SATB2,V10,0
SATB2,V11,0
SATB2,V12,0
SATB2,V13,0
SATB2,V14,0
SATB2,V15,0
SATB2,V16,0
SATB2,V17,0
SATB2,V18,0
SATB2,V19,0
SATB2,V20,0
SATB2,V21,0
SATB2,V22,0
SATB2,V23,0
SATB2,V24,0
SATB2,V25,0
SATB2,V26,0
SATB2,V27,0
SATB2,V28,0
SATB2,V29,0
SATB2,V30,0
SATB2,V31,0
SATB2,V32,0
SIX4,(Intercept),-0.0190702288627719
SIX4,V1,0
SIX4,V2,0
SIX4,V3,-0.0146160065387773
SIX4,V4,0
SIX4,V5,0
SIX4,V6,0
SIX4,V7,0
SIX4,V8,0
SIX4,V9,0
SIX4,V10,0
SIX4,V11,0
SIX4,V12,0
SIX4,V13,0
SIX4,V14,0
SIX4,V15,0
SIX4,V16,0
SIX4,V17,-0.106194270957355
SIX4,V18,-0.0429879104995053
SIX4,V19,0
SIX4,V20,0
SIX4,V21,0
SIX4,V22,0
SIX4,V23,0
SIX4,V24,0
SIX4,V25,0.0360812210833053
SIX4,V26,0
SIX4,V27,0
SIX4,V28,0
SIX4,V29,0
SIX4,V30,0
SIX4,V31,0
SIX4,V32,-0.0157352454724987
SMAD1,(Intercept),0.20157793325601
SMAD1,V1,0
SMAD1,V2,0
SMAD1,V3,0.434347700841557
SMAD1,V4,-0.231063914010147
SMAD1,V5,-0.100029541869885
SMAD1,V6,0.0317976514210808
SMAD1,V7,0
SMAD1,V8,-0.082732809184534
SMAD1,V9,-0.0388031252483434
SMAD1,V10,0.0168449505832516
SMAD1,V11,0
SMAD1,V12,0.0625991904435626
SMAD1,V13,0
SMAD1,V14,-0.115341585684705
SMAD1,V15,0.0895169139393093
SMAD1,V16,-0.0517343024054023
SMAD1,V17,0.114693045189272
SMAD1,V18,0.0504194535201278
SMAD1,V19,0.0600331510097281
SMAD1,V20,0
SMAD1,V21,0
SMAD1,V22,0.09031892017663
SMAD1,V23,0.18309986317807
SMAD1,V24,-0.0570203690268671
SMAD1,V25,0.0765978569245345
SMAD1,V26,0.0954038806474138
SMAD1,V27,0
SMAD1,V28,0
SMAD1,V29,0.161394908237441
SMAD1,V30,0.239560714648629
SMAD1,V31,0
SMAD1,V32,0.0465180531743955
SMAD5,(Intercept),0.100752240906945
SMAD5,V1,-0.0753761726903763
SMAD5,V2,-0.101678116318121
SMAD5,V3,0.21739293938839
SMAD5,V4,-0.214112828447219
SMAD5,V5,-0.0304914584336896
SMAD5,V6,0.0533187485399006
SMAD5,V7,-0.00566254522329623
SMAD5,V8,-0.310706934140614
SMAD5,V9,-0.113362478028752
SMAD5,V10,-0.0928128783165958
SMAD5,V11,0
SMAD5,V12,0.0936287361535413
SMAD5,V13,-0.0193470536013196
SMAD5,V14,-0.289923483310427
SMAD5,V15,0.135617931991316
SMAD5,V16,0
SMAD5,V17,0.138788695816165
SMAD5,V18,0.078341417180285
SMAD5,V19,0.33459478771584
SMAD5,V20,0.015887751345309
SMAD5,V21,0.0785475570188232
SMAD5,V22,0.209797335593982
SMAD5,V23,0
SMAD5,V24,0
SMAD5,V25,-0.0029723998465939
SMAD5,V26,0
SMAD5,V27,-0.0772077295273709
SMAD5,V28,0.0344702612003665
SMAD5,V29,0.0657528109850343
SMAD5,V30,0.0372903227627243
SMAD5,V31,0.096116404484664
SMAD5,V32,0.084007924074747
SMAD6,(Intercept),0.0792641189866822
SMAD6,V1,0
SMAD6,V2,0.155130177918997
SMAD6,V3,-0.13263647683616
SMAD6,V4,0.20554369345396
SMAD6,V5,0.22511419000102
SMAD6,V6,-0.0436806208157469
SMAD6,V7,0
SMAD6,V8,0.0722655617337744
SMAD6,V9,0.119194864509038
SMAD6,V10,-0.0561388852269089
SMAD6,V11,0.0393290394472218
SMAD6,V12,0
SMAD6,V13,0
SMAD6,V14,0.383073420478376
SMAD6,V15,0
SMAD6,V16,-0.136375729907095
SMAD6,V17,-0.0273474991066835
SMAD6,V18,-0.0326375534797255
SMAD6,V19,-0.212241227485342
SMAD6,V20,-0.00788407130966097
SMAD6,V21,-0.467373945098646
SMAD6,V22,0
SMAD6,V23,0
SMAD6,V24,0
SMAD6,V25,0.146995688451692
SMAD6,V26,-0.16137850200921
SMAD6,V27,0
SMAD6,V28,-0.119463188575878
SMAD6,V29,0
SMAD6,V30,-0.0925988253542602
SMAD6,V31,-0.136288553351464
SMAD6,V32,-0.0135758745023495
SMARCA1,(Intercept),0.0728916404973133
SMARCA1,V1,0
SMARCA1,V2,0
SMARCA1,V3,0.098868653443971
SMARCA1,V4,0
SMARCA1,V5,0
SMARCA1,V6,-0.0925120371831811
SMARCA1,V7,0
SMARCA1,V8,-0.0575004318151056
SMARCA1,V9,0.00952364892584925
SMARCA1,V10,0
SMARCA1,V11,0.0458144244001898
SMARCA1,V12,0
SMARCA1,V13,0
SMARCA1,V14,0.0151711759640354
SMARCA1,V15,0
SMARCA1,V16,0
SMARCA1,V17,0
SMARCA1,V18,-0.0334273300657317
SMARCA1,V19,0
SMARCA1,V20,0
SMARCA1,V21,-0.00517334707511082
SMARCA1,V22,0
SMARCA1,V23,0
SMARCA1,V24,0
SMARCA1,V25,0
SMARCA1,V26,0
SMARCA1,V27,0
SMARCA1,V28,0
SMARCA1,V29,0
SMARCA1,V30,0.0569071850337046
SMARCA1,V31,-0.00675032291430786
SMARCA1,V32,0
SMARCA2,(Intercept),-3.43827613949466e-17
SMARCA2,V1,0
SMARCA2,V2,0
SMARCA2,V3,0
SMARCA2,V4,0
SMARCA2,V5,0
SMARCA2,V6,0
SMARCA2,V7,0
SMARCA2,V8,0
SMARCA2,V9,0
SMARCA2,V10,0
SMARCA2,V11,0
SMARCA2,V12,0
SMARCA2,V13,0
SMARCA2,V14,0
SMARCA2,V15,0
SMARCA2,V16,0
SMARCA2,V17,0
SMARCA2,V18,0
SMARCA2,V19,0
SMARCA2,V20,0
SMARCA2,V21,0
SMARCA2,V22,0
SMARCA2,V23,0
SMARCA2,V24,0
SMARCA2,V25,0
SMARCA2,V26,0
SMARCA2,V27,0
SMARCA2,V28,0
SMARCA2,V29,0
SMARCA2,V30,0
SMARCA2,V31,0
SMARCA2,V32,0
SNAI1,(Intercept),-0.0487603632155038
SNAI1,V1,0
SNAI1,V2,0
SNAI1,V3,0
SNAI1,V4,-0.000534963764108118
SNAI1,V5,0.00940727545181455
SNAI1,V6,-0.1862670924095
SNAI1,V7,0
SNAI1,V8,0
SNAI1,V9,-0.118647016272285
SNAI1,V10,0.0975260458392084
SNAI1,V11,0
SNAI1,V12,0.260266574367014
SNAI1,V13,0
SNAI1,V14,-0.282518220556497
SNAI1,V15,0.0118197300840939
SNAI1,V16,0.0564190795338329
SNAI1,V17,-0.17624570047652
SNAI1,V18,0
SNAI1,V19,-0.0421593620786032
SNAI1,V20,-0.0296356919563216
SNAI1,V21,0.219651672243849
SNAI1,V22,-0.181248081326401
SNAI1,V23,0
SNAI1,V24,0
SNAI1,V25,-0.0311659078942822
SNAI1,V26,0
SNAI1,V27,0
SNAI1,V28,-0.0887154158706877
SNAI1,V29,0.0434645415330015
SNAI1,V30,-0.0110266124789916
SNAI1,V31,-0.078413418893096
SNAI1,V32,-0.0118339637788963
SOX8,(Intercept),0.0426120077680061
SOX8,V1,-0.106376943623425
SOX8,V2,0
SOX8,V3,0
SOX8,V4,-0.193171941549794
SOX8,V5,-0.0597052338646781
SOX8,V6,0
SOX8,V7,0
SOX8,V8,-0.0779789278300704
SOX8,V9,0
SOX8,V10,-0.0194968444039779
SOX8,V11,0
SOX8,V12,0
SOX8,V13,-0.0164112906467235
SOX8,V14,-0.159974887614654
SOX8,V15,0.174653620140549
SOX8,V16,0
SOX8,V17,0.149388740381248
SOX8,V18,0.0815363741918121
SOX8,V19,0.0637576483450787
SOX8,V20,0
SOX8,V21,0
SOX8,V22,0.156340759490526
SOX8,V23,0.0660395341930581
SOX8,V24,0
SOX8,V25,0
SOX8,V26,0.00894701521400764
SOX8,V27,-0.0486968393547237
SOX8,V28,0.0831311165707555
SOX8,V29,0.0592648869286758
SOX8,V30,0.0448298369056599
SOX8,V31,0.0765662755084085
SOX8,V32,0.0730409059595441
SOX9,(Intercept),0.063481442818879
SOX9,V1,-0.116059591294981
SOX9,V2,0
SOX9,V3,0
SOX9,V4,0
SOX9,V5,-0.10180365731037
SOX9,V6,-0.00216866867001417
SOX9,V7,0
SOX9,V8,-0.129703398832918
SOX9,V9,-0.0785683836991052
SOX9,V10,0
SOX9,V11,0.0471210217745309
SOX9,V12,0
SOX9,V13,0
SOX9,V14,-0.238865330028226
SOX9,V15,0.0280922965168517
SOX9,V16,0.138556857861792
SOX9,V17,0.0654694441571282
SOX9,V18,-0.0450301027117305
SOX9,V19,0.0360269197717007
SOX9,V20,-0.127973126821989
SOX9,V21,0.179285796110559
SOX9,V22,0.0220895607351851
SOX9,V23,0.0727156504434785
SOX9,V24,0
SOX9,V25,0
SOX9,V26,0.082117030855196
SOX9,V27,-0.0204245212581328
SOX9,V28,0.0254754947498679
SOX9,V29,0.114363252508393
SOX9,V30,0.069049373430953
SOX9,V31,0.177072672924081
SOX9,V32,0.144576677276669
SOX11,(Intercept),0.0884911366940477
SOX11,V1,0
SOX11,V2,-0.157309021777187
SOX11,V3,0.243852363649034
SOX11,V4,-0.166949385075388
SOX11,V5,0
SOX11,V6,-0.114500428571903
SOX11,V7,-0.0500513377345121
SOX11,V8,0
SOX11,V9,0
SOX11,V10,0.136175403950386
SOX11,V11,0.0627826732664378
SOX11,V12,0.0580357210761223
SOX11,V13,0.0672480774464749
SOX11,V14,0
SOX11,V15,0.196965489271489
SOX11,V16,-0.131868177110677
SOX11,V17,0
SOX11,V18,0
SOX11,V19,0.00655423552565335
SOX11,V20,-0.0511981541678345
SOX11,V21,0
SOX11,V22,0
SOX11,V23,0.196411060213059
SOX11,V24,0
SOX11,V25,0.150197944797491
SOX11,V26,0.0754078463711691
SOX11,V27,-0.137465214149189
SOX11,V28,-0.12281776465655
SOX11,V29,0.0351898975241525
SOX11,V30,0.10088080518368
SOX11,V31,0.209790153235052
SOX11,V32,0.0134055539853064
SOX12,(Intercept),0.137558387625137
SOX12,V1,0.00249639471293627
SOX12,V2,-0.048802081644838
SOX12,V3,0.199185870951341
SOX12,V4,0
SOX12,V5,0.0153199053030061
SOX12,V6,0
SOX12,V7,0
SOX12,V8,0
SOX12,V9,-0.135691499639409
SOX12,V10,0.0765253179226897
SOX12,V11,0.103222840697931
SOX12,V12,0
SOX12,V13,0
SOX12,V14,0
SOX12,V15,0
SOX12,V16,0
SOX12,V17,-0.0104176835981167
SOX12,V18,0.0276900782740977
SOX12,V19,0
SOX12,V20,-0.0702759502116654
SOX12,V21,-0.183266402215516
SOX12,V22,0
SOX12,V23,0.00762904479070079
SOX12,V24,0
SOX12,V25,0.0247061279489734
SOX12,V26,0.119118886641791
SOX12,V27,-0.199335853531934
SOX12,V28,-0.0561925834954478
SOX12,V29,0.139170738720799
SOX12,V30,0.0795743431679039
SOX12,V31,0
SOX12,V32,0
SOX13,(Intercept),0.0164966948837752
SOX13,V1,0
SOX13,V2,0
SOX13,V3,0.102786102981157
SOX13,V4,0
SOX13,V5,0
SOX13,V6,0
SOX13,V7,0
SOX13,V8,0
SOX13,V9,0
SOX13,V10,0.0385063209977029
SOX13,V11,0
SOX13,V12,0
SOX13,V13,0
SOX13,V14,0
SOX13,V15,0
SOX13,V16,0
SOX13,V17,-0.0335867733785767
SOX13,V18,-0.206173705880361
SOX13,V19,0
SOX13,V20,0
SOX13,V21,0
SOX13,V22,0
SOX13,V23,0
SOX13,V24,0
SOX13,V25,0
SOX13,V26,0
SOX13,V27,0.0397050297408657
SOX13,V28,0
SOX13,V29,0
SOX13,V30,-0.120534073288761
SOX13,V31,0
SOX13,V32,0
SOX15,(Intercept),-0.0926308678189702
SOX15,V1,0.082780184322979
SOX15,V2,-0.0659792405094956
SOX15,V3,-0.0555013266333908
SOX15,V4,0
SOX15,V5,-0.0563684834744702
SOX15,V6,0.101276406508442
SOX15,V7,0
SOX15,V8,0
SOX15,V9,0
SOX15,V10,0.000658250984453263
SOX15,V11,-0.0170999559614415
SOX15,V12,-0.0968186600492331
SOX15,V13,0.0356655452916707
SOX15,V14,0
SOX15,V15,-0.0566279153812905
SOX15,V16,0
SOX15,V17,-0.0955694194628795
SOX15,V18,0
SOX15,V19,0.0460483840082724
SOX15,V20,-0.159084336504103
SOX15,V21,0.166529198788076
SOX15,V22,0
SOX15,V23,0
SOX15,V24,-0.0441572993647251
SOX15,V25,0
SOX15,V26,0
SOX15,V27,0
SOX15,V28,0
SOX15,V29,0
SOX15,V30,0
SOX15,V31,0.166867045721123
SOX15,V32,0
SOX17,(Intercept),0.0128190933847157
SOX17,V1,0
SOX17,V2,-0.0262676174052911
SOX17,V3,0
SOX17,V4,0
SOX17,V5,-0.143634959553004
SOX17,V6,0
SOX17,V7,0
SOX17,V8,0
SOX17,V9,0
SOX17,V10,0
SOX17,V11,0
SOX17,V12,0
SOX17,V13,0
SOX17,V14,0
SOX17,V15,0
SOX17,V16,0
SOX17,V17,0
SOX17,V18,0
SOX17,V19,0
SOX17,V20,0
SOX17,V21,0
SOX17,V22,0
SOX17,V23,0
SOX17,V24,0
SOX17,V25,0
SOX17,V26,0
SOX17,V27,0
SOX17,V28,0
SOX17,V29,0.0149789787082344
SOX17,V30,0
SOX17,V31,0
SOX17,V32,0.0176473383582353
SOX18,(Intercept),0.0487212525302592
SOX18,V1,-0.269821625775441
SOX18,V2,-0.134230156308201
SOX18,V3,0.0909923121506753
SOX18,V4,-0.111754032723315
SOX18,V5,-0.108279578153229
SOX18,V6,0
SOX18,V7,0.0757174899063697
SOX18,V8,-0.178920503664453
SOX18,V9,0
SOX18,V10,-0.0531896829540338
SOX18,V11,-0.0559097896184807
SOX18,V12,0
SOX18,V13,0.0113562672730746
SOX18,V14,-0.136660451448423
SOX18,V15,0.256088432452431
SOX18,V16,0.00474900313747573
SOX18,V17,0.197830775955621
SOX18,V18,-0.1530963905924
SOX18,V19,0.0288335534233917
SOX18,V20,-0.0356943478215633
SOX18,V21,0.00295934537994253
SOX18,V22,0.0584357627144803
SOX18,V23,0.161650757200769
SOX18,V24,-0.12858566120095
SOX18,V25,0
SOX18,V26,0.0641554080015808
SOX18,V27,-0.0679201450544789
SOX18,V28,0
SOX18,V29,0.127013901564273
SOX18,V30,0.00195169422596639
SOX18,V31,0.278095889647265
SOX18,V32,0.143689758897594
SP3,(Intercept),0.0996332730052213
SP3,V1,-0.0391603538145243
SP3,V2,-0.0472734998458192
SP3,V3,0
SP3,V4,0
SP3,V5,0
SP3,V6,-0.0468231027430666
SP3,V7,-0.0170910425472603
SP3,V8,0
SP3,V9,0.120872644824177
SP3,V10,0
SP3,V11,0
SP3,V12,0.092721626080207
SP3,V13,0
SP3,V14,0
SP3,V15,0.0922958812945339
SP3,V16,0
SP3,V17,0.175998641945696
SP3,V18,0
SP3,V19,0
SP3,V20,0
SP3,V21,-0.0927561776701537
SP3,V22,0.101177553530307
SP3,V23,0
SP3,V24,0
SP3,V25,0
SP3,V26,0.00552793334542799
SP3,V27,0
SP3,V28,0
SP3,V29,0.00466866902240065
SP3,V30,0
SP3,V31,0
SP3,V32,0
SRF,(Intercept),0.00202464754123067
SRF,V1,0
SRF,V2,-0.0180494015610309
SRF,V3,0
SRF,V4,0
SRF,V5,0
SRF,V6,0
SRF,V7,0
SRF,V8,0
SRF,V9,0
SRF,V10,0
SRF,V11,0
SRF,V12,0
SRF,V13,0
SRF,V14,0
SRF,V15,0
SRF,V16,0
SRF,V17,0
SRF,V18,0
SRF,V19,0
SRF,V20,0
SRF,V21,0
SRF,V22,0
SRF,V23,0
SRF,V24,0
SRF,V25,0
SRF,V26,0
SRF,V27,0
SRF,V28,0
SRF,V29,0
SRF,V30,0
SRF,V31,0
SRF,V32,0
STAT2,(Intercept),-0.011544069521962
STAT2,V1,-0.0621890138358211
STAT2,V2,0.0979679338120338
STAT2,V3,0
STAT2,V4,-0.00939980532134448
STAT2,V5,-0.0357285319587871
STAT2,V6,0.0690131969356948
STAT2,V7,-0.0840078586726307
STAT2,V8,-0.0629142847520067
STAT2,V9,-0.168668987944437
STAT2,V10,0
STAT2,V11,0
STAT2,V12,-0.0256059904470946
STAT2,V13,-0.136023643664923
STAT2,V14,-0.332988117079087
STAT2,V15,0
STAT2,V16,-0.0752340539494318
STAT2,V17,0
STAT2,V18,-0.292541725784056
STAT2,V19,0.29090406502512
STAT2,V20,0
STAT2,V21,0.0800411137825444
STAT2,V22,0
STAT2,V23,-0.0727800780602673
STAT2,V24,-0.236140932784017
STAT2,V25,0
STAT2,V26,0.0138411969237362
STAT2,V27,0.0921629040021536
STAT2,V28,0
STAT2,V29,0.224718246252006
STAT2,V30,-0.310349725013476
STAT2,V31,0.00396008622419433
STAT2,V32,0
SUZ12,(Intercept),-0.0260775768491919
SUZ12,V1,0
SUZ12,V2,0
SUZ12,V3,-0.198451067919314
SUZ12,V4,0
SUZ12,V5,0.0808359355080022
SUZ12,V6,0.122348667786726
SUZ12,V7,0.116097642752334
SUZ12,V8,0.0583484070867558
SUZ12,V9,0.038424588808843
SUZ12,V10,-0.0890983299858482
SUZ12,V11,0
SUZ12,V12,0
SUZ12,V13,0.0375645783875779
SUZ12,V14,0.283191064162502
SUZ12,V15,0
SUZ12,V16,0
SUZ12,V17,0
SUZ12,V18,0.103374508828516
SUZ12,V19,0
SUZ12,V20,-0.00329433694361439
SUZ12,V21,0
SUZ12,V22,0
SUZ12,V23,-0.0413068681602161
SUZ12,V24,0.0904856339882659
SUZ12,V25,-0.149534314780589
SUZ12,V26,-0.0687375781895898
SUZ12,V27,-0.00193436493600027
SUZ12,V28,0.178133008421681
SUZ12,V29,-0.0589800984237609
SUZ12,V30,0.0635917677236654
SUZ12,V31,-0.0600588926962916
SUZ12,V32,0
TBX3,(Intercept),0.00333414654121118
TBX3,V1,0
TBX3,V2,-0.222566178063099
TBX3,V3,0
TBX3,V4,0
TBX3,V5,0
TBX3,V6,0.0585810897040116
TBX3,V7,0
TBX3,V8,0
TBX3,V9,-0.0140150083933185
TBX3,V10,-0.00560614553876209
TBX3,V11,-0.0240628709368994
TBX3,V12,-0.00338735727874524
TBX3,V13,0
TBX3,V14,-0.0657134847923659
TBX3,V15,0
TBX3,V16,0
TBX3,V17,0.0794383876269839
TBX3,V18,0.0222058680013051
TBX3,V19,0.135495144026176
TBX3,V20,0
TBX3,V21,0.255185073863732
TBX3,V22,0
TBX3,V23,0
TBX3,V24,0
TBX3,V25,-0.045903385712784
TBX3,V26,0
TBX3,V27,0
TBX3,V28,0.137739291218439
TBX3,V29,0
TBX3,V30,0
TBX3,V31,0
TBX3,V32,0
TBX5,(Intercept),0.0194887705810124
TBX5,V1,0
TBX5,V2,-0.018181123121594
TBX5,V3,0
TBX5,V4,0.170050290608993
TBX5,V5,0
TBX5,V6,-0.0852528788576304
TBX5,V7,-0.165894514343651
TBX5,V8,-0.167014537862728
TBX5,V9,-0.131433068165806
TBX5,V10,0.225925564589888
TBX5,V11,0
TBX5,V12,0
TBX5,V13,0
TBX5,V14,-0.0817282801760187
TBX5,V15,0
TBX5,V16,0.0238293751445791
TBX5,V17,-0.0327499334721894
TBX5,V18,-0.164273518677921
TBX5,V19,-0.0284098687503753
TBX5,V20,0.0339933914708297
TBX5,V21,0.212965489421134
TBX5,V22,-0.0681172851870311
TBX5,V23,0
TBX5,V24,-0.0828701687689498
TBX5,V25,0.115487106201186
TBX5,V26,0
TBX5,V27,0
TBX5,V28,-0.209247622028061
TBX5,V29,0.0623297005164419
TBX5,V30,-0.14660727247052
TBX5,V31,0.114059744817047
TBX5,V32,0
TBX18,(Intercept),0.0133872140246142
TBX18,V1,0.0909054392338667
TBX18,V2,0
TBX18,V3,0
TBX18,V4,0
TBX18,V5,0
TBX18,V6,0
TBX18,V7,0.0544638952722281
TBX18,V8,0.0565627699393551
TBX18,V9,0
TBX18,V10,-0.149130054106286
TBX18,V11,0
TBX18,V12,0.116100747486521
TBX18,V13,0
TBX18,V14,0
TBX18,V15,0
TBX18,V16,-0.0402044722870183
TBX18,V17,0.114945200668412
TBX18,V18,0
TBX18,V19,0
TBX18,V20,-0.0632602741954926
TBX18,V21,0
TBX18,V22,0
TBX18,V23,-0.0209596792781252
TBX18,V24,0.0493596892247252
TBX18,V25,-0.0152725032550505
TBX18,V26,-0.0690428681209344
TBX18,V27,0
TBX18,V28,0
TBX18,V29,0
TBX18,V30,0
TBX18,V31,-0.00674809972637089
TBX18,V32,0
TBX20,(Intercept),-0.00350268331549518
TBX20,V1,0.229680887761209
TBX20,V2,-0.0100139306618127
TBX20,V3,0
TBX20,V4,0
TBX20,V5,-0.0104384470765341
TBX20,V6,0
TBX20,V7,0.0205675002505144
TBX20,V8,0
TBX20,V9,0
TBX20,V10,-0.0615944986215549
TBX20,V11,0
TBX20,V12,0
TBX20,V13,0.0664873052839314
TBX20,V14,0
TBX20,V15,0
TBX20,V16,0.0197186942265828
TBX20,V17,0.0614374783775905
TBX20,V18,0.356490319018075
TBX20,V19,0.213150926007869
TBX20,V20,-0.305406120756802
TBX20,V21,0.0117874539551012
TBX20,V22,0.0210096370578454
TBX20,V23,0
TBX20,V24,0.330721245766592
TBX20,V25,0
TBX20,V26,-0.0991934616038897
TBX20,V27,0
TBX20,V28,0.0423626366389744
TBX20,V29,0
TBX20,V30,0
TBX20,V31,0.207705181362844
TBX20,V32,0
TBX21,(Intercept),-0.0440788737520462
TBX21,V1,0
TBX21,V2,0.0459890587207492
TBX21,V3,-0.140740919727342
TBX21,V4,0.139272444253032
TBX21,V5,0
TBX21,V6,-0.0326220289106749
TBX21,V7,0
TBX21,V8,0
TBX21,V9,0
TBX21,V10,0.163515717926201
TBX21,V11,0.0100568738354735
TBX21,V12,0
TBX21,V13,0.107551180557792
TBX21,V14,0
TBX21,V15,-0.0482673954955541
TBX21,V16,0
TBX21,V17,-0.0396658628728612
TBX21,V18,0
TBX21,V19,-0.0172889202218962
TBX21,V20,0
TBX21,V21,0.00183803093309522
TBX21,V22,-0.07581002865695
TBX21,V23,-0.0435636496018861
TBX21,V24,0.200387498847231
TBX21,V25,0
TBX21,V26,0
TBX21,V27,-0.00714842255644321
TBX21,V28,-0.305459858355216
TBX21,V29,-0.0228788741000854
TBX21,V30,0
TBX21,V31,0.107650362591963
TBX21,V32,0
TCF7L1,(Intercept),-4.31783515192352e-17
TCF7L1,V1,0
TCF7L1,V2,0
TCF7L1,V3,0
TCF7L1,V4,0
TCF7L1,V5,0
TCF7L1,V6,0
TCF7L1,V7,0
TCF7L1,V8,0
TCF7L1,V9,0
TCF7L1,V10,0
TCF7L1,V11,0
TCF7L1,V12,0
TCF7L1,V13,0
TCF7L1,V14,0
TCF7L1,V15,0
TCF7L1,V16,0
TCF7L1,V17,0
TCF7L1,V18,0
TCF7L1,V19,0
TCF7L1,V20,0
TCF7L1,V21,0
TCF7L1,V22,0
TCF7L1,V23,0
TCF7L1,V24,0
TCF7L1,V25,0
TCF7L1,V26,0
TCF7L1,V27,0
TCF7L1,V28,0
TCF7L1,V29,0
TCF7L1,V30,0
TCF7L1,V31,0
TCF7L1,V32,0
TEAD3,(Intercept),-0.124140814993227
TEAD3,V1,-0.343446264253625
TEAD3,V2,-0.122554521077963
TEAD3,V3,0.0138437728845716
TEAD3,V4,-0.132699079106446
TEAD3,V5,-0.307865157769275
TEAD3,V6,0
TEAD3,V7,0
TEAD3,V8,-0.167484578230449
TEAD3,V9,-0.162634209270014
TEAD3,V10,0.0115997879057915
TEAD3,V11,0
TEAD3,V12,0
TEAD3,V13,0
TEAD3,V14,-0.485994745589613
TEAD3,V15,0
TEAD3,V16,0
TEAD3,V17,-0.19279757475978
TEAD3,V18,-0.0353815034030947
TEAD3,V19,0.00397352709143411
TEAD3,V20,0
TEAD3,V21,0.308629393131584
TEAD3,V22,-0.0618760377883373
TEAD3,V23,-0.0412185138784354
TEAD3,V24,-0.00643683727948295
TEAD3,V25,-0.111687835411482
TEAD3,V26,-0.0038026509652537
TEAD3,V27,0
TEAD3,V28,-0.0850306557678137
TEAD3,V29,0.0356959709161399
TEAD3,V30,0
TEAD3,V31,0.141033577210137
TEAD3,V32,0.0181494194582664
TFAP2A,(Intercept),0.0888020777676696
TFAP2A,V1,-0.1287267355327
TFAP2A,V2,0
TFAP2A,V3,-0.00126494948876168
TFAP2A,V4,0.0328118498690434
TFAP2A,V5,0
TFAP2A,V6,-0.109842120017354
TFAP2A,V7,0
TFAP2A,V8,-0.157264078068232
TFAP2A,V9,0
TFAP2A,V10,0
TFAP2A,V11,0.0564518797932414
TFAP2A,V12,0.00389069448745734
TFAP2A,V13,0.106036968614623
TFAP2A,V14,0
TFAP2A,V15,0
TFAP2A,V16,0
TFAP2A,V17,0
TFAP2A,V18,-0.0767385633487086
TFAP2A,V19,-0.12816369668569
TFAP2A,V20,0
TFAP2A,V21,-0.06753079362416
TFAP2A,V22,0
TFAP2A,V23,0
TFAP2A,V24,0
TFAP2A,V25,0
TFAP2A,V26,0
TFAP2A,V27,0
TFAP2A,V28,-0.112369764375744
TFAP2A,V29,0.0843107130867908
TFAP2A,V30,0
TFAP2A,V31,0
TFAP2A,V32,0
TFAP2C,(Intercept),-4.0386530925085e-17
TFAP2C,V1,0
TFAP2C,V2,0
TFAP2C,V3,0
TFAP2C,V4,0
TFAP2C,V5,0
TFAP2C,V6,0
TFAP2C,V7,0
TFAP2C,V8,0
TFAP2C,V9,0
TFAP2C,V10,0
TFAP2C,V11,0
TFAP2C,V12,0
TFAP2C,V13,0
TFAP2C,V14,0
TFAP2C,V15,0
TFAP2C,V16,0
TFAP2C,V17,0
TFAP2C,V18,0
TFAP2C,V19,0
TFAP2C,V20,0
TFAP2C,V21,0
TFAP2C,V22,0
TFAP2C,V23,0
TFAP2C,V24,0
TFAP2C,V25,0
TFAP2C,V26,0
TFAP2C,V27,0
TFAP2C,V28,0
TFAP2C,V29,0
TFAP2C,V30,0
TFAP2C,V31,0
TFAP2C,V32,0
TFAP2E,(Intercept),0.0269668679730782
TFAP2E,V1,0
TFAP2E,V2,0
TFAP2E,V3,-0.0868314197538586
TFAP2E,V4,0.0660867874008387
TFAP2E,V5,0.111159898917523
TFAP2E,V6,0.0388336247665997
TFAP2E,V7,0
TFAP2E,V8,-0.142803484040416
TFAP2E,V9,0
TFAP2E,V10,-0.129001380901412
TFAP2E,V11,0
TFAP2E,V12,0.0707930310066265
TFAP2E,V13,0
TFAP2E,V14,-0.0230919340268219
TFAP2E,V15,0.0356657874297655
TFAP2E,V16,0
TFAP2E,V17,0.0292026963155955
TFAP2E,V18,0
TFAP2E,V19,0.125925698220784
TFAP2E,V20,0
TFAP2E,V21,-0.00328777588658078
TFAP2E,V22,0.0866590664135752
TFAP2E,V23,0
TFAP2E,V24,-0.109509190545507
TFAP2E,V25,-0.0157286279563851
TFAP2E,V26,-0.0713193750838448
TFAP2E,V27,0
TFAP2E,V28,0
TFAP2E,V29,0
TFAP2E,V30,0.106556874404643
TFAP2E,V31,0
TFAP2E,V32,0
TFCP2L1,(Intercept),0.0568079960797446
TFCP2L1,V1,0
TFCP2L1,V2,0
TFCP2L1,V3,-0.0208830474865002
TFCP2L1,V4,0.145716064580932
TFCP2L1,V5,0
TFCP2L1,V6,0
TFCP2L1,V7,0
TFCP2L1,V8,0
TFCP2L1,V9,0
TFCP2L1,V10,0
TFCP2L1,V11,0.12944173970837
TFCP2L1,V12,0
TFCP2L1,V13,0
TFCP2L1,V14,0
TFCP2L1,V15,-0.0452923193620968
TFCP2L1,V16,0
TFCP2L1,V17,0
TFCP2L1,V18,0
TFCP2L1,V19,0
TFCP2L1,V20,0
TFCP2L1,V21,0
TFCP2L1,V22,0
TFCP2L1,V23,0
TFCP2L1,V24,0
TFCP2L1,V25,0.0605686953686095
TFCP2L1,V26,0
TFCP2L1,V27,0
TFCP2L1,V28,0.125146845928228
TFCP2L1,V29,0
TFCP2L1,V30,0
TFCP2L1,V31,0
TFCP2L1,V32,0
TGIF1,(Intercept),1.23056946577105e-17
TGIF1,V1,0
TGIF1,V2,0
TGIF1,V3,0
TGIF1,V4,0
TGIF1,V5,0
TGIF1,V6,0
TGIF1,V7,0
TGIF1,V8,0
TGIF1,V9,0
TGIF1,V10,0
TGIF1,V11,0
TGIF1,V12,0
TGIF1,V13,0
TGIF1,V14,0
TGIF1,V15,0
TGIF1,V16,0
TGIF1,V17,0
TGIF1,V18,0
TGIF1,V19,0
TGIF1,V20,0
TGIF1,V21,0
TGIF1,V22,0
TGIF1,V23,0
TGIF1,V24,0
TGIF1,V25,0
TGIF1,V26,0
TGIF1,V27,0
TGIF1,V28,0
TGIF1,V29,0
TGIF1,V30,0
TGIF1,V31,0
TGIF1,V32,0
THRA,(Intercept),0.105308076433539
THRA,V1,0
THRA,V2,0
THRA,V3,0.426607756769514
THRA,V4,-0.111569533789879
THRA,V5,-0.104263307015348
THRA,V6,0
THRA,V7,-0.127865180232857
THRA,V8,-0.175003338207051
THRA,V9,0
THRA,V10,0
THRA,V11,-0.0854586535398553
THRA,V12,-0.0261892326912237
THRA,V13,0
THRA,V14,-0.324244517159962
THRA,V15,0
THRA,V16,0
THRA,V17,-0.032101204231885
THRA,V18,-0.0221955072123299
THRA,V19,0.0287912059447741
THRA,V20,0
THRA,V21,0.0596412833579019
THRA,V22,0.144802561236697
THRA,V23,0.0651163064676061
THRA,V24,-0.224532146023686
THRA,V25,0.00454904028016759
THRA,V26,0
THRA,V27,0
THRA,V28,0.030319996183342
THRA,V29,0.196826478318998
THRA,V30,0
THRA,V31,0.038561330426483
THRA,V32,0
TLX1,(Intercept),0.15233913772871
TLX1,V1,-0.0600122478519234
TLX1,V2,0
TLX1,V3,0.227823085485019
TLX1,V4,0
TLX1,V5,-0.0325363009668782
TLX1,V6,-0.0337678801913304
TLX1,V7,0
TLX1,V8,-0.266980434732139
TLX1,V9,-0.0614668161834444
TLX1,V10,0.0169027760071846
TLX1,V11,0
TLX1,V12,0
TLX1,V13,0
TLX1,V14,-0.165094735776194
TLX1,V15,0
TLX1,V16,0
TLX1,V17,0
TLX1,V18,-0.202214034968635
TLX1,V19,0.028198342106289
TLX1,V20,0.191362350163854
TLX1,V21,0
TLX1,V22,0
TLX1,V23,-0.00995925707261797
TLX1,V24,-0.0789187480503132
TLX1,V25,-0.02279877872998
TLX1,V26,0.000503770827004445
TLX1,V27,0
TLX1,V28,-0.0796042990563722
TLX1,V29,0.214057781157581
TLX1,V30,-0.0236690730100986
TLX1,V31,-0.0553298615439364
TLX1,V32,0.0381237541814748
TONSL,(Intercept),0.0567293775153678
TONSL,V1,0
TONSL,V2,0
TONSL,V3,0
TONSL,V4,0
TONSL,V5,0
TONSL,V6,-0.0333277009250394
TONSL,V7,-0.0600324959336568
TONSL,V8,0
TONSL,V9,0
TONSL,V10,0
TONSL,V11,0
TONSL,V12,0
TONSL,V13,0
TONSL,V14,0
TONSL,V15,0
TONSL,V16,0
TONSL,V17,0.0211373834468258
TONSL,V18,0
TONSL,V19,0
TONSL,V20,0
TONSL,V21,0
TONSL,V22,0
TONSL,V23,0.00441296946856546
TONSL,V24,0
TONSL,V25,0
TONSL,V26,0
TONSL,V27,0
TONSL,V28,0
TONSL,V29,0.05251544401602
TONSL,V30,0
TONSL,V31,0
TONSL,V32,0.0182319225672748
TOX,(Intercept),-0.0327194847007978
TOX,V1,0
TOX,V2,0
TOX,V3,-0.0522446378473414
TOX,V4,0.0519700484588846
TOX,V5,0
TOX,V6,0
TOX,V7,0
TOX,V8,0
TOX,V9,0
TOX,V10,0
TOX,V11,0
TOX,V12,-0.007580928016077
TOX,V13,0
TOX,V14,0
TOX,V15,0
TOX,V16,0
TOX,V17,0
TOX,V18,0.0652178547977213
TOX,V19,0
TOX,V20,0
TOX,V21,0.0186292029547574
TOX,V22,-0.0889855448812879
TOX,V23,0
TOX,V24,0.0985257658481728
TOX,V25,0
TOX,V26,0
TOX,V27,0
TOX,V28,0
TOX,V29,-0.0291153760529671
TOX,V30,0
TOX,V31,0
TOX,V32,-0.004708861748998
TP73,(Intercept),0.0429437205333135
TP73,V1,0
TP73,V2,0
TP73,V3,0
TP73,V4,0
TP73,V5,0
TP73,V6,-0.176677871879771
TP73,V7,0
TP73,V8,0
TP73,V9,0
TP73,V10,0
TP73,V11,0.0496424846885817
TP73,V12,0
TP73,V13,0
TP73,V14,0
TP73,V15,0
TP73,V16,0
TP73,V17,0
TP73,V18,0
TP73,V19,0
TP73,V20,0.00583833560648935
TP73,V21,0
TP73,V22,0
TP73,V23,0
TP73,V24,0
TP73,V25,0
TP73,V26,0
TP73,V27,0
TP73,V28,0
TP73,V29,0
TP73,V30,0
TP73,V31,0
TP73,V32,0
TRIM22,(Intercept),0.000373432839132894
TRIM22,V1,0
TRIM22,V2,0
TRIM22,V3,0
TRIM22,V4,0
TRIM22,V5,0
TRIM22,V6,0
TRIM22,V7,0
TRIM22,V8,0
TRIM22,V9,0.00275003758443235
TRIM22,V10,0
TRIM22,V11,0
TRIM22,V12,0
TRIM22,V13,0
TRIM22,V14,0
TRIM22,V15,0
TRIM22,V16,0
TRIM22,V17,0
TRIM22,V18,0
TRIM22,V19,0
TRIM22,V20,0
TRIM22,V21,0
TRIM22,V22,0
TRIM22,V23,0
TRIM22,V24,0
TRIM22,V25,0
TRIM22,V26,0
TRIM22,V27,0
TRIM22,V28,0
TRIM22,V29,0
TRIM22,V30,0
TRIM22,V31,0
TRIM22,V32,0
TRIM24,(Intercept),0.0380196715315248
TRIM24,V1,0
TRIM24,V2,0
TRIM24,V3,0.0509311268813954
TRIM24,V4,-0.019397983013305
TRIM24,V5,0
TRIM24,V6,0
TRIM24,V7,0
TRIM24,V8,0
TRIM24,V9,0
TRIM24,V10,0.0456293090417963
TRIM24,V11,0
TRIM24,V12,0
TRIM24,V13,0
TRIM24,V14,0
TRIM24,V15,0
TRIM24,V16,0.0913844707539921
TRIM24,V17,0
TRIM24,V18,-0.232136613884364
TRIM24,V19,0
TRIM24,V20,0
TRIM24,V21,0
TRIM24,V22,0
TRIM24,V23,0
TRIM24,V24,0
TRIM24,V25,0
TRIM24,V26,0
TRIM24,V27,0
TRIM24,V28,-0.0475837095189959
TRIM24,V29,0
TRIM24,V30,-0.0427436917216917
TRIM24,V31,-0.015048174453512
TRIM24,V32,0.101862757238901
TRIM28,(Intercept),-0.194300006209864
TRIM28,V1,0
TRIM28,V2,0
TRIM28,V3,0
TRIM28,V4,0
TRIM28,V5,0
TRIM28,V6,0
TRIM28,V7,0.0564530011986532
TRIM28,V8,0
TRIM28,V9,0
TRIM28,V10,0
TRIM28,V11,-0.0350516561078902
TRIM28,V12,-0.207843295935372
TRIM28,V13,0.0797930880418832
TRIM28,V14,0.0675287301154246
TRIM28,V15,0
TRIM28,V16,0
TRIM28,V17,0
TRIM28,V18,0.0274647454313363
TRIM28,V19,0.00277274429289679
TRIM28,V20,-0.124894573151511
TRIM28,V21,0
TRIM28,V22,0
TRIM28,V23,-0.0574919276402524
TRIM28,V24,0.131260569714818
TRIM28,V25,0.00621871522736904
TRIM28,V26,0
TRIM28,V27,0
TRIM28,V28,0
TRIM28,V29,-0.240277975727748
TRIM28,V30,0
TRIM28,V31,0.0342469699913006
TRIM28,V32,-0.0143823582387363
TSC22D1,(Intercept),-0.0277356911207444
TSC22D1,V1,0
TSC22D1,V2,0
TSC22D1,V3,0
TSC22D1,V4,0
TSC22D1,V5,0
TSC22D1,V6,0
TSC22D1,V7,0.00391156350293844
TSC22D1,V8,0
TSC22D1,V9,0
TSC22D1,V10,0
TSC22D1,V11,0
TSC22D1,V12,-0.100118092303646
TSC22D1,V13,0
TSC22D1,V14,0
TSC22D1,V15,0
TSC22D1,V16,0
TSC22D1,V17,0
TSC22D1,V18,0
TSC22D1,V19,0
TSC22D1,V20,0
TSC22D1,V21,0.00181961799075251
TSC22D1,V22,0
TSC22D1,V23,0
TSC22D1,V24,0
TSC22D1,V25,0
TSC22D1,V26,0
TSC22D1,V27,0
TSC22D1,V28,0.00484397241592417
TSC22D1,V29,0
TSC22D1,V30,0
TSC22D1,V31,0
TSC22D1,V32,0
TSHZ1,(Intercept),1.40200893429532e-17
TSHZ1,V1,0
TSHZ1,V2,0
TSHZ1,V3,0
TSHZ1,V4,0
TSHZ1,V5,0
TSHZ1,V6,0
TSHZ1,V7,0
TSHZ1,V8,0
TSHZ1,V9,0
TSHZ1,V10,0
TSHZ1,V11,0
TSHZ1,V12,0
TSHZ1,V13,0
TSHZ1,V14,0
TSHZ1,V15,0
TSHZ1,V16,0
TSHZ1,V17,0
TSHZ1,V18,0
TSHZ1,V19,0
TSHZ1,V20,0
TSHZ1,V21,0
TSHZ1,V22,0
TSHZ1,V23,0
TSHZ1,V24,0
TSHZ1,V25,0
TSHZ1,V26,0
TSHZ1,V27,0
TSHZ1,V28,0
TSHZ1,V29,0
TSHZ1,V30,0
TSHZ1,V31,0
TSHZ1,V32,0
TWIST2,(Intercept),-0.16632414157716
TWIST2,V1,-0.00497703221874556
TWIST2,V2,0
TWIST2,V3,0
TWIST2,V4,0.169136043437085
TWIST2,V5,-0.18649564072679
TWIST2,V6,0
TWIST2,V7,0.164561471837937
TWIST2,V8,0.00849036704961272
TWIST2,V9,-0.0166475606836951
TWIST2,V10,-0.0729768782283607
TWIST2,V11,-0.213113980007745
TWIST2,V12,-0.0703481501126918
TWIST2,V13,0
TWIST2,V14,0.0995845330117513
TWIST2,V15,-0.249277199313956
TWIST2,V16,0.234353718179532
TWIST2,V17,0
TWIST2,V18,0
TWIST2,V19,-0.16450832328364
TWIST2,V20,0
TWIST2,V21,0.19666105223621
TWIST2,V22,-0.172620619916178
TWIST2,V23,-0.27735145836722
TWIST2,V24,0.0369218151570403
TWIST2,V25,0
TWIST2,V26,-0.148872255411988
TWIST2,V27,0
TWIST2,V28,-0.0919369420100887
TWIST2,V29,0
TWIST2,V30,-0.0728580230949202
TWIST2,V31,0.178265679475007
TWIST2,V32,0
VENTX,(Intercept),0.000321931746280861
VENTX,V1,0
VENTX,V2,0
VENTX,V3,0
VENTX,V4,0
VENTX,V5,0
VENTX,V6,0
VENTX,V7,0
VENTX,V8,0
VENTX,V9,0
VENTX,V10,0
VENTX,V11,0
VENTX,V12,0
VENTX,V13,0
VENTX,V14,0
VENTX,V15,0
VENTX,V16,0
VENTX,V17,0
VENTX,V18,0
VENTX,V19,0
VENTX,V20,0
VENTX,V21,0
VENTX,V22,0
VENTX,V23,0
VENTX,V24,0
VENTX,V25,0
VENTX,V26,0
VENTX,V27,0
VENTX,V28,0
VENTX,V29,0
VENTX,V30,0
VENTX,V31,-0.00456620579927917
VENTX,V32,0
YAP1,(Intercept),-0.0474501679828318
YAP1,V1,0
YAP1,V2,0.110141190739039
YAP1,V3,-0.496505586937709
YAP1,V4,0.341189727389325
YAP1,V5,0.136210764158245
YAP1,V6,0
YAP1,V7,0.0880359857651947
YAP1,V8,0.0529954241394548
YAP1,V9,0.00581457109452181
YAP1,V10,0
YAP1,V11,0.0334730937287129
YAP1,V12,0
YAP1,V13,0.0621588619451015
YAP1,V14,0.182565397273101
YAP1,V15,-0.184248021962415
YAP1,V16,0
YAP1,V17,-0.0112115959651342
YAP1,V18,0.17290974303347
YAP1,V19,0
YAP1,V20,-0.0351016925729158
YAP1,V21,0
YAP1,V22,0
YAP1,V23,0
YAP1,V24,0.252570488687705
YAP1,V25,0.0709006291774026
YAP1,V26,-0.110635550033768
YAP1,V27,0.0416215521464456
YAP1,V28,-0.0151953395044233
YAP1,V29,-0.116357221151817
YAP1,V30,0.0674999441321076
YAP1,V31,0.146518129638212
YAP1,V32,0
YBX1,(Intercept),1.90413006542767e-17
YBX1,V1,0
YBX1,V2,0
YBX1,V3,0
YBX1,V4,0
YBX1,V5,0
YBX1,V6,0
YBX1,V7,0
YBX1,V8,0
YBX1,V9,0
YBX1,V10,0
YBX1,V11,0
YBX1,V12,0
YBX1,V13,0
YBX1,V14,0
YBX1,V15,0
YBX1,V16,0
YBX1,V17,0
YBX1,V18,0
YBX1,V19,0
YBX1,V20,0
YBX1,V21,0
YBX1,V22,0
YBX1,V23,0
YBX1,V24,0
YBX1,V25,0
YBX1,V26,0
YBX1,V27,0
YBX1,V28,0
YBX1,V29,0
YBX1,V30,0
YBX1,V31,0
YBX1,V32,0
YBX3,(Intercept),-3.71881345162528e-17
YBX3,V1,0
YBX3,V2,0
YBX3,V3,0
YBX3,V4,0
YBX3,V5,0
YBX3,V6,0
YBX3,V7,0
YBX3,V8,0
YBX3,V9,0
YBX3,V10,0
YBX3,V11,0
YBX3,V12,0
YBX3,V13,0
YBX3,V14,0
YBX3,V15,0
YBX3,V16,0
YBX3,V17,0
YBX3,V18,0
YBX3,V19,0
YBX3,V20,0
YBX3,V21,0
YBX3,V22,0
YBX3,V23,0
YBX3,V24,0
YBX3,V25,0
YBX3,V26,0
YBX3,V27,0
YBX3,V28,0
YBX3,V29,0
YBX3,V30,0
YBX3,V31,0
YBX3,V32,0
YWHAZ,(Intercept),0.11170043176495
YWHAZ,V1,-0.0343242707710319
YWHAZ,V2,-0.192895188889333
YWHAZ,V3,0.239907348286704
YWHAZ,V4,-0.0455609434776578
YWHAZ,V5,-0.0952774518154369
YWHAZ,V6,-0.0571228726013913
YWHAZ,V7,-0.295194369375612
YWHAZ,V8,-0.00609983481009032
YWHAZ,V9,-0.102804280421294
YWHAZ,V10,0
YWHAZ,V11,0
YWHAZ,V12,0.116587831553654
YWHAZ,V13,-0.0652239580702224
YWHAZ,V14,-0.280675183304399
YWHAZ,V15,-0.0234204645862844
YWHAZ,V16,0
YWHAZ,V17,-0.175827484763897
YWHAZ,V18,-0.0645709425411737
YWHAZ,V19,0.0861746192421164
YWHAZ,V20,-0.0562819627469047
YWHAZ,V21,0.292694781540587
YWHAZ,V22,-0.0411260368573624
YWHAZ,V23,0
YWHAZ,V24,-0.127685587600612
YWHAZ,V25,0.0121585162919998
YWHAZ,V26,0.126112872007223
YWHAZ,V27,-0.053147409504938
YWHAZ,V28,0
YWHAZ,V29,0.111277606327988
YWHAZ,V30,0.0373932532167519
YWHAZ,V31,0.0583544492574412
YWHAZ,V32,0
ZBTB7A,(Intercept),0.0786868326363774
ZBTB7A,V1,0
ZBTB7A,V2,-0.0240314292499227
ZBTB7A,V3,0
ZBTB7A,V4,-0.153006325570473
ZBTB7A,V5,0
ZBTB7A,V6,0.0956055825556021
ZBTB7A,V7,-0.0518606966829276
ZBTB7A,V8,-0.0826050649738242
ZBTB7A,V9,-0.0552645161527947
ZBTB7A,V10,-0.1072688536535
ZBTB7A,V11,0
ZBTB7A,V12,0.164851516659344
ZBTB7A,V13,0
ZBTB7A,V14,-0.0307771415499798
ZBTB7A,V15,0
ZBTB7A,V16,0
ZBTB7A,V17,0.0159822656119619
ZBTB7A,V18,0.117753178881522
ZBTB7A,V19,0
ZBTB7A,V20,0
ZBTB7A,V21,0
ZBTB7A,V22,0.0570828224464381
ZBTB7A,V23,0
ZBTB7A,V24,-0.00591922276774968
ZBTB7A,V25,0
ZBTB7A,V26,0
ZBTB7A,V27,-0.0253398901521644
ZBTB7A,V28,0.119760309996842
ZBTB7A,V29,0
ZBTB7A,V30,0.193629734030601
ZBTB7A,V31,0.0295502952516117
ZBTB7A,V32,0.0343973821414603
ZBTB10,(Intercept),-0.0707405316096919
ZBTB10,V1,0
ZBTB10,V2,0.043817884307167
ZBTB10,V3,-0.0778339705275084
ZBTB10,V4,0
ZBTB10,V5,0.166112152651075
ZBTB10,V6,-0.0716625550576323
ZBTB10,V7,0.0371863647195127
ZBTB10,V8,0.0388750170357148
ZBTB10,V9,0
ZBTB10,V10,0
ZBTB10,V11,0
ZBTB10,V12,0.0168217664481016
ZBTB10,V13,0
ZBTB10,V14,0
ZBTB10,V15,0
ZBTB10,V16,0
ZBTB10,V17,0
ZBTB10,V18,0.0274121407908839
ZBTB10,V19,0
ZBTB10,V20,0
ZBTB10,V21,0.0384667339348622
ZBTB10,V22,0
ZBTB10,V23,0
ZBTB10,V24,0
ZBTB10,V25,0
ZBTB10,V26,-0.0158109091509683
ZBTB10,V27,-0.00199461588436491
ZBTB10,V28,0
ZBTB10,V29,-0.106071409733207
ZBTB10,V30,0.0993148263671083
ZBTB10,V31,0.0569992860812882
ZBTB10,V32,-0.0940665265080577
ZBTB18,(Intercept),-2.34526482435771e-17
ZBTB18,V1,0
ZBTB18,V2,0
ZBTB18,V3,0
ZBTB18,V4,0
ZBTB18,V5,0
ZBTB18,V6,0
ZBTB18,V7,0
ZBTB18,V8,0
ZBTB18,V9,0
ZBTB18,V10,0
ZBTB18,V11,0
ZBTB18,V12,0
ZBTB18,V13,0
ZBTB18,V14,0
ZBTB18,V15,0
ZBTB18,V16,0
ZBTB18,V17,0
ZBTB18,V18,0
ZBTB18,V19,0
ZBTB18,V20,0
ZBTB18,V21,0
ZBTB18,V22,0
ZBTB18,V23,0
ZBTB18,V24,0
ZBTB18,V25,0
ZBTB18,V26,0
ZBTB18,V27,0
ZBTB18,V28,0
ZBTB18,V29,0
ZBTB18,V30,0
ZBTB18,V31,0
ZBTB18,V32,0
ZBTB37,(Intercept),0.0881224890574756
ZBTB37,V1,0
ZBTB37,V2,0
ZBTB37,V3,0
ZBTB37,V4,0
ZBTB37,V5,0
ZBTB37,V6,0
ZBTB37,V7,0
ZBTB37,V8,-0.0987664668866278
ZBTB37,V9,0
ZBTB37,V10,0
ZBTB37,V11,0
ZBTB37,V12,0
ZBTB37,V13,0
ZBTB37,V14,0
ZBTB37,V15,0
ZBTB37,V16,0
ZBTB37,V17,0
ZBTB37,V18,0
ZBTB37,V19,0
ZBTB37,V20,0.0219002252120105
ZBTB37,V21,0
ZBTB37,V22,0
ZBTB37,V23,0
ZBTB37,V24,0
ZBTB37,V25,0
ZBTB37,V26,0.000444952132438597
ZBTB37,V27,0
ZBTB37,V28,0
ZBTB37,V29,0.15519762098782
ZBTB37,V30,-0.0346662022074083
ZBTB37,V31,-0.00489191835957201
ZBTB37,V32,0
ZBTB42,(Intercept),0.0404280407101516
ZBTB42,V1,0
ZBTB42,V2,-0.057368757516108
ZBTB42,V3,0
ZBTB42,V4,-0.134021616630529
ZBTB42,V5,0
ZBTB42,V6,0
ZBTB42,V7,0
ZBTB42,V8,-0.143547318738833
ZBTB42,V9,0
ZBTB42,V10,0
ZBTB42,V11,0
ZBTB42,V12,0
ZBTB42,V13,0
ZBTB42,V14,-0.0161978355208637
ZBTB42,V15,0.0730654705361985
ZBTB42,V16,0
ZBTB42,V17,0.0281571036001755
ZBTB42,V18,0.0683535755095486
ZBTB42,V19,0.012175108096681
ZBTB42,V20,0
ZBTB42,V21,0.00886874204753571
ZBTB42,V22,0.0213956004350235
ZBTB42,V23,0.0122440451231266
ZBTB42,V24,0
ZBTB42,V25,-0.026963998397559
ZBTB42,V26,0
ZBTB42,V27,0
ZBTB42,V28,0.116490290283024
ZBTB42,V29,0
ZBTB42,V30,0.109381380047736
ZBTB42,V31,0
ZBTB42,V32,0.0292924872578984
ZEB2,(Intercept),-0.0278767548953089
ZEB2,V1,-0.0604005347646709
ZEB2,V2,0
ZEB2,V3,0.246858470227073
ZEB2,V4,-0.0116003327414775
ZEB2,V5,-0.153900209640634
ZEB2,V6,0
ZEB2,V7,-0.197563268510367
ZEB2,V8,-0.0780806241978482
ZEB2,V9,-0.128369902943883
ZEB2,V10,0.193373702940374
ZEB2,V11,0
ZEB2,V12,-0.181879565825589
ZEB2,V13,0.0373139503301275
ZEB2,V14,-0.129043888740613
ZEB2,V15,-0.219968173777574
ZEB2,V16,0
ZEB2,V17,-0.179856995576827
ZEB2,V18,-0.0846127785083414
ZEB2,V19,0
ZEB2,V20,0
ZEB2,V21,0.210617980933486
ZEB2,V22,-0.0203026170853606
ZEB2,V23,-0.214202792366416
ZEB2,V24,0
ZEB2,V25,-0.128585952428808
ZEB2,V26,0
ZEB2,V27,-0.168081335129867
ZEB2,V28,-0.153942505081938
ZEB2,V29,0
ZEB2,V30,-0.199857280345415
ZEB2,V31,0.075410759079076
ZEB2,V32,0
ZFP36L2,(Intercept),-0.013284830993119
ZFP36L2,V1,0
ZFP36L2,V2,0
ZFP36L2,V3,-0.0328009474202715
ZFP36L2,V4,0.183310584454286
ZFP36L2,V5,0.0450295852072219
ZFP36L2,V6,0
ZFP36L2,V7,0.0434898473082468
ZFP36L2,V8,0
ZFP36L2,V9,0
ZFP36L2,V10,-0.0140345037900321
ZFP36L2,V11,0.034244682656754
ZFP36L2,V12,0
ZFP36L2,V13,0.0914357628608695
ZFP36L2,V14,0
ZFP36L2,V15,-0.0986210584312397
ZFP36L2,V16,0
ZFP36L2,V17,0
ZFP36L2,V18,0
ZFP36L2,V19,0
ZFP36L2,V20,-0.139683061483162
ZFP36L2,V21,0
ZFP36L2,V22,0
ZFP36L2,V23,-0.163713555841812
ZFP36L2,V24,0.0299741023108099
ZFP36L2,V25,0
ZFP36L2,V26,-0.0229812693843338
ZFP36L2,V27,0
ZFP36L2,V28,0
ZFP36L2,V29,0
ZFP36L2,V30,0
ZFP36L2,V31,0
ZFP36L2,V32,0
ZFPM2,(Intercept),-0.00711470283622865
ZFPM2,V1,-0.13723382038966
ZFPM2,V2,-0.045371753182453
ZFPM2,V3,0.132088813112887
ZFPM2,V4,-0.150386155193534
ZFPM2,V5,-0.104629866034853
ZFPM2,V6,-0.00692473128889801
ZFPM2,V7,0
ZFPM2,V8,-0.128168599663949
ZFPM2,V9,0
ZFPM2,V10,0
ZFPM2,V11,-0.0703069257181123
ZFPM2,V12,0
ZFPM2,V13,0
ZFPM2,V14,-0.198056884672479
ZFPM2,V15,-0.0183006139125948
ZFPM2,V16,0
ZFPM2,V17,0
ZFPM2,V18,-0.125469762150091
ZFPM2,V19,0
ZFPM2,V20,0
ZFPM2,V21,0
ZFPM2,V22,0
ZFPM2,V23,-0.0207136899266669
ZFPM2,V24,0
ZFPM2,V25,0
ZFPM2,V26,0.0242911764315408
ZFPM2,V27,0
ZFPM2,V28,0
ZFPM2,V29,0
ZFPM2,V30,-0.0784532994609341
ZFPM2,V31,0
ZFPM2,V32,0
ZIC2,(Intercept),0.0173428502236445
ZIC2,V1,0
ZIC2,V2,-0.026612293051441
ZIC2,V3,0
ZIC2,V4,0
ZIC2,V5,0
ZIC2,V6,0
ZIC2,V7,0
ZIC2,V8,-0.0403642436664527
ZIC2,V9,0
ZIC2,V10,0
ZIC2,V11,0
ZIC2,V12,0
ZIC2,V13,-0.08487744016017
ZIC2,V14,0
ZIC2,V15,0
ZIC2,V16,0
ZIC2,V17,0
ZIC2,V18,-0.0997471926680993
ZIC2,V19,0
ZIC2,V20,0
ZIC2,V21,-0.0336632187553202
ZIC2,V22,0
ZIC2,V23,0
ZIC2,V24,-0.121841451524898
ZIC2,V25,0
ZIC2,V26,0
ZIC2,V27,0
ZIC2,V28,0
ZIC2,V29,0
ZIC2,V30,-0.0220383192818576
ZIC2,V31,0
ZIC2,V32,0
ZNF136,(Intercept),0.147131185932317
ZNF136,V1,-0.0458011625971112
ZNF136,V2,0.108784700016517
ZNF136,V3,0.00682004045278504
ZNF136,V4,0
ZNF136,V5,0.176092710843231
ZNF136,V6,-0.116484952294266
ZNF136,V7,-0.129069774285775
ZNF136,V8,-0.182318809037664
ZNF136,V9,0
ZNF136,V10,0
ZNF136,V11,0.11494450864546
ZNF136,V12,0.245898727162923
ZNF136,V13,0
ZNF136,V14,-0.217347123464929
ZNF136,V15,0.197563216724316
ZNF136,V16,-0.105809584571753
ZNF136,V17,0
ZNF136,V18,-0.231565429437706
ZNF136,V19,0.0206482016223055
ZNF136,V20,0.0479249247679827
ZNF136,V21,0
ZNF136,V22,0
ZNF136,V23,0
ZNF136,V24,-0.150038318439958
ZNF136,V25,-0.0401754483878664
ZNF136,V26,0.179696268887946
ZNF136,V27,0
ZNF136,V28,-0.0637453974158605
ZNF136,V29,0.1418312176963
ZNF136,V30,0.01667724717386
ZNF136,V31,-0.0838175377722685
ZNF136,V32,0.074237545908942
ZNF286B,(Intercept),0.00932194414616909
ZNF286B,V1,0
ZNF286B,V2,0
ZNF286B,V3,0.12315028400478
ZNF286B,V4,0
ZNF286B,V5,0
ZNF286B,V6,0.0232427527044807
ZNF286B,V7,0
ZNF286B,V8,0
ZNF286B,V9,0
ZNF286B,V10,-0.0858093211296754
ZNF286B,V11,0
ZNF286B,V12,0.0495623714916961
ZNF286B,V13,0
ZNF286B,V14,0
ZNF286B,V15,0.145790312747494
ZNF286B,V16,-0.0456512341564512
ZNF286B,V17,0.0808252854253478
ZNF286B,V18,0.2143924797295
ZNF286B,V19,0.170363629371192
ZNF286B,V20,-0.0480771328148759
ZNF286B,V21,0
ZNF286B,V22,0.0164284543287166
ZNF286B,V23,0
ZNF286B,V24,0.0131939521477975
ZNF286B,V25,0
ZNF286B,V26,0
ZNF286B,V27,-0.145013643160548
ZNF286B,V28,0.108279878393059
ZNF286B,V29,0.00697291247488825
ZNF286B,V30,0.0714603910778384
ZNF286B,V31,0
ZNF286B,V32,0.0615549604447297
ZNF296,(Intercept),0.0298425183465434
ZNF296,V1,0.144406420992993
ZNF296,V2,0.0818318276383301
ZNF296,V3,-0.390134723443366
ZNF296,V4,0.758696282089007
ZNF296,V5,0.290471736179806
ZNF296,V6,-0.2243768346035
ZNF296,V7,-0.0118136610443605
ZNF296,V8,0.146030746323981
ZNF296,V9,0.254214414126419
ZNF296,V10,0.229612925008012
ZNF296,V11,0.204849028537509
ZNF296,V12,-0.117563175918972
ZNF296,V13,0.119846998686617
ZNF296,V14,0.318344236291365
ZNF296,V15,-0.0184517172278355
ZNF296,V16,-0.134166585291604
ZNF296,V17,-0.313077311064863
ZNF296,V18,0.180163565110236
ZNF296,V19,0
ZNF296,V20,0.0978345380995121
ZNF296,V21,0.0183595467133715
ZNF296,V22,-0.130736950949961
ZNF296,V23,-0.0782058693899293
ZNF296,V24,0.166099231193009
ZNF296,V25,0.180149922539335
ZNF296,V26,-0.0210997360446459
ZNF296,V27,0.289328942656549
ZNF296,V28,-0.228695352455598
ZNF296,V29,0.131197208106313
ZNF296,V30,-0.0540546932914057
ZNF296,V31,0.126434650508003
ZNF296,V32,0.0987736139895853
ZNF618,(Intercept),-0.133929526388823
ZNF618,V1,0
ZNF618,V2,0.00414707394026141
ZNF618,V3,-0.403936579737681
ZNF618,V4,0.33356196772055
ZNF618,V5,0.193715124913056
ZNF618,V6,-0.00455814470148773
ZNF618,V7,0
ZNF618,V8,0.129940276864107
ZNF618,V9,0.108302407120081
ZNF618,V10,0.121250611711696
ZNF618,V11,0.0410576158691367
ZNF618,V12,-0.0333410292684561
ZNF618,V13,0
ZNF618,V14,0.0901307303018921
ZNF618,V15,-0.0547934470232761
ZNF618,V16,0
ZNF618,V17,0
ZNF618,V18,0
ZNF618,V19,0
ZNF618,V20,-0.179657212514795
ZNF618,V21,0
ZNF618,V22,-0.0713147488561757
ZNF618,V23,0.0511191894455923
ZNF618,V24,0.217361817334845
ZNF618,V25,0.0266371138486521
ZNF618,V26,-0.0771854658401737
ZNF618,V27,0.0463457588351613
ZNF618,V28,0
ZNF618,V29,-0.204987846407496
ZNF618,V30,-0.258343445283801
ZNF618,V31,0.0823291654321676
ZNF618,V32,-0.154092674700452
ZNF777,(Intercept),0.00361034857745925
ZNF777,V1,-0.0182918942517874
ZNF777,V2,0
ZNF777,V3,0
ZNF777,V4,0
ZNF777,V5,0
ZNF777,V6,0
ZNF777,V7,0
ZNF777,V8,0
ZNF777,V9,0
ZNF777,V10,0
ZNF777,V11,0
ZNF777,V12,0
ZNF777,V13,0
ZNF777,V14,0
ZNF777,V15,0
ZNF777,V16,0
ZNF777,V17,0
ZNF777,V18,0
ZNF777,V19,0
ZNF777,V20,0
ZNF777,V21,-0.0221986738028717
ZNF777,V22,0
ZNF777,V23,0
ZNF777,V24,0
ZNF777,V25,0
ZNF777,V26,0
ZNF777,V27,0
ZNF777,V28,0
ZNF777,V29,0
ZNF777,V30,0
ZNF777,V31,0
ZNF777,V32,0
ZNF827,(Intercept),0.0649970306127526
ZNF827,V1,-0.0249387342839117
ZNF827,V2,0
ZNF827,V3,-0.0611237759426104
ZNF827,V4,0
ZNF827,V5,0.076087081388738
ZNF827,V6,-0.191991753798652
ZNF827,V7,0
ZNF827,V8,0
ZNF827,V9,0.134026576620916
ZNF827,V10,0.331047883652464
ZNF827,V11,0.212559682715577
ZNF827,V12,0.0061882853599587
ZNF827,V13,0
ZNF827,V14,0.0336661413192154
ZNF827,V15,0.0888793451311487
ZNF827,V16,-0.100082780538574
ZNF827,V17,-0.177630395502018
ZNF827,V18,0
ZNF827,V19,-0.24408691215825
ZNF827,V20,0
ZNF827,V21,0
ZNF827,V22,-0.0577350594354192
ZNF827,V23,-0.00481938013777232
ZNF827,V24,0
ZNF827,V25,0
ZNF827,V26,0.0785860426507976
ZNF827,V27,0
ZNF827,V28,-0.0712260454232181
ZNF827,V29,0
ZNF827,V30,0
ZNF827,V31,-0.0845737174101608
ZNF827,V32,0
